base_value,planned_duration,creation_to_planned_start,created_dow,created_is_weekend,created_is_friday,created_month,created_quarter,is_planned,risk_mapping,is_cross_dept,cross_dept_pair_exists,status_encoded,approval_status_encoded,lead_approval_status_encoded,ma_status_encoded,ma_approval_status_encoded,num_ma_revisions,kpi_is_overdue_flag,kpi_status_ordinal,num_kpi_revisions,num_revisions,revision_frequency,revision_recency,num_subtasks,has_subtasks,subtask_completion_pct,subtask_overdue_rate,task_comment_count,avg_sub_status_changes
0.3902139443505937,0.8892671723576895,2.5392182207623426,1.0056376499898327,0.024994245037011007,-0.009274448972930378,-3.2856424555643526,-0.5724502793219275,-0.20302574233423173,0.07439899177732187,0.0011906155887899668,0.0005610251055662816,0.21981784815393704,-0.0060344993035621845,0.0,0.00846972728296032,-0.14925612821663525,-0.017093089386366604,-0.0011045375090995772,0.014441228972003796,0.02754474582951368,0.0,0.0,-0.026775801099034022,0.0,0.0,0.0,0.0,0.0,0.0
0.3902139443505937,-0.1190394144795182,-1.4121867882548522,0.2535542983161902,0.004188094537595604,-0.014148116913736523,-0.3990455065100223,-0.17142282847168547,-0.006445858725792292,0.03677626040749381,0.0006971507563882222,0.001701481257679781,0.22016435523336175,-0.016318322815923957,0.0,0.02248111724335876,0.06029008579322561,0.35456581408198107,-0.0010612026942293084,-0.03298318387203326,-0.9202458186925226,0.0,0.0,0.29321208211831895,0.0,0.0,0.0,0.0,0.0,0.0
0.3902139443505937,-0.35203747243285394,-1.8720797288138133,-0.5775936411139279,0.01281895005835608,-0.08778297211412188,-0.7643722740922451,-0.29053251568421873,-0.09766910263820974,0.017724729109431427,0.008127952885430416,0.0014114550982584728,0.2148927000117405,-0.010150607046739889,0.0,0.0170977708991854,-0.1785182725051162,-0.042956392209847934,-0.0028714333858803984,-0.20197643434102894,-0.45299387524542134,0.0,0.0,0.8744683156307925,0.0,0.0,0.0,0.0,0.0,0.0
0.3902139443505937,-0.2352447347274209,-1.1592210201947624,-0.011115038501016283,0.00445467192072964,-0.002256684708630277,-0.4341908756268817,-0.17427195314805016,0.04049501127952267,-0.022760995728004354,0.007099066021154093,0.001337901675581398,0.24099210201714033,-0.016075374049436167,0.0,0.01098574901211597,-0.05609077085342144,0.1736489924689638,-0.0011167457525088297,-0.006033139890374599,-0.10107816577941361,0.0,0.0,1.0179958019410515,0.0,0.0,0.0,0.0,0.0,0.0
0.3902139443505937,0.37235843465796226,0.5422000704840644,-0.24430558984077316,0.00803500153250836,-0.05096329316650488,-3.0454217035026674,-0.8523852766046056,-0.24023235283293456,0.08395793425138061,0.0004261266034655864,0.00023436593928141737,0.21185327549016736,-0.007911557811208381,0.0,0.012730955569814713,-0.08566625996031514,0.03149815008526292,-0.0008643266631692982,0.02226837735128141,0.14747814659676214,0.0,0.0,0.006370693922062613,0.0,0.0,0.0,0.0,0.0,0.0
0.3902139443505937,-1.9647968323892377,0.28847632815106133,-0.9424551788026521,-0.22875846641225664,-0.031736343311599975,-1.2886541631087614,-0.38629699165295717,0.029951658878129242,-0.5238848853848816,-0.004023911057297809,-0.001696521514360316,0.2004310927192604,-0.011899132323167244,0.0,-0.018604352360894263,0.2015656928313479,-0.25298686956039373,-0.0038281860459632474,-0.1252702971932676,0.3081725112888836,0.0,0.0,-0.42125302701612455,0.0,0.0,0.0,0.0,0.0,0.0
0.3902139443505937,-0.15816885811967885,3.8880903938321847,-0.39275534259705397,0.014962078734392857,-0.2414425348194593,1.4443679892533339,0.29559042925778733,-0.042796334140930245,0.1113746782589072,0.0018445826419851317,0.0009875667513435387,0.24203288935990533,-0.007610740414633786,0.0,0.0075181327523529936,0.10913864685125202,0.06279504640936334,-0.0014725707142434572,0.024785410979164414,0.09071944486406898,0.0,0.0,0.04378576211171635,0.0,0.0,0.0,0.0,0.0,0.0
0.3902139443505937,-0.08924041697024201,-1.5666037986941164,0.052278607292627656,0.0029516886856321874,0.00046187905589618525,-0.5488160101750585,-0.2013929997171588,-0.008445462254099988,-0.06617539067249553,-0.0012549778408204933,0.000837629455124419,0.2202711380100121,-0.016498629151851203,0.0,0.0030780632088336928,-0.28285624606163007,0.08944579530068426,-0.001311442088724143,0.03514075141126781,0.04264655833023335,0.0,0.0,-1.0785484640457532,0.0,0.0,0.0,0.0,0.0,0.0
0.3902139443505937,-0.5209889455473337,4.452779501497609,0.40051552922902595,0.05588812270354057,-0.04457173010779693,-0.2709197643556722,-0.6060680085931536,-0.11680277466213712,0.10657172516981953,0.00025389768295815617,0.00041690116835974727,0.23975043558817788,-0.008470141802307884,0.0,0.01108370750320848,-0.15640468152049541,0.05992489433491637,-0.000874620850367162,0.020690150297051218,0.16470466366827682,0.0,0.0,0.2868135136965008,0.0,0.0,0.0,0.0,0.0,0.0
0.3902139443505937,-0.2933809650382755,-1.1227921303261645,0.19936937099663868,0.005330632179849095,-0.007311212016145763,-0.40799580261059676,-0.1771142688995355,-0.0404151263415183,0.03160892382051866,-0.002014655384978392,0.0008673571729921642,0.23746972492922433,-0.014915951629609561,0.0,0.010702855669465662,-0.1526596700768473,-0.2429088722970702,-0.001073213206089636,-0.2182435639264401,-0.32665553786942103,0.0,0.0,0.6396230702458738,0.0,0.0,0.0,0.0,0.0,0.0
0.3902139443505937,1.4130082783272964,-2.176015382470011,0.31324353450716846,-0.005023793233034819,0.06429205530805517,0.7168726060403092,0.15792063653806349,0.0032764236785900926,0.10074150896547159,0.0048738344557361,0.002141554094297881,0.28015898512203646,-0.012826797051303953,0.0,-0.000479009106745207,-0.309702375927362,-0.0012124023225705642,-0.0012609260436469262,0.015640443288315813,0.07793116803514173,0.0,0.0,0.023012894081129665,0.0,0.0,0.0,0.0,0.0,0.0
0.3902139443505937,-0.7502950006339437,-0.7234472147900436,-0.3590983714649069,0.006390271880041148,-0.021435828208853036,-0.3341573751838219,-0.14381858228479255,0.1464868810236012,-0.028555486727429198,-0.00835710433019215,-0.0022666000072369724,0.2171615844060953,-0.015555556949478484,0.0,0.002079781493878949,0.19684063831590062,0.050735702491260644,-0.0014412782439065363,0.13937729165037263,-0.250438777468058,0.0,0.0,0.23292595942802882,0.0,0.0,0.0,0.0,0.0,0.0
0.3902139443505937,-0.2559250609573997,-1.0349645967716532,0.26604461717037586,0.004991438166502116,-0.08818072749735376,-1.0123153634365163,-0.21218575293872297,-0.13639388950387385,-0.4426013762141645,0.0045571322804643394,0.0008834818620249524,0.24030465290685635,-0.009837161411221132,0.0,0.03374873234384005,0.17461824868133355,-0.20421468225268802,-0.004259657259780903,-0.057254465869222074,-0.8083768517184932,0.0,0.0,0.15411582884498487,0.0,0.0,0.0,0.0,0.0,0.0
0.3902139443505937,0.01079659908639556,-1.2378051181687355,0.562716415985051,4.495783133157738e-05,0.0467868091120102,0.3536337600557189,0.14096917578350274,-0.006858556926649236,-0.5532273547537906,0.003391616545711757,0.001263456934035793,0.40078017048128894,-0.007183510746492585,0.0,0.4391309478790642,0.26861742137418776,0.15214011276393433,-0.018363510099513175,0.06817339949940737,0.3044493630767475,0.0,0.0,0.42975858354874763,0.0,0.0,0.0,0.0,0.0,0.0
0.3902139443505937,0.11487095949268324,-1.8292421541337545,-0.05364806401202223,0.005283143453628911,-0.024748881580647787,0.14115620066612403,0.1146269282137701,0.0077148845315907185,0.1159392003253748,0.005783052947684041,0.0020084210657430003,0.2583054870398432,-0.007126185772720721,0.0,0.0038387068007306817,-0.15390848406644916,-0.004858182450718023,-0.001365119690796962,0.025014922953852638,0.05211695410594153,0.0,0.0,0.06349239897767812,0.0,0.0,0.0,0.0,0.0,0.0
0.3902139443505937,0.4566664433933,3.6257532722135974,0.6490604201698429,0.03138878974085054,0.021930676846293913,0.0771081313159154,-0.2287221730559282,1.0644356084015807,-0.4194186241939015,0.0017141529440390679,0.0006219803175973184,0.27398841626876574,-0.01092971334984443,0.0,0.007717538639470533,0.3657128686937338,-0.0016750040917182045,-0.0039291857332307495,0.13708701106936275,0.3015779203042869,0.0,0.0,0.12092795390833773,0.0,0.0,0.0,0.0,0.0,0.0
0.3902139443505937,-0.3697827183879859,4.315352481463233,-0.19226558873508992,0.008897590493372697,0.015029143748900915,1.9601880017958446,0.43642789584833236,-0.03122049875247743,0.1297159604134726,0.0012358721203352611,0.0006219469553285821,0.25018470698641504,-0.007290616512127691,0.0,0.017960612867190067,-0.04221599692867393,0.04687425090536691,-0.0019310771421621553,0.025271931238675955,0.08457940512875102,0.0,0.0,0.06918518218506267,0.0,0.0,0.0,0.0,0.0,0.0
0.3902139443505937,-1.2099631032427127,-1.4824979544443906,-0.09543367255849995,0.0014874474579700348,-0.010056531510288267,-0.9826536056909817,-0.18418698101510167,-0.15536585129556718,-0.40283196686587097,-0.0022269117627845432,-0.0007138501050228904,0.21989102558142481,-0.010853469142904594,0.0,0.017489684446943283,-0.012483005403679838,-0.49148605086633784,-0.004353982382135823,-0.020293370418955847,-0.011036975941252433,0.0,0.0,-0.577808345793319,0.0,0.0,0.0,0.0,0.0,0.0
0.3902139443505937,1.494767003341752,-0.6156456193172014,-0.009037814354652594,-0.009322457701250208,0.01381865127838134,0.6656769525611104,0.16036835041018102,-0.002089294448521234,0.14091332807385137,0.007707322120945289,0.002181922355160083,0.2793164554612261,-0.005777480569672137,0.0,0.006420962417682482,0.0557360771442092,0.033588978686549725,-0.0016210838933592869,0.0135319403214418,0.0724947159809436,0.0,0.0,0.08277189700977888,0.0,0.0,0.0,0.0,0.0,0.0
0.3902139443505937,-0.5250832845820849,-1.4206550359921961,-0.06903186908942022,0.005747701891455964,0.052340707209158115,-0.4844574046904329,-0.19165612447403566,0.085522953400951,-0.046590883517767995,-0.00714501687589929,-0.0026343975951970845,0.2149165786148854,-0.016849526741685515,0.0,0.006013195772121269,-0.0825497794268502,-0.02563369152590671,-0.0012352173684120392,0.17957647278959582,0.24683148882330386,0.0,0.0,-0.08346396797369703,0.0,0.0,0.0,0.0,0.0,0.0
0.3902139443505937,-0.2897252319150026,-0.8333960301522662,0.10384347874864207,-0.0018513101317438176,-0.0008524941480096012,-0.8032138955129849,-0.19261779639472126,-0.021032527306493666,0.13668236582777765,0.002753285893652046,0.00068658477494411,0.24091952152502297,-0.01720037653793434,0.0,0.01960868234419337,-0.1376045723680945,0.08309165765783376,-0.0014297966896192466,0.011526551497994251,0.2015377084565117,0.0,0.0,-0.05603504255494172,0.0,0.0,0.0,0.0,0.0,0.0
0.3902139443505937,0.08435727005829949,2.0778613138359314,0.22092690200507636,0.021547370179407818,-0.0020310062372932165,-2.823736880763307,-0.5893109173018676,-0.20955600716125353,0.08377368028188478,0.0003925284587429739,0.00033682165632562536,0.2158273610628796,-0.008968410889952821,0.0,0.013255696944493628,-0.25414488705842153,0.03377441765865463,-0.0008643266631692982,0.011530642648300022,0.1161036690089389,0.0,0.0,-0.05335533805174498,0.0,0.0,0.0,0.0,0.0,0.0
0.3902139443505937,0.06619385962037751,-1.158208843179379,-0.7481889418575728,0.010580516511523698,0.017224737379109515,-0.6473681329554719,-0.21471868161938815,0.19838384433175876,-0.3457939164414506,0.003883124826867403,0.0013099134832681323,0.2406684467103029,-0.007925237804256932,0.0,0.024468517154846898,0.15317228925940185,-0.370323943753571,-0.006061627089473083,-0.09745411916779859,-0.10367166475503505,0.0,0.0,-0.12716597105844024,0.0,0.0,0.0,0.0,0.0,0.0
0.3902139443505937,-0.21229280844972254,1.2458567719955231,0.01187477058313255,0.011077972589510909,-0.04957315056041007,-3.3002770208638452,-1.1262869661444985,-0.2315276674859194,0.09941377033588479,0.00015268405212169806,0.00014679148018841137,0.2100318455833896,-0.0070764722463388646,0.0,0.01483859474473148,-0.17741270310163765,0.06411257564448336,-0.0008735800182873485,0.025307353102314523,0.14247691502671822,0.0,0.0,0.03845737445121629,0.0,0.0,0.0,0.0,0.0,0.0
0.3902139443505937,-0.521228563035105,-1.4414515356113058,0.019919707383656813,0.0054836076080684104,-0.0020422734414551366,-0.4406468982707132,-0.16076277282034088,0.022634136287994662,-0.058029912551753174,-0.004081029444318342,-0.0018689334242232565,0.22218634649831684,-0.017927389026331328,0.0,0.006257287313376391,0.03205306546586654,-0.07850446282108962,-0.0012049496155850349,-0.3138341206950865,0.05347576981120395,0.0,0.0,-0.8163936464055677,0.0,0.0,0.0,0.0,0.0,0.0
0.3902139443505937,-0.9018325515554665,-1.1567172015659306,-0.508057242235659,0.0014740594471840441,-0.1665316849745911,0.6279560549525041,0.14530210421134093,-0.010681830649136735,0.07515320316614507,0.003625136000421401,0.0016939852721262643,0.24347838673974193,-0.015529442211449905,0.0,0.012285004066498632,-0.06537520998068427,0.025171781788488418,-0.0011881264666336337,0.030260834229448284,0.1418487947166385,0.0,0.0,0.03364372370514565,0.0,0.0,0.0,0.0,0.0,0.0
0.3902139443505937,-0.9018325515554665,-1.1567172015659306,-0.508057242235659,0.0014740594471840441,-0.1665316849745911,0.6279560549525041,0.14530210421134093,-0.010681830649136735,0.07515320316614507,0.003625136000421401,0.0016939852721262643,0.24347838673974193,-0.015529442211449905,0.0,0.012285004066498632,-0.06537520998068427,0.025171781788488418,-0.0011881264666336337,0.030260834229448284,0.1418487947166385,0.0,0.0,0.03364372370514565,0.0,0.0,0.0,0.0,0.0,0.0
0.3902139443505937,-0.8778551375858624,-1.1897412003377685,-0.5081953334367478,0.0006982663181390869,-0.18044891076687283,0.6218013644362123,0.12040473272965659,-0.013055506973198079,0.1311950500141783,0.003760346546403274,0.0017019091365756583,0.24574961184630817,-0.011573082730604927,0.0,0.006591766666992414,0.11942164570347558,0.027167408171304225,-0.0013983222094299634,0.026680359311924508,0.1378774657379177,0.0,0.0,0.004588195112818374,0.0,0.0,0.0,0.0,0.0,0.0
0.3902139443505937,0.8783133253112964,-1.2524951655777707,0.23069954315280047,0.009683906247899181,0.0012993703930071344,-0.25525066994902845,-0.18041023474066256,0.029643914522942023,0.054239465380826364,0.010820912749957364,0.008275227206470828,0.262180567545636,-0.008811876436300823,0.0,0.015180508128097457,-0.11309834559420692,0.27569493376517923,-0.0017880084355315993,0.012905039830260909,0.06857073302298228,0.0,0.0,1.5882555120156676,0.0,0.0,0.0,0.0,0.0,0.0
0.3902139443505937,-0.7676683180960501,-0.9177644690407032,-0.5078334276979525,0.0033796296800507326,-0.031042377010009607,-0.6720997964532642,-0.19632084660024068,0.1769430705573294,-0.209878883074737,0.0007156386346628322,-0.0007455076928915073,0.2141467277131325,-0.012163861020664376,0.0,0.0033127598272987774,0.17426718405773076,-0.02636463314914953,-0.004753443872029828,0.05570176591645111,-0.39309230285171376,0.0,0.0,-1.046449259855905,0.0,0.0,0.0,0.0,0.0,0.0
0.3902139443505937,0.7470784470775842,-1.2270188389869312,0.4204195612678908,0.010258643796148093,0.0033734863026893963,-0.24339964859892238,-0.17824823127380274,-0.009420802242030462,0.11684789647815348,0.005680298392514017,0.0024760567939535114,0.2612435820311901,-0.008300541211546296,0.0,0.0044643975609886515,-0.015517907362171334,0.037734691718954265,-0.0015077993528038638,0.014957820395466831,0.0632950650979414,0.0,0.0,0.2961276840925717,0.0,0.0,0.0,0.0,0.0,0.0
0.3902139443505937,-0.35720092903885325,0.43977357641560383,-0.14047437024486928,0.001010693503430897,0.020321703616471683,-0.40582123974221557,-0.18127735625660593,0.22456769344625033,0.0767903354897316,0.003398353743980476,0.0008082363376968323,0.23706374990963847,-0.019101213859009748,0.0,0.004294792190930663,-0.055077558056371184,-0.09061358260370682,-0.0011842263263867295,-0.030768233349159162,0.0017216821890287436,0.0,0.0,-0.27870670875764736,0.0,0.0,0.0,0.0,0.0,0.0
0.3902139443505937,-0.4344168086424226,-1.3817791035496119,-0.1755438971061139,-0.0022082320462562107,-0.060438851278919486,0.5675213071639633,0.13605682465212646,0.011779857638898094,0.10057267987053581,0.003728676511070108,0.0010707381895572435,0.2557244880401037,-0.011915714898974682,0.0,0.011250957384312572,-0.06941861082546287,0.04989961564063466,-0.001150414965511703,0.017179666698368228,0.11382960205532122,0.0,0.0,0.04599131499936907,0.0,0.0,0.0,0.0,0.0,0.0
0.3902139443505937,-0.15545716823090283,-2.103192593432151,-0.31792668759959186,-0.0020434513239764624,0.016093171509597916,0.9044727018880514,0.15338808813935587,-0.004049382924232336,0.1344651840935597,0.0064727388470143974,0.0023011232792346046,0.2616334073562417,-0.007195137729158993,0.0,0.009672511260988248,0.004951776075187496,-0.00418371575237879,-0.002236365089214414,0.018059488663817458,0.060318381118746205,0.0,0.0,0.03598208823506063,0.0,0.0,0.0,0.0,0.0,0.0
0.3902139443505937,-0.8626241847273213,-0.8882237869298963,-0.31320302801500066,0.007101512513547194,-0.05833967323403071,-0.5428063659541562,-0.18180376209406404,0.19631073981731997,-0.28566437811423273,-0.0008289220051387863,-0.002102327859983224,0.2216571312578972,-0.012507834831934286,0.0,-0.22021709453409047,0.35614053695566983,-0.3207851091075348,-0.004368546720147808,-0.33053604088439814,-0.4536126028571316,0.0,0.0,-0.12238449255365003,0.0,0.0,0.0,0.0,0.0,0.0
0.3902139443505937,-0.5268689015316517,-0.9550633468630372,-0.24157753421923803,0.004674877604716148,0.051632829262613616,-0.09366216302592667,-0.16992846460628383,0.08635140386665033,0.07741940081785362,0.0009649522627293101,4.593450138201156e-05,0.2657279210595168,-0.014614150281633867,0.0,0.012268499900771597,-0.04829103940173544,0.2329320391754601,-0.004194966108923707,0.0938842345067497,0.2501457771397066,0.0,0.0,0.9306125346667562,0.0,0.0,0.0,0.0,0.0,0.0
0.3902139443505937,-0.5922536064189184,-1.4832760599069423,-0.4508105265518011,0.0047448923319403395,-0.007402509367610544,-0.5408290940752654,-0.19564116267818712,-0.0184603171026942,-0.02076904877774307,-0.004096680076986378,-0.0013270116961138678,0.20536880924226458,-0.019114283646068216,0.0,0.004154025592222203,-0.21912848239562968,0.079824384343134,-0.0012855975374951485,0.04049091367095067,0.1828598746062671,0.0,0.0,-1.161778259095534,0.0,0.0,0.0,0.0,0.0,0.0
0.3902139443505937,-0.2410537907073354,4.049263612980118,0.02457539739747803,0.008381939673022904,0.02513285830090983,2.027219195035253,0.48177550605124075,-0.037620635979084306,0.1335875574928966,0.0013338349985467638,0.0006928650298470101,0.25873514944226184,-0.005822535071721574,0.0,0.016988885284233052,-0.0652215966857621,0.03855506172045971,-0.0015885777254888672,0.01740630470400999,0.11037397272462432,0.0,0.0,0.034227635343745455,0.0,0.0,0.0,0.0,0.0,0.0
0.3902139443505937,1.6049214067309436,3.087052375249816,-0.12304693713386827,0.009258594847982176,0.020893360850074035,2.5031637476568553,0.365963734175136,-0.07560638135362091,0.1113844516575331,0.0012384263267200715,0.0009524565893287543,0.2599415871151684,-0.004152015340426624,0.0,0.01244143865006396,-0.12926632329401938,0.010658177104955455,-0.001749174563315603,0.015896538033229525,0.04708679682000343,0.0,0.0,-0.001351313979723965,0.0,0.0,0.0,0.0,0.0,0.0
0.3902139443505937,-0.5421286995913607,1.9800291983041427,0.051374392822846275,0.008470143108646596,-0.038076485558303876,-3.098396207438244,-0.8872847320074285,-0.222155469748207,0.1377573965238595,0.000465403802265266,8.980283643697028e-05,0.2064778778681603,-0.006571017396151555,0.0,0.01068755666130021,0.25522222211759066,0.03832751249222034,-0.0010850074900301656,0.026827851795429906,0.07027339772022374,0.0,0.0,-0.01177263109275373,0.0,0.0,0.0,0.0,0.0,0.0
0.3902139443505937,-0.15568984469446284,3.4517473455544208,0.35845446764706346,0.0013449716820942155,0.0020087541635154206,1.1235216497324023,0.6595496446067338,-0.0443907963957076,0.1333856908076857,0.0007014013668207301,0.0004998878013922585,0.2509691913193482,-0.005135148415730265,0.0,0.021150252808570018,-0.026313936562891896,0.04925090444785698,-0.0021114157636718004,0.030244015011549757,0.11031543330827523,0.0,0.0,0.06121086935094325,0.0,0.0,0.0,0.0,0.0,0.0
0.3902139443505937,1.9421481551854152,1.0303618052647714,-0.5854826502936585,0.009219806456817881,-0.07207688865193111,-0.07041636594012927,-0.14204287788918554,0.6116171421147435,-0.3320051720949272,0.005223022796584076,0.001453208931664496,0.2873757645533354,-0.007768288067938395,0.0,0.016002372252789873,0.29327762974637683,-0.17389475398705884,-0.0044753003078503726,-0.14564661615652122,0.14698573243769547,0.0,0.0,0.803513755446227,0.0,0.0,0.0,0.0,0.0,0.0
0.3902139443505937,-0.0565892598787058,1.3236550968624072,-0.6450816692913417,-0.09370159917759985,-0.04705693973975343,-2.9125203720736583,-0.7872705489216211,-0.17072476645780518,0.08699484538903113,0.0006885265362574146,0.0002070128939622289,0.20198917959143114,-0.00889108434124125,0.0,0.013781496838708095,-0.37220987709003567,0.038427739679537304,-0.0008396953003287724,0.019681115159514692,0.12636722571074263,0.0,0.0,-0.04899486314770938,0.0,0.0,0.0,0.0,0.0,0.0
0.3902139443505937,-0.5530453946531677,-0.5738916533062844,-0.30486172947857093,0.00699612975705921,-0.03858645459300888,-0.26326248101649385,-0.15538537158989899,0.20429896197093186,0.0462958044160161,-0.0012807698929927344,-0.0007379829682382965,0.2323332532714842,-0.01629071205216934,0.0,0.02062936526241428,-0.06080569198318939,0.15388594157519228,-0.0011013543440537368,0.11702265562901099,0.5000701870322125,0.0,0.0,1.0152522158047776,0.0,0.0,0.0,0.0,0.0,0.0
0.3902139443505937,0.28342460468604314,-0.9930400612141949,-0.09409518452414987,0.0005716877760033059,-0.009885454525696545,-0.3482827317590535,-0.14792091481675487,0.005756206870303499,-0.4778327941144461,0.007472890931121664,0.004025674174484881,0.2538407985911398,-0.008216208872329362,0.0,0.010323491710736633,-0.2088621169085803,-0.34219369042178394,-0.0047270932473868635,0.027886691195414436,-0.23934652733267164,0.0,0.0,0.0824838104436334,0.0,0.0,0.0,0.0,0.0,0.0
0.3902139443505937,-0.1805207188991308,-0.6577118522452716,0.003978425405523506,0.00138629334074745,3.693182697479859e-05,-0.5313381810789309,-0.16239163800524567,0.06726571531628475,-0.2838090331752616,-0.0014260596491529297,-0.0013674006362882848,0.2486245126833537,-0.005334514958158464,0.0,0.015532325275719405,0.1293302838030045,0.01336114026399647,-0.0046808370340010634,0.04643327454429661,0.17628109713032902,0.0,0.0,0.3482849373990063,0.0,0.0,0.0,0.0,0.0,0.0
0.3902139443505937,-0.7076494169346897,-0.945486326746829,-0.7004150650212456,0.005267814621245083,-0.07486085657644911,-0.6845799320412171,-0.19947619840921132,0.16664320271318012,-0.25952972027099536,-0.14662417124701635,-0.0508697863435064,0.21412067785777836,-0.01121908124412514,0.0,-0.03601046951617242,0.15140257577662375,-0.015351992058581735,-0.004891423516691839,0.07776040116600891,0.03837514709154054,0.0,0.0,-1.026463159717506,0.0,0.0,0.0,0.0,0.0,0.0
0.3902139443505937,0.1877790062381643,-1.0630498264892585,0.2890982761714233,0.005319469330296709,-0.015380553873362676,-0.48913264768401093,-0.17718837237783,0.01270152509536251,0.014787462599208418,-0.002896980470865193,-0.0008180494508889608,0.23809135472119702,-0.013966242662386988,0.0,0.003623307531735557,-0.08959860917670448,0.0276244988227022,-0.0013400829608069174,0.04659795258931568,0.05148628560819041,0.0,0.0,0.27465343312426116,0.0,0.0,0.0,0.0,0.0,0.0
0.3902139443505937,-0.7304883110281607,-1.1209718388829466,-0.4730813212587938,0.003829148102298604,-0.07129168008108512,-0.7449217277244735,-0.18641716549689014,0.0642865968114401,-0.1257924760096637,-0.0022852566535827945,-0.0010460475966528003,0.20009974882213005,-0.012404269552056823,0.0,-0.0016256601266886508,0.1338152038844836,-0.1816250393010618,-0.0015825958704181865,-0.3694797241733182,-0.4038044211028207,0.0,0.0,-0.1624668262917857,0.0,0.0,0.0,0.0,0.0,0.0
0.3902139443505937,-0.15387850496805763,3.5146540723937774,0.2138544342317112,0.012568560531916491,0.0904121873451569,1.816119151367099,0.43500308283178,-0.043322036436152345,0.11370622060551672,0.0013339302649019178,0.0009602392023642947,0.2571402317722647,-0.005835685223158246,0.0,0.013546937372018312,-0.07964812235025336,0.039500856927909604,-0.0012346652227878986,0.017296161399139184,0.1032784526942162,0.0,0.0,0.03809400485657734,0.0,0.0,0.0,0.0,0.0,0.0
0.3902139443505937,-0.34695597906968756,-1.8344878879521525,0.06434082172085977,0.0009602927882641563,0.01898010136345823,0.4275398780718894,0.09380328801240806,0.015329706894042157,0.13254720425094307,0.005044711069267873,0.0019409141966124483,0.2614802709254914,-0.0257888525054177,0.0,0.00802256049237643,-0.21567705487129854,0.02974870120570095,-0.0011003292058201896,0.007706003188298226,0.15740021070143687,0.0,0.0,0.035973753281528874,0.0,0.0,0.0,0.0,0.0,0.0
0.3902139443505937,-0.7713769145075733,-0.6340379449749528,-0.3015430766922404,0.00359668462484964,-0.016579575143924774,-0.4554284933653563,-0.17264713197042386,0.26225693144345624,-0.30288861297218594,0.00486232576682481,0.00021492203711301642,0.22886363837384535,-0.012063242757325546,0.0,0.006617328869621048,0.3366417342447008,0.03805968277653002,-0.004553430538764215,0.10218053932236291,-0.3891909514254112,0.0,0.0,-0.11208655561049385,0.0,0.0,0.0,0.0,0.0,0.0
0.3902139443505937,-0.7917205422009697,-1.3769641745982446,-0.10121819040018067,0.004546945637048973,0.07885483152475342,-0.25763518109766576,-0.1728839464230132,-0.023734106384961293,-0.21731476887200457,0.0021310771649617876,0.0012404502583225837,0.23461579044430958,-0.013905770512672172,0.0,0.010805594805301627,-0.17942678354464242,-0.5430024621267024,-0.004184027103437709,0.028490743994949323,-1.6690261981603083,0.0,0.0,0.6068047553418843,0.0,0.0,0.0,0.0,0.0,0.0
0.3902139443505937,0.03358703847323537,3.3088951868827103,0.4639943800312073,0.00014752278394834412,0.01937564258403809,2.168709390273641,0.4166646515258775,-0.05720026261458665,0.1294168657212086,0.0007767030986013827,0.0009872070565532494,0.2594306469188742,-0.005136263086118408,0.0,0.020136325385949328,-0.12005520913019906,0.03731137688155404,-0.0015993321928276212,0.023881047131591775,0.10250542414454426,0.0,0.0,0.03877754756999966,0.0,0.0,0.0,0.0,0.0,0.0
0.3902139443505937,-0.31500574559233896,-0.3666619264582428,0.35322694280209865,0.0009098989544873842,-0.016030443117357265,0.39129556757559036,0.09510068810845966,-0.0056894836916430306,-1.139559326539398,0.002378283997719976,0.0010280942525684414,-5.53673261742642,-0.011744950182456297,0.0,0.0018396228386236772,0.10872382466246541,0.042078328502063736,-0.013833757781771231,0.020250930169667305,0.050777628301270826,0.0,0.0,-0.08093042224616277,0.0,0.0,0.0,0.0,0.0,0.0
0.3902139443505937,0.10683325240194907,4.834069705122827,0.20846975835854542,0.02047643542242636,0.052078223264917185,1.1619811395982553,0.5198492266424046,-0.039241294429104,0.12472134776369975,0.0011288898622983073,0.00048286462008796216,0.25849639093896004,-0.00546820118836133,0.0,0.01860654177711506,0.026601822175645357,0.04038395884695492,-0.002099079507182031,0.028790596529306104,0.1150128094080192,0.0,0.0,0.06582525837271794,0.0,0.0,0.0,0.0,0.0,0.0
0.3902139443505937,-0.8778551375858624,-1.1897412003377685,-0.5081953334367478,0.0006982663181390869,-0.18044891076687283,0.6218013644362123,0.12040473272965659,-0.013055506973198079,0.1311950500141783,0.003760346546403274,0.0017019091365756583,0.24574961184630817,-0.011573082730604927,0.0,0.006591766666992414,0.11942164570347558,0.027167408171304225,-0.0013983222094299634,0.026680359311924508,0.1378774657379177,0.0,0.0,0.004588195112818374,0.0,0.0,0.0,0.0,0.0,0.0
0.3902139443505937,-0.13352240703813262,-0.8147275187723629,0.04982625234704352,-0.004007303356865223,0.021064389591777054,-0.4431113516955131,-0.16535743281102738,0.09378304523169942,0.01581966272971089,-0.0015982970530996874,-0.0001212776722461391,0.23749338195125064,-0.02164813994499963,0.0,0.006170103398681878,-0.1757529440754455,0.02674308795320388,-0.0012288309586787913,0.11890876873092676,0.16843138662474813,0.0,0.0,-0.39854750603547817,0.0,0.0,0.0,0.0,0.0,0.0
0.3902139443505937,-0.699991365474968,-0.7336979654181918,-0.47541939965140295,0.005972158782474409,0.016466424579064567,-0.3139442054064651,-0.15710484442342304,0.1503371807580784,-0.42269860203901555,-0.22949808860249377,-0.08055874633411447,0.23260838478093399,-0.017462076154247767,0.0,-0.0426090864973934,-0.1451072048200277,-0.4509535597066457,-0.00422518604862365,0.08551840680861733,0.16159957877943704,0.0,0.0,-0.12963228481339464,0.0,0.0,0.0,0.0,0.0,0.0
0.3902139443505937,-0.25391663394119457,-1.801013283277646,0.15127778352147989,0.0018237505599000873,0.019955121945207276,0.4984420343164781,0.09864938905205323,0.015160181841822506,0.14135615989451222,0.0044141287699526926,0.0018132764540846604,0.27694633191403556,0.9716964454643643,0.0,0.006096126780961018,-0.07060068094439388,-0.009735857585345288,-0.001096007285296745,0.0085422387208377,0.14331422215212622,0.0,0.0,-0.06815867892571036,0.0,0.0,0.0,0.0,0.0,0.0
0.3902139443505937,-0.7994820138957274,4.940695462009866,0.11131241729762015,0.018994496590811382,0.011993360102136013,1.916794110607506,0.4519254837548527,-0.03326146783927876,0.1319204505342146,0.0010893925738967073,0.0005930148026417011,0.25832555480871766,-0.005427986682136939,0.0,0.017861645626886583,0.005706991630073695,0.03959105300901878,-0.0015885777254888672,0.026037045704945715,0.10780469400204307,0.0,0.0,0.0630180543768905,0.0,0.0,0.0,0.0,0.0,0.0
0.3902139443505937,0.32059144835946984,4.28937632955604,0.2704404574850049,0.007039283672004129,0.024724495546135875,1.2583372411034177,0.6774494993897893,-0.06256966829339974,0.14063708188284418,0.0013095795528465387,0.0005660402745331855,0.2569786389316508,-0.004878967820267087,0.0,0.0209533866256238,0.004449958132074017,0.049159351871802315,-0.002099079507182031,0.027947747437352684,0.11393998672659111,0.0,0.0,0.05987043527890138,0.0,0.0,0.0,0.0,0.0,0.0
0.3902139443505937,-0.26543571262659477,4.314907331521923,0.22012163366072615,0.011659224938995657,0.009980122094807701,1.5973201312371745,0.46158475260731374,-0.03296894825545566,0.11536000393375993,0.0013316271357299166,0.0006759730270441515,0.2586831498371165,-0.005728049198231307,0.0,0.013895520597115385,-0.09155944114512575,0.03922801432146173,-0.0012346652227878986,0.017709795696098346,0.10893292166100349,0.0,0.0,0.04148847864488708,0.0,0.0,0.0,0.0,0.0,0.0
0.3902139443505937,-0.8141943054102999,-1.145653854645926,-0.5168576881684559,-0.004500118934514884,-0.16433505730045858,0.5728225358804322,0.12040237107538766,-0.01292966050337156,0.12965533673773338,0.0038885200323314256,0.0017276479863397442,0.2461558145499163,-0.01060877204882243,0.0,0.006173986445186534,0.13759405675245712,0.02815556840203131,-0.0013983222094299634,0.026227131122405167,0.13826812577935166,0.0,0.0,0.004980531059268853,0.0,0.0,0.0,0.0,0.0,0.0
0.3902139443505937,-0.7598171283359045,-0.8526065195423164,-0.36514976199819177,0.00589826737891831,-0.03388555147161043,-0.33521882012984244,-0.15978570160083477,0.08574489817027231,-0.039941687254847244,-0.011046936716230886,-0.0026247523979779142,0.21780990134321873,-0.016302074859475872,0.0,0.010131572537106497,-0.041737116170860546,0.13025611858681377,-0.00113417306957311,0.028505702367489085,-0.19049437772228342,0.0,0.0,0.0851460309920469,0.0,0.0,0.0,0.0,0.0,0.0
0.3902139443505937,-0.7501564011498286,-1.608430006145226,0.35452318749243866,0.0052085366542455784,0.015737022004399574,-0.6174864177455861,-0.1611647446713164,-0.023934522674355238,0.028196818513500494,-0.00340629534628066,0.0005283095511340268,0.2029689093681456,-0.018168120325610052,0.0,0.0070351529492859825,-0.12818720737418823,-0.7339361984559353,-0.0011495037914435937,-0.06187125966981011,-1.3068188699322183,0.0,0.0,-1.073028710220455,0.0,0.0,0.0,0.0,0.0,0.0
0.3902139443505937,1.6260095724699994,-0.39736670585348793,0.5934444776795249,0.0016430779205756495,0.009441583551578174,0.8343150895296997,0.1663375606760758,0.0019108713882213073,0.11718524202688463,0.006772285109716156,0.002307599804312636,0.2922931441195917,-0.006815134531946868,0.0,0.010832394754521501,0.10192384190974338,0.02677070806921358,-0.0013802258977046317,0.02097249488513417,0.0780685154448125,0.0,0.0,0.04846818993865877,0.0,0.0,0.0,0.0,0.0,0.0
0.3902139443505937,1.6110231189777948,3.3543200326482823,-0.31245441439278576,-0.012687785370981327,0.010081222584512169,0.7674754350257572,0.5172164359870423,-0.06570362966560772,0.08229855898130006,0.0016082364346259965,0.0009617598213352923,0.2524929495562396,-0.004502019638578569,0.0,0.00782390774235503,0.15788747325799354,0.019820175271014942,-0.0014845354129371493,0.010192925894622586,0.013490831613223364,0.0,0.0,0.023198349619643018,0.0,0.0,0.0,0.0,0.0,0.0
0.3902139443505937,-0.5416684881558675,-0.9357814054786485,0.5217278752061952,0.006458956741805657,-0.004120871027314778,-0.0899027975953056,-0.1505476072981869,0.13674088600759238,-0.1967838271334794,-0.005669951377553249,5.1212332969083766e-05,0.2480091702299859,-0.014054074145148698,0.0,0.006178267184015519,-0.06693925909432545,-0.254891755767452,-0.004383392589054442,-0.02861479341547612,-1.7808637937364329,0.0,0.0,0.14950373275983603,0.0,0.0,0.0,0.0,0.0,0.0
0.3902139443505937,-0.6911580524610506,4.16310223349946,-0.0772877882008192,0.009858699947282668,-0.14870770058033644,2.2023775951248434,0.31417137300377734,-0.041741761059436416,0.1576714693500613,0.001180794215070032,0.00062374804507053,0.24463077262426172,-0.00686371283912092,0.0,0.016432500950709947,0.2953074520522641,0.05448536455941499,-0.0020027257803223253,0.035021896688251376,0.11585268724203936,0.0,0.0,0.07607763757134917,0.0,0.0,0.0,0.0,0.0,0.0
0.3902139443505937,-0.08751835202915083,1.7729952000644198,0.07406217182664229,0.014040395306969962,0.01497719399761771,-0.2258565623750402,-0.16763997662110794,0.3879774566831834,-0.759215712249224,0.0007102570284396261,0.0011867162905774594,-6.4122091087255715,-0.006806425892051288,0.0,0.00890671141093001,-0.22702425242446414,0.3049031148865596,-0.004092223382893973,0.008046134874282577,0.042219921518825795,0.0,0.0,0.31162977471973685,0.0,0.0,0.0,0.0,0.0,0.0
0.3902139443505937,1.2509465177068504,-2.299079709451429,0.13268346883320864,0.0021948763876859603,0.0432836535064724,0.7096288309678511,0.1591393681339667,0.002835918615582223,0.10503174122867659,0.00488442698425838,0.0020698835144110535,0.27963162486271,-0.01756207633646361,0.0,-0.0003172459890403693,-0.193013601028108,-0.0030658665901344534,-0.0012609260436469262,0.015310106831961552,0.0749026319057216,0.0,0.0,0.01958884376374056,0.0,0.0,0.0,0.0,0.0,0.0
0.3902139443505937,0.08957201125351971,-1.5462306821851968,0.09369779714317694,0.0007938107030468079,-0.02783216133171704,-0.23216097702499913,-0.1226749897746297,0.03059981812398752,-0.3546550852381845,0.0032593349856764363,0.0007678962811516854,0.2584620219036272,-0.019701261073212656,0.0,0.006707817369172858,0.1312861973245966,-0.10006810061758992,-0.004412174570663571,-0.18197184318267326,0.607991487658527,0.0,0.0,0.17830883281648605,0.0,0.0,0.0,0.0,0.0,0.0
0.3902139443505937,-1.4775919511600129,-0.08529213180860513,-0.056743402818287325,0.002799683505778146,-0.05118382325153667,-3.4288237923117157,-0.7517744952987023,-0.2421451676101654,0.07852647631672881,0.00023941334761993295,6.112847289640978e-05,0.19819239765103427,-0.009361437285089029,0.0,0.012010840815717965,-0.11400759791801021,0.03673744164776753,-0.0008643266631692982,0.02207717160985129,0.05949380194125479,0.0,0.0,-0.07703190223491191,0.0,0.0,0.0,0.0,0.0,0.0
0.3902139443505937,-0.2725101955632461,4.927938527180087,-0.24443542500746,0.008091204842442423,-0.1610333191513943,1.9603279167744023,0.3463564466155625,-0.03551912075391045,0.09874516537820022,0.001756211442201812,0.000697908095395036,0.24379183507839264,-0.00744184889009306,0.0,0.02045554891225183,-0.08944083292807319,0.04135867090009475,-0.0017802498797952976,0.02278956639722821,0.09802460700192989,0.0,0.0,0.04480706325751595,0.0,0.0,0.0,0.0,0.0,0.0
0.3902139443505937,-1.8923529334723972,-0.8680127750179772,-0.25824654004603814,-0.06951845179603632,0.001374600914427538,-1.2524526282300528,-0.29100987684383484,0.24129896880892363,-0.40241461932748107,-0.00753751309623146,-0.002341755183799982,0.21199459406551677,-0.012158531390433254,0.0,0.00011190595640693295,0.002527558792815509,-0.4243576885390195,-0.004695473368287749,0.022938115588477692,0.047433366010560064,0.0,0.0,-0.24612067438422142,0.0,0.0,0.0,0.0,0.0,0.0
0.3902139443505937,1.0728117345962231,2.392070570160761,0.11318294738401186,0.006214554121604987,0.17168852249191804,-0.8587249324818208,-0.4418990235504638,-0.2091108978630243,0.1125201136282972,0.001869130912049413,0.0008871350975146778,0.23255996502068016,-0.005896675667622991,0.0,0.007040425248158085,0.40617897249620405,0.07347261003781509,-0.00136286211944609,0.012339984957857963,0.04586192602008486,0.0,0.0,0.19529478073392714,0.0,0.0,0.0,0.0,0.0,0.0
0.3902139443505937,1.7713850482259559,1.785389222781574,-0.5916100556457914,-0.09385857561974312,-0.0014936945815603633,-0.13440142957727214,-0.13240282256038816,0.6234241521308083,-0.3836146149231848,0.0033769367167737446,0.0044033716752181085,0.3054548310833063,-0.006165247334238718,0.0,0.028487718976625914,0.36947411048502676,0.10103976920550843,-0.004211703030868462,-0.10615254604168861,-0.04624291937418312,0.0,0.0,0.898422278011136,0.0,0.0,0.0,0.0,0.0,0.0
0.3902139443505937,0.33193910228303536,-0.9761560053101007,0.23633516365604668,0.004337691521504059,0.010214438874426263,-0.32775753938498037,-0.13083250476422562,-0.009465037218711924,-0.48767974890871923,-0.001337292914342865,0.0005049865477881891,-5.557033005013417,-0.00816762198630828,0.0,-0.0011329909131198384,0.12479411998557578,-0.06970568539734669,-0.005316285372865314,-0.015875442443120415,0.19074815351741273,0.0,0.0,0.3566937523262249,0.0,0.0,0.0,0.0,0.0,0.0
0.3902139443505937,2.883121013824648,-0.48681555627645834,0.3018149243036785,-0.013361385994398421,0.035552884987789794,0.18954129243541906,0.18248839706840736,-0.017058361474012664,0.11227455133997039,0.0042619111622283,0.0023176138398887515,0.3027470260652277,-0.002813682794642136,0.0,0.0069693444814027715,-0.15244368790549595,0.005592404378630769,-0.0015091195325988762,0.013855621150699857,0.07087409427923042,0.0,0.0,0.003369804353059097,0.0,0.0,0.0,0.0,0.0,0.0
0.3902139443505937,-0.5994103844476554,-0.6211246469634536,-0.19046541351806726,-0.008921277564670822,-0.007141493365761511,-0.49669571248832955,-0.17471806997636424,-0.08654861018000817,-0.3778017615187822,0.0017811215203939305,-0.0004783541674724484,0.2544690886951248,-0.015911923613517908,0.0,0.011925738539603796,-0.07873316290769618,-0.11430694080486886,-0.004546571561778326,-0.04594188833824646,-0.017785394301526244,0.0,0.0,0.15442733477857062,0.0,0.0,0.0,0.0,0.0,0.0
0.3902139443505937,-0.38081350403555103,2.121776576301814,0.214049500191246,0.0265910928008622,-0.024018072366586887,-0.22197706340754259,-0.3985071533074525,-0.17574747301926447,0.10952994995539131,9.057641216820192e-05,0.0005836760283856495,0.23447425837564373,-0.007361271767642315,0.0,0.013674927969603594,-0.20301427398334368,0.06308207445874399,-0.0008838742054852124,0.02597481773040404,0.15875139693173368,0.0,0.0,0.27464779731993855,0.0,0.0,0.0,0.0,0.0,0.0
0.3902139443505937,-0.9058459597798915,-1.3743093315240096,-0.11053147321687273,0.0007182974271460934,-0.023152150965753238,-0.5004552370582558,-0.16231676330550576,-0.04671065968631676,-0.3314190884138532,-0.0005693169105270938,0.0009872417497374887,0.23923536594267744,-0.009904702576155871,0.0,0.03358824193983853,0.11229178559280825,0.1258598599201811,-0.004156167411851643,-0.07937919684827137,0.12452585106488892,0.0,0.0,0.02180300545003402,0.0,0.0,0.0,0.0,0.0,0.0
0.3902139443505937,0.26466272569321836,-0.8427105465228111,-0.32173662547374354,0.029547803376592047,-0.039977334814887806,1.0501691272792002,0.1270418741973246,7.287128243860158e-06,0.1299139207581591,0.005726407491643343,0.0016589920759232306,0.2597984521950992,-0.008889970665134993,0.0,0.014311780245339087,-0.07563149082060816,0.0053172215811742056,-0.0014573691045820963,0.028018349757447398,0.022738455724477302,0.0,0.0,0.10145195287205376,0.0,0.0,0.0,0.0,0.0,0.0
0.3902139443505937,-1.1855636153469629,-0.4616951193962315,-1.2581992646417848,-0.26808187414505047,-0.10182694355064172,-2.695633374517095,-0.9376699382628844,-0.15954630824396349,0.08684980001187216,0.0002382882610912623,8.454301965926787e-05,0.19928145467884123,-0.00927200346729605,0.0,0.012685168383846259,-0.3366517926999912,0.04141098914924408,-0.0008397676024822828,0.024452345262680825,0.13021995674464773,0.0,0.0,0.07180775688249758,0.0,0.0,0.0,0.0,0.0,0.0
0.3902139443505937,-0.6608602003433947,-1.2878870842465229,-0.4597314252070524,-0.004224164913400883,0.018707956991683712,0.5015736090173881,0.09812074633100956,0.0034696845401493114,0.16526762918634577,0.005041951506825763,0.0018474356770477858,0.2526308806234017,-0.010216367283362447,0.0,0.008536597001147854,0.2675702342851042,0.03934717997494889,-0.001405506433574094,0.01961675294570064,0.10771120792813013,0.0,0.0,0.04157996611345999,0.0,0.0,0.0,0.0,0.0,0.0
0.3902139443505937,-0.605120363683624,0.0741595130251411,-0.09860445578285489,0.005961233086051682,-0.060099204385434486,-3.4393155751070967,-0.8445540111954676,-0.23192103977465758,0.08722137272940009,0.0004419412992823469,0.00011395281267794951,0.20404666301811664,-0.007312176812440534,0.0,0.015242711902506308,-0.17718228459264165,0.040181910546011404,-0.0008735800182873485,0.02555518330847127,0.08132919794084667,0.0,0.0,-0.04450619818526626,0.0,0.0,0.0,0.0,0.0,0.0
0.3902139443505937,-0.6522323617149165,-1.1914874429516578,-0.17009384914638886,0.006257260851043545,0.019231173340159807,-0.3695075363441951,-0.17786450354392785,0.05176782681235812,-0.028531871534789338,-0.00015131212649018163,-0.000793076514337111,0.23432000389932509,-0.016603147135218283,0.0,0.011829468839629128,-0.09691270243695663,0.015826853107733088,-0.0011422220679378043,0.03969252147892204,0.20009051103900613,0.0,0.0,0.5521972673672046,0.0,0.0,0.0,0.0,0.0,0.0
0.3902139443505937,-0.05573370938478294,4.241481840105907,0.5239632955972745,0.008427607930445854,0.050759195638652874,1.069534604876469,0.45360641947251856,-0.05860669485246283,0.1269904273482642,0.0009082828488544036,0.0006789494872736976,0.25665376193620804,-0.0050996250213119,0.0,0.02235420834780804,-0.07074028429092753,0.03469368250687663,-0.0021114157636718004,0.023814864294759003,0.11660419570215776,0.0,0.0,0.021019217461783236,0.0,0.0,0.0,0.0,0.0,0.0
0.3902139443505937,1.6900116786091204,1.9956182407902132,-0.044806220515754946,0.005019282174248386,0.018703984144185646,2.321508609312598,0.2006173577383184,-0.06292572244020996,0.10659691042545621,0.0005877471420398376,0.0009688109170206651,0.25338189982432013,-0.0057653853918878594,0.0,0.00563355145175421,-0.039548402059140945,0.005830317781410732,-0.001363332598107019,0.01461720632510884,0.04225731890383128,0.0,0.0,-0.023134080596812524,0.0,0.0,0.0,0.0,0.0,0.0
0.3902139443505937,-0.7531436914611086,-0.5925373400641485,-0.3795524086758266,0.005679862776526652,-0.02188102898263402,-0.9641929643312189,-0.2086875952651796,0.22574690517363527,-0.3263307842697382,0.003598597054990829,0.0003010243634476024,0.21138239392358243,-0.013061567225036281,0.0,-0.006020004369117109,0.31083078547779314,-0.23360301277891343,-0.004842025326561996,0.07094754487265999,-0.6087797776359324,0.0,0.0,-0.9762876172921383,0.0,0.0,0.0,0.0,0.0,0.0
0.3902139443505937,-1.3329696061856608,-1.5518370934180874,0.36303989267512254,0.005612778538907959,0.0014252038228681223,-0.5642254948140292,-0.11528349408391579,0.0530555114140131,-0.45704645936677973,-0.004781039866454141,-0.004335686842321094,0.24102775737946952,-0.017823254984764562,0.0,-0.1085101451292683,0.23742486618846087,-0.2583639442795927,-0.0041692955229971004,0.06683468632318228,0.14764563903116376,0.0,0.0,-0.29390820432772513,0.0,0.0,0.0,0.0,0.0,0.0
0.3902139443505937,-0.2329378589197446,-1.3170970525111545,0.11773255693445266,0.004875567770927499,-0.010897186967599221,-0.3098073867241374,-0.15394185141116368,-0.016931491768793057,0.18536955087507379,0.0013943685562383798,0.000412715511232138,0.23492146130621466,-0.014712870415926173,0.0,0.00507837664665,0.5490980974132169,-0.19969917406470994,-0.0013403658534067572,-0.023784085953889252,-0.5554131168444357,0.0,0.0,0.9292739778318441,0.0,0.0,0.0,0.0,0.0,0.0
0.3902139443505937,-0.6784037244969199,-1.5204101683689746,-0.473593596541254,0.005765408910474,-0.006933767491591928,-0.5478551510188359,-0.19224930302775944,0.07777976032134282,-0.09757032212613798,-0.010329540789268949,-0.002540622587630119,0.20809725840312512,-0.016327790423168256,0.0,0.0019422399086363904,0.21016128192698613,-0.22318433107502514,-0.0012931010072796244,-0.5440149150810786,-0.25857669590039917,0.0,0.0,-0.37729268203575167,0.0,0.0,0.0,0.0,0.0,0.0
0.3902139443505937,1.3097785631545134,-2.1121282530835974,0.2509074226744368,-0.01565796089349723,0.0372924629625622,-0.05118126131889974,0.20348055889790215,-0.000441399490543146,0.10476116042537083,0.004403223214164407,0.0021054999829197667,0.27253673034345166,-0.006277046712434607,0.0,0.002477402555570327,0.0009678198782427115,0.0017376274297329901,-0.0014687753295994795,0.012988812131309924,0.07240823608264792,0.0,0.0,0.029615657127594907,0.0,0.0,0.0,0.0,0.0,0.0
0.3902139443505937,0.1795516973515401,0.19929003251840574,-0.24762859150234945,0.001755721490604099,-0.011612647386728674,-3.7939651694638497,-0.37956644829881936,-0.31870267453436624,0.05979750896782003,0.00011830206224041984,0.0005453870878563817,0.2030128146416298,-0.0053367726510854105,0.0,0.009253714819228025,-0.23666208557902493,-0.06757775205036559,-0.001034176856114085,0.013118213247585088,-0.0013320378968169476,0.0,0.0,-0.15924000012654838,0.0,0.0,0.0,0.0,0.0,0.0
0.3902139443505937,-0.05994171257845612,3.156596878247476,0.11795676346296165,0.04648510358659393,0.39694091610009874,-0.5633447114933149,-0.5545405473774514,-0.1301896597717667,0.07176296936109336,0.001021343712447933,0.00018801627006889476,0.22508745086042586,-0.009002254893386316,0.0,0.0126139148296842,-0.17370426845214368,0.04702474768450535,-0.0008973624932492876,0.023331513366818834,0.1722910820455421,0.0,0.0,0.2690322296835846,0.0,0.0,0.0,0.0,0.0,0.0
0.3902139443505937,0.42365097654924655,4.6755218184020695,-0.3980644432399164,0.01899925562180716,-0.22599441611678456,2.135302232035033,0.24147938269784708,-0.047378530904579656,0.11273056513584986,0.002099337607981782,0.0008006901312048614,0.2458491735586526,-0.00500255503584113,0.0,0.018172226337557367,-0.043969865064705016,0.02447619624915786,-0.00203966407928615,0.017144393707756243,0.03748289779093161,0.0,0.0,0.06702853375667919,0.0,0.0,0.0,0.0,0.0,0.0
0.3902139443505937,-1.1440244953845258,1.0093065754761559,-1.2658333075760408,-0.27768783130733876,-0.09979829588288673,-2.381523897961365,-0.7689011070968266,-0.14447916998393992,0.09515995860183456,-0.0001806237473390024,0.0002979692540020806,0.20936954148519143,-0.008554224636719872,0.0,0.01264973205310203,-0.24423212293117313,0.05899634614668306,-0.0008781661354413575,0.02590177031812792,0.12725794765819273,0.0,0.0,0.18565912856719136,0.0,0.0,0.0,0.0,0.0,0.0
0.3902139443505937,-0.4169260679708221,-1.4047002116583307,-0.23067979068544112,-0.0027808723704995284,-0.06947631200048372,0.5590575262710381,0.11331239511653543,0.007467540388888809,0.15320873569389323,0.0038923228343240397,0.0010810735625220557,0.2580983070912035,-0.007291066680323196,0.0,0.005686967303136346,0.1254811355218216,0.05311534864039733,-0.0013577352066696034,0.008018435775026164,0.1147761747340526,0.0,0.0,0.03086306941010578,0.0,0.0,0.0,0.0,0.0,0.0
0.3902139443505937,-0.8778551375858624,-1.1897412003377685,-0.5081953334367478,0.0006982663181390869,-0.18044891076687283,0.6218013644362123,0.12040473272965659,-0.013055506973198079,0.1311950500141783,0.003760346546403274,0.0017019091365756583,0.24574961184630817,-0.011573082730604927,0.0,0.006591766666992414,0.11942164570347558,0.027167408171304225,-0.0013983222094299634,0.026680359311924508,0.1378774657379177,0.0,0.0,0.004588195112818374,0.0,0.0,0.0,0.0,0.0,0.0
0.3902139443505937,-0.1547861772865899,3.475317614767882,0.1671559566257375,0.01367186892796553,0.008999961010617183,1.753952214555945,0.4773440035133234,-0.047884341207646446,0.11037731809289983,0.0013182130851971839,0.0010174896981924274,0.2574879986193125,-0.007998423315086505,0.0,0.010992208749155057,-0.08662112404358713,0.037799356722324165,-0.001202735760280283,0.012305882586864103,0.10390399055883578,0.0,0.0,0.026458510963051966,0.0,0.0,0.0,0.0,0.0,0.0
0.3902139443505937,-0.4169260679708221,-1.4047002116583307,-0.23067979068544112,-0.0027808723704995284,-0.06947631200048372,0.5590575262710381,0.11331239511653543,0.007467540388888809,0.15320873569389323,0.0038923228343240397,0.0010810735625220557,0.2580983070912035,-0.007291066680323196,0.0,0.005686967303136346,0.1254811355218216,0.05311534864039733,-0.0013577352066696034,0.008018435775026164,0.1147761747340526,0.0,0.0,0.03086306941010578,0.0,0.0,0.0,0.0,0.0,0.0
0.3902139443505937,-0.2599294081221809,-1.7799110890737098,0.16254204215883905,0.001909015733594559,0.029038065977475422,0.7542742126998029,0.2006783835678558,0.014552827220555117,0.151983917429062,0.005044049540544824,0.0019762559898831226,0.2634682711767565,-0.01084415320322533,0.0,0.010501894522277715,-0.03046308316947647,0.03091368319592229,-0.001290892444625403,0.008977108842388684,0.15877604475018323,0.0,0.0,0.03925681790390478,0.0,0.0,0.0,0.0,0.0,0.0
0.3902139443505937,-0.3624948703631475,2.5403063087900275,0.18439945827227142,0.04114006084463172,0.011732773257010295,-0.6124503806218952,-0.45597013460277463,-0.14333494476186484,0.07075119407764945,0.001010673457690477,0.00018801627006889476,0.22380074255027188,-0.009094829023790498,0.0,0.012720388887760711,-0.23331126696976956,0.04763025793104721,-0.0008973624932492876,0.02477880577426179,0.16978086965539185,0.0,0.0,0.2667243658758603,0.0,0.0,0.0,0.0,0.0,0.0
0.3902139443505937,-0.6898973169922681,5.037958923941126,0.12956725727068377,0.016755359722452297,0.03990866101534239,2.3602960216007807,0.4826122707313385,-0.032781520054486576,0.10079056339055874,0.0014079371248059537,0.0005598238430182558,0.24237194598897557,-0.007043906814620464,0.0,0.019622615748366396,0.0011113381354725708,0.039077312414570554,-0.0017802498797952976,0.026788459988810357,0.11250385166712769,0.0,0.0,0.06485475501589023,0.0,0.0,0.0,0.0,0.0,0.0
0.3902139443505937,-0.056743385504664116,4.925914315730462,0.13644810730765164,0.010226582258753877,0.008724169689828374,1.7406172607367758,0.6464793756130456,-0.038602903420701495,0.11617617987292386,0.0013421973657313613,0.0006689778528921165,0.2594220620724203,-0.005164883068053548,0.0,0.014268844908562407,-0.052717416754832616,0.03874757603974114,-0.0012346652227878986,0.016691114056245474,0.10868454662063205,0.0,0.0,0.04351862219709527,0.0,0.0,0.0,0.0,0.0,0.0
0.3902139443505937,2.067896597841591,2.238167540550975,0.6783283148622423,0.0026175876210952445,0.031000997012375152,2.4294086833867388,0.2008024469100636,-0.05534086365076604,0.12824866096909243,0.000589790626143215,0.0009608639132936919,0.2584207105691069,-0.002990494116372919,0.0,0.014450929757353051,0.017503230754278017,0.016526175973845435,-0.0017360873572727763,0.02275302373302692,0.05561295469284538,0.0,0.0,-0.012082990171832586,0.0,0.0,0.0,0.0,0.0,0.0
0.3902139443505937,0.03358703847323537,3.3088951868827103,0.4639943800312073,0.00014752278394834412,0.01937564258403809,2.168709390273641,0.4166646515258775,-0.05720026261458665,0.1294168657212086,0.0007767030986013827,0.0009872070565532494,0.2594306469188742,-0.005136263086118408,0.0,0.020136325385949328,-0.12005520913019906,0.03731137688155404,-0.0015993321928276212,0.023881047131591775,0.10250542414454426,0.0,0.0,0.03877754756999966,0.0,0.0,0.0,0.0,0.0,0.0
0.3902139443505937,0.4080633878124829,-2.121902836341262,-0.5314474610356875,-0.0009776219092920448,0.006889356644876783,0.6192178710654141,0.14897079376718256,-0.0010111908781546006,0.1552705933273975,0.007650796278851842,0.0022124056127197263,0.263441274500282,-0.0064260674584633165,0.0,0.003065199769844502,0.13009813680599894,0.013309452126122277,-0.0016117404065941116,0.012866503772978075,0.008236484869950069,0.0,0.0,0.04696935828556285,0.0,0.0,0.0,0.0,0.0,0.0
0.3902139443505937,1.1544676094630046,3.4382297331309206,-0.36151799210986074,0.011264350563389772,-0.46436783996636305,2.5051369398568633,0.19438197761073475,-0.0531648630050282,0.10367911083677941,0.0016262240489874123,0.0006794822898320832,0.2478361376175224,-0.005135286827302047,0.0,0.016890431575372906,-0.09518480562370536,0.012930293553459581,-0.0019916579618512943,0.017109851353313287,0.03939167571127857,0.0,0.0,0.026357325308250187,0.0,0.0,0.0,0.0,0.0,0.0
0.3902139443505937,-0.6411669640436229,1.373683365062005,-0.45641947670309796,0.013912011424271056,-0.08941571255419681,-3.2170212907342797,-0.7491790520006997,-0.21513393728831703,0.07837291383484168,0.0006316698039205415,0.00014906722037928143,0.19870970250326947,-0.00912464039502765,0.0,0.013092778216835733,-0.19452772848861713,0.03957587933003961,-0.0009036724798293234,0.022078558680464967,0.040322187979679,0.0,0.0,-0.07807801075212001,0.0,0.0,0.0,0.0,0.0,0.0
0.3902139443505937,-0.8329505016847857,-1.2719886456976004,-0.6377852296094411,0.0017550719502239056,-0.2873854060805185,0.40976169892260267,0.1412572402049143,-0.01595862794351372,0.12378970160400785,0.0037512770881771317,0.0017018566750329868,0.23315501562318078,-0.010786108600845997,0.0,0.009600875309889772,0.03838387275020834,0.040851630940165466,-0.002071894867285292,0.025979585832802292,0.13132504756932437,0.0,0.0,0.005217836675631102,0.0,0.0,0.0,0.0,0.0,0.0
0.3902139443505937,-0.10928777618505157,-1.433850047571456,0.30974146158405647,0.006740639668791785,-0.01773788729041822,-0.3781097925957584,-0.1579265044830311,-0.026668346837891745,0.057140969466572135,0.0008386803556612605,0.0014728647694320094,0.22346575812374406,-0.01596657691004737,0.0,0.02120592523105668,-0.12932265791659306,0.1524874052499452,-0.0011334245746082183,-0.043363256102701364,-0.4692214184109493,0.0,0.0,0.10989415249108306,0.0,0.0,0.0,0.0,0.0,0.0
0.3902139443505937,-0.3418680134883199,-1.7988021374386305,0.16226895384121126,-0.003347746863393133,0.008958619972751667,0.2778098581052688,0.09376602982165694,0.015571030020303007,0.12819214838685047,0.004938679542898237,0.0020056333545161436,0.25954172812740517,-0.019594590834054387,0.0,0.00664174437897267,-0.3829290676342314,0.030188262471811732,-0.0011003292058201896,0.00803935329403244,0.15586583258652054,0.0,0.0,0.036130068695765585,0.0,0.0,0.0,0.0,0.0,0.0
0.3902139443505937,-0.017125849721034418,1.566655311558156,0.34686268780393387,0.07973346757560824,-0.0008299293226159891,-0.1580315093506613,-0.1208061741904759,0.039758629005829695,0.14296738699026054,0.0013736341441940106,0.0005501341477672721,0.2644893232641632,-0.014901982990037506,0.0,0.018725990856485873,-0.055672794673164994,0.12599983860800426,-0.0010841648923112506,0.0257493598587615,0.16889234508456819,0.0,0.0,0.5250810283338616,0.0,0.0,0.0,0.0,0.0,0.0
0.3902139443505937,-0.4483138357612474,-1.5514609962869952,0.18922176610114502,0.00563349271581994,-0.016142701983694666,-0.4113285133472791,-0.1453889327622385,0.06437264336193187,0.059099786700738434,-0.003729252576811022,-9.04845954272265e-05,0.22266014016709357,-0.015479309406913427,0.0,0.005181810166606731,0.20310783377233732,-0.3174211698130773,-0.0013805873098317882,0.004816620183255636,-0.280031563489782,0.0,0.0,-0.8955155856147313,0.0,0.0,0.0,0.0,0.0,0.0
0.3902139443505937,1.0301725094399703,-2.090915747081122,0.2004550141229663,-0.0007200441786648238,0.030918086074354548,0.9720225863046579,0.20297715910115777,-0.002830910137535703,0.11198567306459073,0.0034995201066655595,0.0015590396081504524,0.2788441995231791,-0.005974509609880975,0.0,0.00014855851553899504,-0.05210524802620168,-0.011771109719063451,-0.0014497587721559813,0.009462419793112749,0.08709356226292093,0.0,0.0,0.012086032866394326,0.0,0.0,0.0,0.0,0.0,0.0
0.3902139443505937,-0.5544970087766541,3.749598088773219,0.13067832412190736,0.006939060198468695,0.016655713980242213,1.0035874100295519,0.4650377011171504,-0.03692174165284552,0.13428439292858646,0.0007058731362802408,0.0005727312089816648,0.2514352440823915,-0.005391407207422909,0.0,0.019443666336648072,-0.059358797043634434,0.04863314195108804,-0.0021114157636718004,0.03146377064806684,0.11305565924949879,0.0,0.0,0.04598986979124463,0.0,0.0,0.0,0.0,0.0,0.0
0.3902139443505937,-0.869948504331871,-1.1819438564215772,-0.5120235277471384,0.0066360551586799165,-0.08697852808425852,-0.6177429930138295,-0.19884632240550498,0.039649841247812505,-0.026638917243688054,-0.008995179203600849,-0.0019178531763956136,0.20440342476270815,-0.02004535896960429,0.0,0.0038027769796922543,-0.2996826973321028,0.25517245017096174,-0.0012309417048365662,-0.26217109304217756,0.24030857229238695,0.0,0.0,-0.82069582237356,0.0,0.0,0.0,0.0,0.0,0.0
0.3902139443505937,1.6110231189777948,3.3543200326482823,-0.31245441439278576,-0.012687785370981327,0.010081222584512169,0.7674754350257572,0.5172164359870423,-0.06570362966560772,0.08229855898130006,0.0016082364346259965,0.0009617598213352923,0.2524929495562396,-0.004502019638578569,0.0,0.00782390774235503,0.15788747325799354,0.019820175271014942,-0.0014845354129371493,0.010192925894622586,0.013490831613223364,0.0,0.0,0.023198349619643018,0.0,0.0,0.0,0.0,0.0,0.0
0.3902139443505937,-0.8257621782714085,-0.8491371756630108,-0.5126421612122944,0.006414884923752593,-0.07631365367604587,-0.33569794932507413,-0.16830228189841384,0.18102856984910082,0.05858061487025246,-0.0016752110604381525,-0.0001908215521713949,0.2041047204441157,-0.017948626619771924,0.0,0.0024088848490670797,0.14365469487087532,-0.05515017105089083,-0.0011717266484805493,0.19778915929232474,-1.2543243820943748,0.0,0.0,0.25489083252395667,0.0,0.0,0.0,0.0,0.0,0.0
0.3902139443505937,-0.22329614251132357,2.8495301548341656,0.4040028792200818,0.008868623537473684,-0.03162620495380193,-0.9458493214895151,-0.6314972732664575,-0.17201040052850178,0.14496215646563337,0.0005792130443465406,0.0002078998775054864,0.23451614973689897,-0.00647166648397038,0.0,0.010469560629436181,0.11761838393572747,0.06371018129933381,-0.0010853917835021082,0.024151003733249684,0.1453129585976014,0.0,0.0,0.2594289887739963,0.0,0.0,0.0,0.0,0.0,0.0
0.3902139443505937,0.34438599874827835,-1.0708452758380265,-0.39549595218714995,0.025925857989290774,0.042053345317073186,1.1900788011033212,0.2204502007516353,0.0023294001814284627,0.10134201602594708,0.005666570376497269,0.001643614510882147,0.26396168468558123,-0.008455573520020347,0.0,0.015853213870391535,-0.1047350413699113,0.006609531923166517,-0.0014481798821552394,0.03357904720484316,0.04768186043453948,0.0,0.0,0.12694593602482046,0.0,0.0,0.0,0.0,0.0,0.0
0.3902139443505937,-0.8717328021367328,-1.560017660868687,-0.03613971591671737,0.004849501863253456,0.006284983638663079,-0.4560855227141606,-0.13758767592830132,-0.07870234362501766,-0.004443623114741619,-0.0010939120923344748,-0.00023731299384991008,0.21197276298712853,-0.015773915504279677,0.0,0.006439245937292536,0.056067847967379424,-0.31357591229658727,-0.0013397915002470646,-0.014862940761115955,0.06395754158581783,0.0,0.0,-1.3754893808499136,0.0,0.0,0.0,0.0,0.0,0.0
0.3902139443505937,-0.24464925689369546,-1.1641781534933584,-0.0118712229449739,0.000804122845751459,0.007501071342883833,-0.7822676152502839,-0.18854188848634074,-0.12282535310619919,-0.3208219505123899,0.00295006923612964,-0.0012848492067997607,0.2407238820108968,-0.009995140102396032,0.0,-0.27137049144380515,0.062236348212259325,-0.5930839482471465,-0.004135841501195118,-0.10760052689792095,0.215180313611767,0.0,0.0,-0.12597571905273694,0.0,0.0,0.0,0.0,0.0,0.0
0.3902139443505937,-0.057209627888096096,-0.40831377161612104,0.2737397007094188,0.00320388640894118,0.018106341788289484,-0.30505902557980813,-0.1569683130445784,0.1570142064144645,0.05629633496888379,0.004430840374629893,0.0012847925375656052,0.25414191373438555,-0.013048857043359249,0.0,0.019169288714762096,-0.07758506431304539,0.11178443505404928,-0.0010822301476256008,0.010935027925972346,0.24347860105315922,0.0,0.0,1.6099999418094644,0.0,0.0,0.0,0.0,0.0,0.0
0.3902139443505937,1.2813818159248924,1.7685185447830185,0.09418282984642018,0.009002049144764442,-0.005961380815266405,-1.6506912325675207,-0.6238395194040747,-0.2610817582767247,0.10823183291949999,0.0008986316410987317,0.0007611789716792625,0.2374879692315117,-0.004359098367114871,0.0,0.007227301718429479,0.37373221640740856,0.04314870058185628,-0.001240660651641559,0.020250654670403084,0.03495845243604709,0.0,0.0,0.09858723054434905,0.0,0.0,0.0,0.0,0.0,0.0
0.3902139443505937,0.7311414007450446,-2.052869733209923,0.17547760104688487,0.004245989715342263,0.0062168643117966925,-0.6389007059153113,-0.2171301554661928,-0.03290550751893887,0.018758054004517563,0.005278140443866696,0.004226922048341054,0.23049611653503738,-0.01104271957521432,0.0,0.012857830067715237,-0.0627681815408417,-0.2582306324266233,-0.0015931052331566483,-0.04161330142115411,-0.6932322150679582,0.0,0.0,-0.2368282878537814,0.0,0.0,0.0,0.0,0.0,0.0
0.3902139443505937,0.06349612251507067,3.7455685304506283,0.14207850772735175,0.0006929185701292725,0.0447396281019407,1.2762569014544305,0.6986335499009081,-0.07171310066260965,0.13035529490303788,0.0014319133030580565,0.0005779117382345118,0.2541331939609991,-0.005883666917207554,0.0,0.01967119574572001,-0.06969065163366768,0.03577377980840924,-0.002099079507182031,0.01960100443445237,0.11238500851325965,0.0,0.0,0.022254240922035002,0.0,0.0,0.0,0.0,0.0,0.0
0.3902139443505937,-0.12039943677607015,-1.2591221699051844,0.33828000189543084,0.007016959440607251,-0.0047255688266083385,-0.39067563794924526,-0.17217490393364235,0.02452716017007257,-0.019642678490811905,-0.0024637989145282558,-6.230325758380771e-05,0.2350013362910364,-0.015606325885345607,0.0,0.006419606120716355,-0.0626573002748995,-0.03791539128834492,-0.0010661882456258452,-0.1521214802609447,-0.08188736471538184,0.0,0.0,0.3127798123869971,0.0,0.0,0.0,0.0,0.0,0.0
0.3902139443505937,0.11305962521859278,-1.6589637740430871,0.18413733622248532,0.005001692213243906,-0.023757183196316308,-0.5781332595770353,-0.20700222700272178,-0.008734439990142423,-0.010787593731476933,0.0007844055525542144,0.001304879866298172,0.23457518470900166,-0.010692031525547832,0.0,0.004284381098599645,-0.11982909146868681,-0.8677560150273672,-0.0018022442435387945,-0.10452315365732386,-0.5196876287672669,0.0,0.0,-0.11997120989507228,0.0,0.0,0.0,0.0,0.0,0.0
0.3902139443505937,0.28443234732068834,1.0789907509993302,0.19585239238870228,-0.09175615267979094,-0.009384496228388715,-3.4297130451708,-0.703569170947201,-0.2737874809356494,0.10224805408781043,0.0009887777042579743,0.0003750673600723212,0.2101175163705409,-0.005289989022323986,0.0,0.007138542418746633,0.2866441654210524,-0.019267800154644722,-0.0012931096796517387,0.008827351929363503,0.052539773017516694,0.0,0.0,-0.053491184839205425,0.0,0.0,0.0,0.0,0.0,0.0
0.3902139443505937,1.367592138624961,2.2992837641350534,-0.013086322226681516,0.006452255550862868,0.0050821897406424284,2.3766984911718994,0.19936408598871178,-0.08111643030246438,0.09292078429414824,0.0005909391039096417,0.0009701148529387094,0.25618218112965974,-0.005633307770849642,0.0,0.005452549250057146,-0.11260223780051383,0.007075418821155385,-0.001363332598107019,0.014165728305362831,0.042713613095875264,0.0,0.0,-0.0041507559790524215,0.0,0.0,0.0,0.0,0.0,0.0
0.3902139443505937,-0.5699880863609252,-0.8522972964148163,-0.17369518943614412,0.002809540446587516,-0.11542175308946531,-0.34191228199963586,-0.1525839347525629,0.15168071129354668,0.08409602387507807,0.00368434811874247,0.0012563507368370107,0.23142936562167446,-0.012295743786332945,0.0,0.013618498748041146,-0.22315337272811805,0.36017279523702456,-0.0010626633978823468,-0.0043043994557012254,-0.9905597413760676,0.0,0.0,0.10635149236566131,0.0,0.0,0.0,0.0,0.0,0.0
0.3902139443505937,-1.0372741507941985,1.077657581415318,-1.431245361987812,-0.2820400766509811,-0.08106407043724087,-1.822639081696799,-0.7355813263564572,-0.14069070870360864,0.09444207365874958,-4.31129723113004e-06,0.0002979692540020806,0.21100037248858822,-0.008636786357527536,0.0,0.012453454428726283,-0.2991201523455226,0.061326925353651585,-0.0008781661354413575,0.02597476090649665,0.14054258768416403,0.0,0.0,0.1651936199268373,0.0,0.0,0.0,0.0,0.0,0.0
0.3902139443505937,-0.509671294356164,-1.1574428948578375,0.369161863538745,0.003090899252979569,0.04768240803661469,0.8486336858835851,0.21636358543769535,0.004232718191078297,0.15942561445261705,0.003850471532902053,0.0016579444105740502,0.26368298432008946,-0.00807863363848054,0.0,0.022475680807003684,0.030999975264801433,0.031044949194099978,-0.0016504700593694983,0.023382690205600878,0.16385344848413108,0.0,0.0,0.05176012719672238,0.0,0.0,0.0,0.0,0.0,0.0
0.3902139443505937,-0.7374670814759956,-0.8465034552430801,-0.419950397331998,0.0034296709483231007,0.01934628757444518,-0.35206867157037885,-0.1677365770296001,0.06800923158103002,-0.2526553822462419,0.002783141163737443,0.0006674232265380907,0.23260688221889766,-0.01721012097904293,0.0,0.017327300799201615,-0.29157265311671926,-0.6018872502624478,-0.004130986457182339,-0.004968921724117848,0.13824084319811628,0.0,0.0,0.14320258838767572,0.0,0.0,0.0,0.0,0.0,0.0
0.3902139443505937,-0.334394342960765,-0.9055008156011303,-0.3197219410177753,0.002573514911205359,-0.022323063919198947,-0.6610846796089895,-0.1413431753735112,-0.21427147736450208,-0.3723607408798265,0.0013648652270105378,-0.0001133784647395784,0.24062509731764264,-0.00790736443213049,0.0,0.01326514247561478,0.1810203201181508,-0.022026280536006717,-0.004269163523642354,-0.1392723277674314,-0.3703717064433464,0.0,0.0,-0.40618054135598486,0.0,0.0,0.0,0.0,0.0,0.0
0.3902139443505937,-0.505951731655558,-1.5093677731683075,-0.020634576360798122,0.004704148228439314,-0.010805574793249065,-0.4442486542668944,-0.13582514302076676,0.05026571881170509,0.0003287352489404845,-0.006949548903353264,0.00043145095577567876,0.22897503475252282,-0.014806826837212453,0.0,0.008815831872665351,0.05114074970836151,-0.09828467090654879,-0.001293201680500952,0.009511711072327855,0.16291323907833247,0.0,0.0,-1.0571094988891625,0.0,0.0,0.0,0.0,0.0,0.0
0.3902139443505937,1.4630800362352432,3.549983678010127,-0.2636544144868114,0.017620625537628234,-0.17256792795851522,2.5261701907820076,0.3451321627064006,-0.052058456145008446,0.10502387261969603,0.0016772056049982789,0.0009765780219315582,0.252917937342717,-0.00509260495497788,0.0,0.016875805572938298,-0.06291891995021275,0.011552452829539693,-0.0019916579618512943,0.01608212696158041,0.03374703821746313,0.0,0.0,0.02370027710497351,0.0,0.0,0.0,0.0,0.0,0.0
0.3902139443505937,0.36202947786762674,3.2336305786784947,0.1941643716774793,0.0026572387876748335,0.01882077919354047,1.6934761766174513,0.24202942147510967,-0.07155504107738052,0.13208971974178305,0.0005419752736360109,0.0010116185588027171,0.25580240358737666,-0.006615882113466473,0.0,0.006077830358082857,0.23472296567529202,0.04718025122051329,-0.0014252257361568933,0.009469729534041342,0.10158482692970891,0.0,0.0,0.038495558029509346,0.0,0.0,0.0,0.0,0.0,0.0
0.3902139443505937,-0.8164032809056052,-1.3336199065938819,-0.28958045481116557,0.0019736140338803623,0.03969392613124193,0.9767782861783455,0.13420775671830218,-0.025011685086949596,0.10313473384559176,0.002766378653963664,0.0011560581961943782,0.2488808009718613,-0.012117956270955712,0.0,-0.3695092428651093,-0.24679177291653925,0.021529811984106466,-0.0018475565422955184,0.021890749031427053,0.07695365053018523,0.0,0.0,0.0017527277182249606,0.0,0.0,0.0,0.0,0.0,0.0
0.3902139443505937,-0.6591165017028158,-1.3522510286758913,-0.4914235831392531,-0.004158782181734702,-0.008704125009118263,0.24539956927193327,0.11662121675617616,0.006269202348558171,0.10163424546215788,0.004921410956184097,0.001840401773272089,0.24230228053791864,-0.013676637925255211,0.0,0.012631907786930425,-0.23564076962264563,0.03404341415873,-0.0011952652667991755,0.023112736477228342,0.11035696209298684,0.0,0.0,0.060252651236224856,0.0,0.0,0.0,0.0,0.0,0.0
0.3902139443505937,-0.8778551375858624,-1.1897412003377685,-0.5081953334367478,0.0006982663181390869,-0.18044891076687283,0.6218013644362123,0.12040473272965659,-0.013055506973198079,0.1311950500141783,0.003760346546403274,0.0017019091365756583,0.24574961184630817,-0.011573082730604927,0.0,0.006591766666992414,0.11942164570347558,0.027167408171304225,-0.0013983222094299634,0.026680359311924508,0.1378774657379177,0.0,0.0,0.004588195112818374,0.0,0.0,0.0,0.0,0.0,0.0
0.3902139443505937,-0.03914133008813129,-1.8264797402860702,0.05498040364639039,0.011024043201307026,-0.021667799188644466,-0.5539784967042968,-0.15455486860913897,0.07393769860053966,0.00714192656268314,-0.001199542935920084,-0.00015390435732096585,0.22747749379241247,-0.010017117743759045,0.0,0.011758081992757026,-0.13383651066868307,-0.23986387899459585,-0.001898946883686944,0.08608195372550492,-0.8963394789606266,0.0,0.0,-0.6540938362793914,0.0,0.0,0.0,0.0,0.0,0.0
0.3902139443505937,0.31348836562757837,-1.3836527574477702,-0.3983370358138968,0.0038727866955145683,0.0040314287534442845,-0.36590782127987226,-0.14133249766747655,0.014671314018059456,0.04005487923788546,0.0057451054971573755,0.001111863098668037,0.22607189110524759,-0.011154114396454756,0.0,0.008376525637430379,0.035033595207498595,-0.025459820014580362,-0.003289045758993908,0.01617295996684372,-0.14534498431553214,0.0,0.0,-0.5047611073653825,0.0,0.0,0.0,0.0,0.0,0.0
0.3902139443505937,-0.15044853504356612,-0.9161513384515444,-0.1765452021923215,0.003424254627636897,-0.013516827353313192,-0.28723665340769494,-0.153056655499943,-0.02458666353337929,-0.44521948240534537,0.002265133021345292,0.001289483142985858,0.25437193678149167,-0.012857167012611245,0.0,0.013843366762589931,0.1574996805414475,-0.45918190082924515,-0.004164569308760815,-0.070871546108966,-0.14473232001996847,0.0,0.0,0.1392917590196114,0.0,0.0,0.0,0.0,0.0,0.0
0.3902139443505937,-0.5434273072464544,-1.3779915692546914,-0.4306132295835939,-0.0032980877679843323,-0.17979943615098265,0.774699754696574,0.07271704454238569,-0.0146367380290228,0.12493295426161291,0.001388149229195308,0.0005107064969270907,0.24253184455236018,-0.0071524474247217345,0.0,-0.41328927711058694,-0.3040883780351704,0.07578361129650102,-0.001718155152035627,0.018344456141368086,0.08414557853081461,0.0,0.0,-0.050705865669461475,0.0,0.0,0.0,0.0,0.0,0.0
0.3902139443505937,-0.3396924312271091,-1.1228522669715748,-0.594750315457187,0.00602496167942711,0.008672758462601371,-0.3389585668203137,-0.16116526914040227,0.12555330099040418,-0.4534291843768684,0.001357875967132391,0.0008499234728050456,0.23718193061035556,-0.017728300343541118,0.0,0.021060384485965453,0.227804028347402,-0.32230828071711826,-0.004394588763789752,-0.06504726791550904,0.10952943733149977,0.0,0.0,-0.28843795476940354,0.0,0.0,0.0,0.0,0.0,0.0
0.3902139443505937,-0.35815224100812776,-1.3048653312334866,0.08361508045423728,0.006539375714304473,0.0030313276213557116,-0.43097770900876503,-0.1745623921205194,-0.1196382824666906,-0.05881523983241551,0.005480860934157923,0.0007061499005743145,0.24329473010044064,-0.014871590773553819,0.0,0.0032280903058105343,-0.09036796565000903,0.08990328599454733,-0.001159072557864547,0.06202292656520344,0.11578765596891767,0.0,0.0,1.1012545644134553,0.0,0.0,0.0,0.0,0.0,0.0
0.3902139443505937,-1.8538566759298916,-0.9242947173318198,-0.40393554489383915,-0.03202493658755956,0.00426522082913675,-0.896997983023099,-0.27161265664236606,0.15215704806618618,-0.5477662519049131,0.00041643750769864655,0.0006211914321948001,0.21630666402638823,-0.012949933544808492,0.0,0.016745079247087954,0.11880453298543432,-0.12816251784072766,-0.0046769618534021175,-0.09730321492757799,0.48633628721032063,0.0,0.0,-0.6113237201388896,0.0,0.0,0.0,0.0,0.0,0.0
0.3902139443505937,-0.3005286854631682,-1.594478651733656,0.04155557031305958,0.005842335622370967,0.019768581017107562,0.4867227029187055,0.1275856519142551,0.011250652269471941,0.1289505354863904,0.004469202762392494,0.0017340681164111618,0.2609492897967865,-0.013156655338122178,0.0,0.013843575433853122,-0.13136440977986752,0.033082462356784366,-0.001099652533900197,0.01948767202757811,0.169468650575541,0.0,0.0,0.07573032594124436,0.0,0.0,0.0,0.0,0.0,0.0
0.3902139443505937,-0.31374200317898726,-0.5472933942371777,0.27195411079681175,-0.004721283861376991,0.052631756971131184,0.9879087056053637,0.22118919531726816,0.014141208788456356,0.23138194090750866,0.0030886984814616184,0.001183245066890405,0.27628979824205313,-0.012562048759428611,0.0,0.010202354474248682,0.0020043962578014684,0.11232355443069786,-0.001530700367633804,0.009241547899084117,0.23970679486186758,0.0,0.0,0.25946910160524705,0.0,0.0,0.0,0.0,0.0,0.0
0.3902139443505937,-0.10266160863074936,-1.0183034239833297,0.27084838581279974,0.00438743096248975,0.06793567956886158,1.271036383540646,0.2366994675586943,0.0072557322872948225,0.1813869636478361,0.004206885784794323,0.0012818047484407559,0.27098976276243636,-0.008953237272514387,0.0,0.02285568570326885,0.03696282043854238,0.04977985202212464,-0.0020125053676373693,0.030011105523868518,0.1664569531916618,0.0,0.0,0.12396152369849008,0.0,0.0,0.0,0.0,0.0,0.0
0.3902139443505937,-0.25391725432911816,-0.6156686617544028,-0.0705523532323678,0.0029498093175570794,0.018879498298894785,-0.43699493159127284,-0.12672272944781013,0.047820742982201854,0.36618658677357546,0.004575903554284268,0.002348519688550525,0.24901036140660437,-0.00868819921766346,0.0,0.022180244370868095,0.26211098668960015,0.1840067265527306,-0.0014451409984315795,0.24325310097744954,0.629555968246613,0.0,0.0,0.44959393591912233,0.0,0.0,0.0,0.0,0.0,0.0
0.3902139443505937,-0.15330818934223497,-1.7023599997879744,-0.5082565756450417,-0.03684530403183312,0.002102279364675661,0.5715114750642636,0.20878799796592332,0.00456299784861043,0.1302625927225296,0.003482610411936274,0.0013009611327862121,0.2727586565820508,-0.011541955581090092,0.0,-0.0029805116058379665,-0.007214752667097158,0.011916613090927949,-0.0015786783314901479,-0.010352505545172362,-4.5832348569912054e-05,0.0,0.0,0.0976750996047956,0.0,0.0,0.0,0.0,0.0,0.0
0.3902139443505937,0.36202947786762674,3.2336305786784947,0.1941643716774793,0.0026572387876748335,0.01882077919354047,1.6934761766174513,0.24202942147510967,-0.07155504107738052,0.13208971974178305,0.0005419752736360109,0.0010116185588027171,0.25580240358737666,-0.006615882113466473,0.0,0.006077830358082857,0.23472296567529202,0.04718025122051329,-0.0014252257361568933,0.009469729534041342,0.10158482692970891,0.0,0.0,0.038495558029509346,0.0,0.0,0.0,0.0,0.0,0.0
0.3902139443505937,0.9539259076799838,-2.28616449433723,-0.27053873753132635,0.003653139975516434,-0.19306892546944898,0.8172895928301153,0.1447070431823775,-0.0012002304867520057,0.10446166302168473,0.005472284019218639,0.0019085607120679661,0.2568814563536748,-0.006767111716409955,0.0,0.008994165692164373,0.003100917394033344,-0.006191225649688808,-0.0015498109777806615,0.016620999702343653,0.07063456731032315,0.0,0.0,0.021683888937792595,0.0,0.0,0.0,0.0,0.0,0.0
0.3902139443505937,-1.3550481836536754,1.1352320204019504,-0.4897211900370643,0.015987510572833638,-0.06513853450143686,-3.182938073587287,-0.6921925142215852,-0.2188444289448584,0.07810048456300639,0.00044396454453904974,4.117802489238603e-05,0.19307558186872564,-0.009539998412219221,0.0,0.012775648894373246,-0.18687727731187861,0.037580934898317604,-0.0009036724798293234,0.021953512631987082,0.02202819778661778,0.0,0.0,-0.08627242777481642,0.0,0.0,0.0,0.0,0.0,0.0
0.3902139443505937,-0.654832698209999,-1.466869637097784,-0.40070466258903076,0.006453367195020586,-0.0030357885379113246,-0.5016506765370047,-0.19280695189886418,-0.0599881205401399,0.0012907663395045556,-0.0027331003863492872,-0.0013564803591305165,0.20551874924526942,-0.019723870631827952,0.0,0.00231139003920574,-0.14317905070085044,0.009790952969204484,-0.001238516245166772,0.10165111318875948,0.36035648027163647,0.0,0.0,-0.9509382315606217,0.0,0.0,0.0,0.0,0.0,0.0
0.3902139443505937,1.416260758726399,4.627723067623473,0.4858129751892969,0.014717317513486254,0.03501279444037369,2.4476009002379366,0.6523161852079207,-0.055304621305551346,0.12171503858555646,0.0011487182459750422,0.0006796302353510775,0.2702076936328517,-0.0026387520622287953,0.0,0.014633575976583704,0.02117331350063068,0.0194716795590118,-0.0017360873572727763,0.02065411438890855,0.05439791672050856,0.0,0.0,0.015719267084028946,0.0,0.0,0.0,0.0,0.0,0.0
0.3902139443505937,-0.5041473518894889,4.494743544273431,0.44332545791439004,0.006103556459645539,-0.022818162895649422,1.976874205831836,0.40965925082795185,-0.030525166831035868,0.14181563613483833,0.0006640462189702614,0.0006170331580980325,0.2593465369536283,-0.00466801750342918,0.0,0.02001392340792333,-0.04198313991691234,0.0495007427109129,-0.0015993321928276212,0.029988768855392214,0.10960720064497483,0.0,0.0,0.08107695507054387,0.0,0.0,0.0,0.0,0.0,0.0
0.3902139443505937,-0.404068891512282,-1.6915753358408734,-0.11392457697843228,-0.004745116176137034,0.025604742202939165,0.2694339571360765,0.11129420979255168,0.0025736113089477913,0.19114710176690813,0.004950503891698624,0.0019244048313441136,0.26093851339603313,-0.008574550895713033,0.0,0.004573989127812714,0.13156200353967626,0.03841931491061136,-0.0013760410150938734,0.008065980783343453,0.15295156561995932,0.0,0.0,0.04228606224611723,0.0,0.0,0.0,0.0,0.0,0.0
0.3902139443505937,-1.1406562532663418,-1.0715672868722976,-0.32960258531630376,0.005374714172861747,-0.010802095964386997,-0.43551552784976916,-0.17612877930383872,0.03992534951117254,-0.012869614259943056,-0.0008415112021420775,0.00040854156328094706,0.20773646418838349,-0.01736548792788085,0.0,0.010290295796454291,0.5311849953498556,0.21850377498647175,-0.001223546715964583,-0.18913750679663702,-0.8151692245627127,0.0,0.0,-0.5812316346222741,0.0,0.0,0.0,0.0,0.0,0.0
0.3902139443505937,-0.17272251723587906,-1.7136806912671048,-0.1994595498643436,0.005456221471635175,0.00283511491943305,-0.34209075256526605,-0.12487066738055007,0.16252261163125953,-0.3732771952921066,0.008394932136014823,0.002109908103028598,0.24703963705496348,-0.01171320565798613,0.0,0.01414349678723051,0.07661654457547541,-0.17686069853977537,-0.006194142306037489,-0.042250409108066336,0.2462645663979896,0.0,0.0,-0.280261852014754,0.0,0.0,0.0,0.0,0.0,0.0
0.3902139443505937,-0.2948211219909956,-1.1236867054475854,-0.2248838292585488,0.006197029642623729,0.0009504670489632594,-0.32541863074296473,-0.14845486104687924,0.11476874273829638,-0.24082707346215967,0.003774035652234301,0.0015098134031815763,0.24122444983956834,-0.015339093562832798,0.0,0.013118535619886513,0.1083837031834543,-0.09927936709664612,-0.004538585744865487,-0.08974101410169436,0.20402633727590555,0.0,0.0,-0.241378955492651,0.0,0.0,0.0,0.0,0.0,0.0
0.3902139443505937,2.9854185880655204,0.316061702399892,0.025204887822079153,0.09433755638312416,-0.0006816122832144992,0.777780856139504,0.2504923648861147,-0.0033845602123774732,0.09718515169200735,0.0052268560571319235,0.002142488617004952,0.3033547499856963,-0.004646100452437737,0.0,0.012584244648935799,0.07589523256646453,0.006755356552013027,-0.0013373391549133065,0.01329139666074949,0.09447604952959274,0.0,0.0,0.06927249307226474,0.0,0.0,0.0,0.0,0.0,0.0
0.3902139443505937,0.8147216158352868,-0.8558527793627929,0.24608711562426178,-0.004461894525033957,0.013414132723878872,-0.6565595864334678,-0.23676601586793883,0.06560713326039025,-0.0229504697761724,-0.002510061275489992,0.0006019187678909018,0.25043335803519723,-0.013719121999228806,0.0,-0.003402802490363484,-0.024710778347509565,-0.06440825075526693,-0.0027303467350051416,-0.0825730468388809,0.1408039915402326,0.0,0.0,-0.6622121199568101,0.0,0.0,0.0,0.0,0.0,0.0
0.3902139443505937,1.1640543233889211,-2.3554973412382405,0.5685574027421233,0.003962720769474177,0.04678323955383281,0.8892217194146884,0.17713868926345366,-0.002104133594815716,0.1261133434170555,0.004810582014108959,0.0019727023353319673,0.27768715452737136,-0.004322785378169381,0.0,0.006811409236104513,0.028398451576207226,0.004430283581670665,-0.0014597403522041673,0.020932525176188526,0.09497555430073276,0.0,0.0,0.012003585395886111,0.0,0.0,0.0,0.0,0.0,0.0
0.3902139443505937,-0.7857818536583879,-1.2313976980036196,-0.5812914596758544,0.00035632034101572686,0.03407251377323398,1.0751425086893216,0.15339099092170191,0.004441425395463273,0.12816902460462593,0.005119159121881601,0.0018888889409042478,0.24667519102991617,-0.011110687008999927,0.0,0.022661638723639622,-0.09976759372057939,0.03455050082835645,-0.0025328270548785935,0.025147233425630147,0.107739916612082,0.0,0.0,0.05859860708071767,0.0,0.0,0.0,0.0,0.0,0.0
0.3902139443505937,-0.3215793913159181,-1.0570705591323397,-0.05182350109757294,0.0042841846634892235,-0.004053078176350746,-0.169521586535527,-0.0971469760599417,0.04566741888997862,-0.18964887334306274,0.0031391088972157403,-0.00027210334963303985,-5.627264102760961,-0.01024723964893817,0.0,-0.5375748577178092,0.06465194015293571,0.10365450828250762,-0.0047435744522689605,0.01762177240550136,0.0745170453705269,0.0,0.0,1.0099179620718706,0.0,0.0,0.0,0.0,0.0,0.0
0.3902139443505937,1.0029589067658293,-2.274382626271143,-0.4231421381909325,-0.01485340816267282,-0.13597843726315448,-0.12166964729643226,0.14087256225010894,-0.004104393792501546,0.09319001818706213,0.00509668893021826,0.0018120462439887928,0.2497545400320817,-0.0051464532282638215,0.0,0.009131879673376931,-0.05115914429988012,-0.0014190813594586725,-0.001564612085794568,0.01325914378031137,0.062142619974906735,0.0,0.0,0.011929941955510786,0.0,0.0,0.0,0.0,0.0,0.0
0.3902139443505937,0.06924369405462469,-1.5089403539264883,0.05891021026974903,-0.001958453692589667,-0.06213862340027846,1.2969323942776623,0.1660000688692501,0.021796969192815468,0.16847097564106156,0.004356421894884431,0.0013047570417930338,0.2571477735953276,-0.007873719145813708,0.0,0.02437289903585548,-0.013412230519846998,0.07758345188850553,-0.0018685579618035323,0.031363621555391165,0.13650433707236834,0.0,0.0,0.1685918287548304,0.0,0.0,0.0,0.0,0.0,0.0
0.3902139443505937,-0.13131126803851542,-1.7826487649014935,0.22268014809300563,-0.0013806733376236615,0.0317608475369288,1.1557945694184064,0.1461859601788652,0.012248229917094478,0.24630355310478658,0.004966770194847518,0.0020703571223278415,0.26934223530930007,-0.007289697940572128,0.0,0.008001939206221288,0.11578483651388727,0.037300976420604544,-0.0018683713144408308,0.0017477039963474416,0.16214037026923162,0.0,0.0,0.05284862563811586,0.0,0.0,0.0,0.0,0.0,0.0
0.3902139443505937,0.510469941220361,-1.9665787507046317,-0.0013419417516392868,-0.005198492007644064,0.008891775655938114,0.6036506967774521,0.127440579685044,0.0003955575974567452,0.14468527245875137,0.005096033616214381,0.0024020982932422045,0.2695424355488173,-0.0027915874373677647,0.0,-0.0029753853462372824,0.08546102091281958,-0.0016423592196037984,-0.00157172136749737,0.010964381179051302,0.07998081379094486,0.0,0.0,0.07691667563003601,0.0,0.0,0.0,0.0,0.0,0.0
0.3902139443505937,0.005450337882220593,-1.2443107916905287,0.22491050563698264,0.002996007514545401,-0.000578946086022819,-0.3294507246325476,-0.16579477837919385,-0.016884306157257598,-0.34275014924611763,-0.003745878595113918,-0.0016512622064689985,0.2633602711550799,-0.014244373460158138,0.0,0.4969577142230585,0.22397934578653955,-0.05936004837282927,-0.003902392760357812,0.07809051380556868,0.3201610672998225,0.0,0.0,-0.11743872308511122,0.0,0.0,0.0,0.0,0.0,0.0
0.3902139443505937,-0.18312955645507092,-1.647344199287601,0.1904587421557696,0.002545147693126373,-0.012142333574775234,-0.5103235027586067,-0.17589382210909316,-0.039331183503344906,0.005775490058511364,-0.06568594626415598,-0.10558212658395967,0.21822468894636496,-0.016217752109418837,0.0,-0.009864515268706053,0.0957132033539079,-0.031280087829400054,-0.0013447885740996536,-0.07319352112511408,-0.2590893487147457,0.0,0.0,-1.0457895910590245,0.0,0.0,0.0,0.0,0.0,0.0
0.3902139443505937,0.03358703847323537,3.3088951868827103,0.4639943800312073,0.00014752278394834412,0.01937564258403809,2.168709390273641,0.4166646515258775,-0.05720026261458665,0.1294168657212086,0.0007767030986013827,0.0009872070565532494,0.2594306469188742,-0.005136263086118408,0.0,0.020136325385949328,-0.12005520913019906,0.03731137688155404,-0.0015993321928276212,0.023881047131591775,0.10250542414454426,0.0,0.0,0.03877754756999966,0.0,0.0,0.0,0.0,0.0,0.0
0.3902139443505937,-0.502857511511891,-0.8181208847097842,-0.34006328202529185,0.005093438623753638,-0.003907698691419253,-0.34549394306217746,-0.1973260542978097,0.07831511513099672,-0.02888625514781979,0.0036379466408390133,0.0008569282727097969,0.2319972129611933,-0.01632773819551829,0.0,0.018295845959982977,-0.11689420504355097,0.0515058048122623,-0.004297644361387493,-0.3171258987280424,0.27192268323879554,0.0,0.0,0.06913840018627831,0.0,0.0,0.0,0.0,0.0,0.0
0.3902139443505937,-0.969698353200602,1.824883186921513,-0.7228822047390706,-0.002053817953677764,-0.007548229963161997,1.7264853181443025,0.15283562481992105,-0.05969571206862155,0.12459263487254302,0.0009781976643231732,0.0010164383484923027,0.23219890487214528,-0.007754745689196493,0.0,0.012835171360085579,-0.10980658525605162,0.041408035477813944,-0.001556648262981252,0.02433514202762921,0.10196474707724962,0.0,0.0,0.032462005114493535,0.0,0.0,0.0,0.0,0.0,0.0
0.3902139443505937,-1.471683024862451,0.9675198534616442,-0.8876153316900753,-0.24148267785450148,-0.08267792871727021,-1.7981504534847617,-0.7820255725489482,-0.14756545889355965,0.08832047577449662,-3.383472598174979e-05,0.0005880859452592328,0.21211225130335382,-0.008543667053455311,0.0,0.012566202447356813,-0.057434662097835834,0.06196135836982337,-0.0008781661354413575,0.02535521588438713,0.14063260386181728,0.0,0.0,0.1888373024887254,0.0,0.0,0.0,0.0,0.0,0.0
0.3902139443505937,-0.9061271086690844,-0.5521097031584465,-0.09655443200134509,0.004640445140301846,0.016639432429676086,-0.31035494324216595,-0.15741235281542432,0.19292122391387434,0.06449266285103263,0.0031558974197437675,0.001513157769714112,0.21701122508012727,-0.015596601340395866,0.0,0.009177162889531102,0.4960316700656444,0.09712447940948322,-0.001354748587996558,0.006717785513794258,-0.4632685334253584,0.0,0.0,0.35674405299086737,0.0,0.0,0.0,0.0,0.0,0.0
0.3902139443505937,0.27922400855472196,-1.940482386698807,-0.25707054954145586,0.0007725895760219551,-0.08242692266208171,0.645493737922899,0.14408923896695286,-0.002686777402714711,0.1098018625822515,0.0070165686807996015,0.0021948484857574804,0.2528168897229815,-0.008748116680040071,0.0,0.009751977136025446,0.1297470408122222,0.01679086006727412,-0.0019171798116735563,0.015027749329061044,0.03891100921644638,0.0,0.0,0.07202327542273594,0.0,0.0,0.0,0.0,0.0,0.0
0.3902139443505937,-0.3119485638654956,-1.5312378751779268,-0.1939040607130324,0.0003135456851923975,0.017385150160168353,0.44354844136601923,0.09781561974942815,0.002613565437479044,0.1911421693264285,0.004403256235259793,0.0016473499536950893,0.27420930207628075,0.5935662672986436,0.0,0.0034168442228915546,-0.027412158090516964,-0.004031902572518397,-0.0013716736117378287,0.0078056728010918045,0.13625074795800424,0.0,0.0,-0.08336389283258058,0.0,0.0,0.0,0.0,0.0,0.0
0.3902139443505937,-0.13758460050013196,-1.2036755910961814,0.14457359924273802,0.00555654032255696,-0.0072816453934763815,-0.9480722957589979,-0.1986306270898418,-0.10801559551051605,-0.3376360792321661,-0.0012860041943648756,-0.0009595006987364948,0.2385009809694048,-0.00810289795039907,0.0,0.015054470892179792,0.05406107408809769,-0.08535250513752683,-0.004603677763947383,-0.01961882004799516,0.09359928958286587,0.0,0.0,-0.4711766352036224,0.0,0.0,0.0,0.0,0.0,0.0
0.3902139443505937,-0.6382214077858895,-1.3938840086666828,-0.42058140623574647,0.0057136947702126056,0.0022343039633466507,-0.5626366858077356,-0.19280338451724718,0.0838459109127214,-0.04750066488920867,-0.004317686672315085,-0.0019335745871291352,0.217296138379235,-0.01791118113650853,0.0,0.005901992063647091,0.2548038256558718,-0.1494374190455525,-0.0012845171932518733,-0.4101858328885101,0.12424753655120481,0.0,0.0,-0.4437062957841868,0.0,0.0,0.0,0.0,0.0,0.0
0.3902139443505937,0.5267216422581752,3.850862238560875,0.6257989246646032,0.0018265214355677743,0.13308462336890536,0.475770842707027,0.3537564080875262,-0.0857760747249294,0.1097291339474908,0.0015467539049146993,0.0006196267724163251,0.25701657733833994,-0.0037229723026711886,0.0,0.016361570967082382,0.027101868899642678,-0.0025971978106735984,-0.002341370083539897,0.019736295263518205,0.04181225659888492,0.0,0.0,0.004080460368022414,0.0,0.0,0.0,0.0,0.0,0.0
0.3902139443505937,-0.4169260679708221,-1.4047002116583307,-0.23067979068544112,-0.0027808723704995284,-0.06947631200048372,0.5590575262710381,0.11331239511653543,0.007467540388888809,0.15320873569389323,0.0038923228343240397,0.0010810735625220557,0.2580983070912035,-0.007291066680323196,0.0,0.005686967303136346,0.1254811355218216,0.05311534864039733,-0.0013577352066696034,0.008018435775026164,0.1147761747340526,0.0,0.0,0.03086306941010578,0.0,0.0,0.0,0.0,0.0,0.0
0.3902139443505937,0.7433546851267203,-1.3353306251228712,0.6736367768780145,0.0074775462335739664,-0.003919558867917038,-0.21143287694441337,-0.15776034293242994,-0.03189610098199387,-0.3949555922551896,0.007572889573723022,0.004742595694083449,0.2806980741277612,-0.00670525500143266,0.0,0.02194192303299561,0.11462347246160702,0.012174438326308875,-0.004519742807278686,0.019372787804201822,0.03958504206396223,0.0,0.0,0.3331605095759588,0.0,0.0,0.0,0.0,0.0,0.0
0.3902139443505937,-0.5502238795054084,-1.0439066499607728,0.26171973206853216,0.004617665695387208,0.005636384452470545,-0.500661514126197,-0.18912608313107454,0.00349631356192143,-0.05353549611387688,-0.0027912104008823804,-0.000833386923736315,0.22350108260154594,-0.01680856808018869,0.0,0.004533838830043997,0.026063131501503252,-0.02879576076172694,-0.0011113469071968105,0.03281441895382064,-0.011069017951657944,0.0,0.0,-0.08977842951902384,0.0,0.0,0.0,0.0,0.0,0.0
0.3902139443505937,-0.33725610961800145,-1.216527273028832,0.23092832589997417,0.0037774255513700716,0.026159019754800738,-0.29004796302936575,-0.17418572145912767,-0.02285027915064779,0.03539242953246611,0.002961408589078299,0.0009007307525662095,0.2544662247087841,-0.013714622820913782,0.0,0.014031921739035955,0.3051296595290708,1.2445836037906752,-0.001224324662417415,-0.025281906945003506,0.09910521553181575,0.0,0.0,0.6553183930440035,0.0,0.0,0.0,0.0,0.0,0.0
0.3902139443505937,2.8320221118623654,0.7389516446772461,0.3580426792169108,0.010993896161168006,0.022927771372152177,1.4006363844012055,0.2626964762753102,-0.015208689252536923,0.1480265198408517,0.003346058194264591,0.0014733268900351932,0.32506443889122855,-0.0073815788260716275,0.0,0.004056356261390874,0.20627205552238648,-0.004277491618678166,-0.0015077411791306694,0.015116720778275704,0.06494592434500657,0.0,0.0,0.036335851188469576,0.0,0.0,0.0,0.0,0.0,0.0
0.3902139443505937,-0.19107011526371437,-2.238988251600149,-0.037782107296586785,-0.001122766506498993,0.03228469760096725,0.4110854807060561,0.13935015367064427,-0.01407155602784217,0.14696896174432061,0.006542896760899478,0.0021920208087463596,0.25807915237943335,-0.006735172369534709,0.0,0.0035149151620072973,-0.1516586205215062,0.0011053973866236237,-0.002329446954313887,0.005578331510421943,0.04447726122053725,0.0,0.0,0.028014775361395104,0.0,0.0,0.0,0.0,0.0,0.0
0.3902139443505937,-0.7256605373805891,-1.1931950093885644,-0.35747948707853494,0.0018952507626717097,0.01469120207707526,0.7593045794273763,0.11662875544432065,0.006110976300472466,0.10750142405739814,0.005125212813251614,0.0018658558685946392,0.2535520640411231,-0.015675122903621202,0.0,0.01402026651770674,-0.08171861988405892,0.034181162096355515,-0.0011952652667991755,0.023661102455682637,0.11138708531459082,0.0,0.0,0.061609185184222814,0.0,0.0,0.0,0.0,0.0,0.0
0.3902139443505937,-0.4170723408737048,-0.7282995273266522,0.3203260813691803,0.005433811038296147,0.01405806565143158,-0.4279950094584799,-0.19510364485942203,-0.14673038905174096,-0.02228513974035602,-0.006560626286370368,-0.003073973704038511,0.23540135856448843,-0.019967172797743123,0.0,0.0075889778342768015,-0.03526061200111567,0.12460266092343031,-0.0011351509004201249,-0.11015911995814616,0.32953334848352345,0.0,0.0,0.2093607020992109,0.0,0.0,0.0,0.0,0.0,0.0
0.3902139443505937,-0.21821691566265464,-0.9463546533185703,0.013376160914890979,0.0038360066293017777,-0.02718467482796874,-0.37342922623905866,-0.18398743199508114,0.08644890096425037,0.07126376584911821,0.001104852404857615,0.0005358055911165574,0.23453864030023727,-0.015725530033949702,0.0,0.0081910419282295,0.004407042520302661,-0.12722388633781687,-0.0011098355616025028,-0.24633251138495696,0.2957426827759606,0.0,0.0,-0.13404637971822675,0.0,0.0,0.0,0.0,0.0,0.0
0.3902139443505937,-0.2670309988548135,-0.8443247611067028,-0.22061271221829806,0.0027848589725262335,0.002524549367985017,-0.11917323476679266,-0.10807274236987012,0.025621270883290772,-0.5632896099445676,0.0001565272175810642,0.0009932821032864496,-5.380214728008909,-0.00878737610610924,0.0,0.016214693540653212,-0.10739546993887784,-0.20170891682989867,-0.004390145686923132,0.03868148426661477,0.17935126109396377,0.0,0.0,-0.3798213294984933,0.0,0.0,0.0,0.0,0.0,0.0
0.3902139443505937,-0.02688357408834506,-1.2932792376889768,0.06957475587195194,0.0029164794245063992,-0.0079011481446197,-0.3293016870415388,-0.16226173819859585,-0.01900242031922761,-0.3346391568553752,0.0020993489646961533,0.00030728376348514944,0.26436913559965375,-0.011608623815445083,0.0,-0.006285551731321059,0.09428996402549587,0.0032249783852788022,-0.003942527946194674,0.01670616331272637,0.20684187719686878,0.0,0.0,-0.016003776418866338,0.0,0.0,0.0,0.0,0.0,0.0
0.3902139443505937,-0.7320932172314261,-0.6907156341568452,-0.5292351197032832,0.005414709124205713,-0.07492296551207202,-1.0196548036917974,-0.20264884939500355,0.20644792088202332,-0.24968560237053294,-0.0003506590467472442,-0.0003584974549721568,0.21226828348033344,-0.013059128797430382,0.0,-0.01175898278938892,0.07686515296736057,-0.18282240518920725,-0.004789864260052476,-0.4214752010550279,-0.07371656903521798,0.0,0.0,-0.6871571242139192,0.0,0.0,0.0,0.0,0.0,0.0
0.3902139443505937,-0.3287821255228348,-1.1113091688088634,0.023892125133479943,0.002409266828549638,-0.0039052327326776527,-0.36384389658494076,-0.16746153541691003,0.005765318346883203,-0.05026424441132655,0.0028368618013510784,0.000755603004572183,0.22607934803386628,-0.012817209040777782,0.0,0.007362676502183009,-0.03630926983256136,0.09424201785939128,-0.0011564667996231618,0.10579664867280182,0.18806925535601135,0.0,0.0,0.06032817262208104,0.0,0.0,0.0,0.0,0.0,0.0
0.3902139443505937,-1.7870242500482736,-0.5653945913677443,-0.479620655575878,-0.032219611784541614,-0.01813389473658031,-0.5777409025164569,-0.2582466564087998,0.07464558367125268,-0.5084171989663332,-0.0013586461241502728,0.00010666460901120948,0.23731126815022544,-0.014584577028080529,0.0,0.024581938538591443,0.05125655255896233,-0.12014545317917068,-0.004152937002015819,-0.04909470024870506,0.23772887768453002,0.0,0.0,-0.20617164192041185,0.0,0.0,0.0,0.0,0.0,0.0
0.3902139443505937,-0.008667325324049315,-2.0517828361982864,0.21706929311449122,5.780048434229744e-05,-0.0249141623330941,0.3099754026912704,0.1557800813560533,0.0024527950162117336,0.16423554587138958,0.004236183286549598,0.0018931694632896045,0.2746523623006359,-0.006643352841512227,0.0,-0.00507809235830933,0.29862793404333876,-0.015537654649583444,-0.0015466588274068655,0.009305228881202556,0.057838129821154625,0.0,0.0,0.06550180574422428,0.0,0.0,0.0,0.0,0.0,0.0
0.3902139443505937,-0.34168482961202756,-0.8372432585351101,0.2765534416253909,0.00303412937880487,-0.005628611777050128,-0.07440561379247788,-0.12036410844833793,-0.009082302920167354,-0.008549698072994806,-0.0024646435190514896,-0.0006994152929347548,-5.62855929940872,-0.008987580312689394,0.0,0.00233973970758692,0.11509491069172197,0.09379845016876968,-0.004336629801593327,0.027103965840645994,0.011013441909855747,0.0,0.0,0.26174282397805315,0.0,0.0,0.0,0.0,0.0,0.0
0.3902139443505937,0.48445582213614574,5.197411266922353,0.2543428002253278,0.036746399918240025,0.022922757826192557,1.457425553680555,0.3738624111468884,-0.03246195648415964,0.11687002916021544,0.0016770099229993242,0.000718727833678961,0.26213803360356147,-0.0025100679401802188,0.0,0.01135461710904905,-0.030708879037556737,0.010561108350571023,-0.0014748760687181776,0.022268517761596943,0.04474235843162443,0.0,0.0,0.048932048172192634,0.0,0.0,0.0,0.0,0.0,0.0
0.3902139443505937,0.016352416179427016,2.9504204445374462,0.10362071813788516,0.0024194076924667347,0.019946914674318438,1.9968313525965726,0.3158113262168503,-0.05939128429785114,0.11117841314061465,0.001280121558388796,0.0009421207123006111,0.25395531706186975,-0.0059666544808907205,0.0,0.013349270900458865,-0.12005473988189917,0.03755700937828355,-0.0012346652227878986,0.017296581984866492,0.10071556420762579,0.0,0.0,0.03478352392453078,0.0,0.0,0.0,0.0,0.0,0.0
0.3902139443505937,-0.2238323557174325,-1.3202480528514513,0.3082340427394442,0.0035851319420449083,-0.01643383741252685,-0.7286135102540816,-0.18447919754504882,-0.0516692553267382,-0.35147847696031104,0.0022871981148556513,0.0012501644210511612,0.24144640891723046,-0.009778136410702156,0.0,0.03651083750779113,0.08254089264542223,-0.20329940473100125,-0.004214110905312234,-0.11404629277342099,0.010203005311834391,0.0,0.0,-0.2972785438238117,0.0,0.0,0.0,0.0,0.0,0.0
0.3902139443505937,-0.35415426079069223,-1.4785329820193962,0.0992116908971214,-0.0028563782143781673,0.03161707249171249,0.8618305455034043,0.1949508857148405,0.008303441234572962,0.1389525864933484,0.0023915017799888043,0.000976808708997907,0.2706369022405508,-0.017233808642535226,0.0,0.010470403065835262,-0.04800140701332105,0.08077611776749033,-0.0013154240714991626,0.02129275094084327,0.1592771786874341,0.0,0.0,-0.030888012130072966,0.0,0.0,0.0,0.0,0.0,0.0
0.3902139443505937,2.771293860052225,-0.41184337942306987,0.4979197497272525,0.005045479263595571,0.049234296931972496,1.0276242482490678,0.2106314729882117,-0.013470034438448797,0.127429207410809,0.004943490194366649,0.0021976806963831365,0.3092319662951214,-0.003532893934746971,0.0,0.007106981048429562,0.06956218701930487,0.008532672584018717,-0.0017893595947243888,0.02085264341252112,0.08521869829406116,0.0,0.0,0.013856188086528226,0.0,0.0,0.0,0.0,0.0,0.0
0.3902139443505937,-0.34695597906968756,-1.8344878879521525,0.06434082172085977,0.0009602927882641563,0.01898010136345823,0.4275398780718894,0.09380328801240806,0.015329706894042157,0.13254720425094307,0.005044711069267873,0.0019409141966124483,0.2614802709254914,-0.0257888525054177,0.0,0.00802256049237643,-0.21567705487129854,0.02974870120570095,-0.0011003292058201896,0.007706003188298226,0.15740021070143687,0.0,0.0,0.035973753281528874,0.0,0.0,0.0,0.0,0.0,0.0
0.3902139443505937,-0.29606808920008465,-1.3707480589372862,-0.042465085470375086,0.006088931815335015,-0.008171873027280329,-0.5064928343391984,-0.1700279505088051,0.02601800912618867,0.019072199018728902,0.003226127078497594,0.0006849696479206441,0.2127304048928304,-0.017614585053190683,0.0,0.001047086239966123,-0.14356361774847087,-0.19896834877719127,-0.0012233192827340014,-0.048142434174098636,-0.261489947195275,0.0,0.0,-0.8946971867828536,0.0,0.0,0.0,0.0,0.0,0.0
0.3902139443505937,-0.6773346547164081,1.964523089560292,-0.5797279348103194,0.036669462526192347,-0.07574120991574232,-1.7572883049292807,-0.7547620332192598,-0.2036530234925741,0.09218843432262627,0.0009758952062916544,0.00026708933385436064,0.21625335952729327,-0.010056323875393347,0.0,0.012216837242273081,-0.2559232300578568,0.054003294682680655,-0.0009040567733012662,0.016352743147795598,0.08444984943072026,0.0,0.0,0.04154541315768137,0.0,0.0,0.0,0.0,0.0,0.0
0.3902139443505937,-0.30114101485872863,-1.8239396572990798,-0.2599811595203295,0.005349231225355715,-0.00691166448402831,-0.35833134430617253,-0.13711972201610348,0.1339131808374004,-0.3695600894765844,0.00934564283006504,0.0023403371692331913,0.24681661000458,-0.010722520775239202,0.0,0.016068482925684698,0.033199446097421384,-0.29148244925747907,-0.006346305959041101,-0.08436838779921414,-0.05546128163064283,0.0,0.0,-0.21383547617577256,0.0,0.0,0.0,0.0,0.0,0.0
0.3902139443505937,-0.362604485417892,-0.7014853849866745,0.39864634625255513,0.002258769982929349,-0.013785419791982823,-0.3209663214623913,-0.16621244874103278,-0.010116220684672881,0.001654242721974428,0.001758196133850321,0.000606097462681085,0.23322301830202527,-0.020658219333410353,0.0,0.00485923791470332,-0.11486143377689509,-0.0035126658494920564,-0.0011808521670504059,0.026257526075673512,-0.4731951725738387,0.0,0.0,0.25124223331665385,0.0,0.0,0.0,0.0,0.0,0.0
0.3902139443505937,-0.26150783478834266,-1.3729420751309465,0.20208827203128532,0.0055347926772410854,-0.0005300994594779652,-0.4704706710101456,-0.20044515040292715,-0.01896309444814975,-0.03453168840967549,0.0005786253211330402,0.00035080694427533035,0.23090566576757088,-0.019019200761597823,0.0,-0.0036438898186296163,-0.043403475202240194,-0.16815021354174148,-0.0011108333272102056,-0.350582351236121,0.034898610767225856,0.0,0.0,-0.5835029515924639,0.0,0.0,0.0,0.0,0.0,0.0
0.3902139443505937,-0.8073956031007483,-1.0424991811898079,-0.45758007333749157,-0.003906821517922888,-0.10876322331468329,0.5403009750969568,0.14529456552319647,-0.010432489600430299,0.07174254987192423,0.0038072102467872826,0.0017329363234359666,0.24383998069881868,-0.012782597360921088,0.0,0.012029322120871358,-0.08587905023147113,0.025937731149733533,-0.0011881264666336337,0.029569952360899186,0.14325499298807198,0.0,0.0,0.03354233658314184,0.0,0.0,0.0,0.0,0.0,0.0
0.3902139443505937,2.8320221118623654,0.7389516446772461,0.3580426792169108,0.010993896161168006,0.022927771372152177,1.4006363844012055,0.2626964762753102,-0.015208689252536923,0.1480265198408517,0.003346058194264591,0.0014733268900351932,0.32506443889122855,-0.0073815788260716275,0.0,0.004056356261390874,0.20627205552238648,-0.004277491618678166,-0.0015077411791306694,0.015116720778275704,0.06494592434500657,0.0,0.0,0.036335851188469576,0.0,0.0,0.0,0.0,0.0,0.0
0.3902139443505937,-0.10266160863074936,-1.0183034239833297,0.27084838581279974,0.00438743096248975,0.06793567956886158,1.271036383540646,0.2366994675586943,0.0072557322872948225,0.1813869636478361,0.004206885784794323,0.0012818047484407559,0.27098976276243636,-0.008953237272514387,0.0,0.02285568570326885,0.03696282043854238,0.04977985202212464,-0.0020125053676373693,0.030011105523868518,0.1664569531916618,0.0,0.0,0.12396152369849008,0.0,0.0,0.0,0.0,0.0,0.0
0.3902139443505937,-0.04984613522118111,-0.9580565896135922,-0.055281344279237594,0.0028511319791434736,0.03185905903914897,-0.299478232937864,-0.17611818389081063,-0.03359509689513079,0.011455308872354766,0.0009328734843182709,0.0004546903252348657,0.23525719499695447,-0.020909535761760894,0.0,0.006533369721166229,-0.01915231036353855,0.19415114390841795,-0.0012027171273136757,0.09362523960311239,0.4729876234079356,0.0,0.0,0.12497962234264379,0.0,0.0,0.0,0.0,0.0,0.0
0.3902139443505937,0.43539196892409204,4.1182840345485685,0.3482540654697199,0.04002128065444324,0.09767133034274462,2.1657609300452005,0.37312451976756955,-0.04726866304530474,0.13226490678211283,0.0009406762799065719,0.0010128619362044713,0.2630326460767546,-0.0019100403611119663,0.0,0.017237546855254693,-0.02412735103900134,0.003010855421589387,-0.0018395430387579002,0.027497973042525964,0.0404477328450311,0.0,0.0,0.04200012803905734,0.0,0.0,0.0,0.0,0.0,0.0
0.3902139443505937,0.24786282435301796,4.267031004435078,0.1396464527955402,0.0020437091333408526,0.13075722471204104,0.5198574675683156,0.3239240724763283,-0.08464578403443133,0.10801871528346954,0.0018013214135653753,0.0006099155125333433,0.2521805626775024,-0.00444145723726831,0.0,0.014447288192645576,-0.06209805068968119,-0.0075902854757843455,-0.002329033827050128,0.015602190408025431,0.03759340980266547,0.0,0.0,-0.002481006463455242,0.0,0.0,0.0,0.0,0.0,0.0
0.3902139443505937,-0.22702347505647355,4.868006172944251,0.1129025248317566,0.009542862895703379,0.04694889487733672,1.1773637556385559,0.5395715357073572,-0.04289111990911826,0.1281588931394575,0.0011299212597514657,0.0004857078694179772,0.2538470899741895,-0.005573928863676078,0.0,0.01842842865570844,-0.0090617474295907,0.043665452680632266,-0.002099079507182031,0.028293315139420214,0.1171205824728138,0.0,0.0,0.04417439128334836,0.0,0.0,0.0,0.0,0.0,0.0
0.3902139443505937,-0.42528388618000784,-1.766866048658485,-0.07712385640855311,-0.005595085042450543,0.02334995500168058,0.6006086105839209,0.12500550784013217,0.020205422058521952,0.13840892512884623,0.00255837056911976,0.0008660068138907395,0.26629566325074183,-0.031625021450332164,0.0,0.006562029780162396,-0.3650239991865355,0.05824486238140288,-0.0011201489322758146,0.0025621052380052196,0.11782068124603969,0.0,0.0,0.08723992880906903,0.0,0.0,0.0,0.0,0.0,0.0
0.3902139443505937,0.1114453434748219,3.4183613033730342,0.5035688988045334,0.001388071638127824,0.03186802285992187,2.1429221139288837,0.3338237172101945,-0.048688543936572896,0.13011095501927877,0.0006840150419547292,0.0008911397712183614,0.2559268389199776,-0.005052934982517398,0.0,0.020464613485087896,-0.018747154984598977,0.041164833185009374,-0.0015993321928276212,0.029737039694191406,0.10662755060985786,0.0,0.0,0.09142864378809308,0.0,0.0,0.0,0.0,0.0,0.0
0.3902139443505937,0.044254854252246546,-1.9583871675213615,-0.03186917472280142,0.0020582351575085356,0.010997637945417471,0.4559270767445203,0.1452601686659407,-0.0031402966650665104,0.15586471557239687,0.00577794426496827,0.002260964993539012,0.26740092882276195,-0.0028205999986314454,0.0,0.0008946228266445138,-0.18340804002033778,-0.006842090877946064,-0.0015746202994966472,0.00913453848441942,0.055869563697424615,0.0,0.0,0.048213852269527756,0.0,0.0,0.0,0.0,0.0,0.0
0.3902139443505937,-0.9058459597798915,-1.3743093315240096,-0.11053147321687273,0.0007182974271460934,-0.023152150965753238,-0.5004552370582558,-0.16231676330550576,-0.04671065968631676,-0.3314190884138532,-0.0005693169105270938,0.0009872417497374887,0.23923536594267744,-0.009904702576155871,0.0,0.03358824193983853,0.11229178559280825,0.1258598599201811,-0.004156167411851643,-0.07937919684827137,0.12452585106488892,0.0,0.0,0.02180300545003402,0.0,0.0,0.0,0.0,0.0,0.0
0.3902139443505937,-0.5857403381604509,-1.469572532233964,-0.5267349223455781,-0.016162875745462633,0.004687554194427904,-0.5634447176102753,0.09810812688702239,0.0012530763146583112,0.11767486749919041,0.004631401976295902,0.0018056527016985424,0.23063795823892874,-0.009880289063215057,0.0,0.014718347771063655,0.05997057682580334,0.033955378074488514,-0.001405506433574094,0.01780554571009252,0.1019618317672184,0.0,0.0,0.03995295114236475,0.0,0.0,0.0,0.0,0.0,0.0
0.3902139443505937,-0.6585761250363921,-0.8983911507338238,-0.31684437791165865,0.003828704391047001,-0.04427996726913382,-0.2596061502856511,-0.17053512017942818,0.13355323449111892,-0.2224844085151711,0.002426958246100517,0.0007692703154152856,0.2361046429343822,-0.017747421513876472,0.0,0.0009122615824228839,0.1759249203677043,-0.1588726874392805,-0.004308448322955663,-0.06505155083773885,0.3901227294147028,0.0,0.0,-0.09911457684773073,0.0,0.0,0.0,0.0,0.0,0.0
0.3902139443505937,-0.4169260679708221,-1.4047002116583307,-0.23067979068544112,-0.0027808723704995284,-0.06947631200048372,0.5590575262710381,0.11331239511653543,0.007467540388888809,0.15320873569389323,0.0038923228343240397,0.0010810735625220557,0.2580983070912035,-0.007291066680323196,0.0,0.005686967303136346,0.1254811355218216,0.05311534864039733,-0.0013577352066696034,0.008018435775026164,0.1147761747340526,0.0,0.0,0.03086306941010578,0.0,0.0,0.0,0.0,0.0,0.0
0.3902139443505937,-0.5740279867982503,-1.6011666315192699,-0.22502894878701143,-0.0010369807648317223,-0.1142804425668597,1.0785964582251695,0.17960018246536108,0.011620641838166286,0.13630402053121382,0.004361345777615601,0.0012830876160289733,0.24293760757086183,-0.009204746322039584,0.0,0.02311213929155995,0.016271381079075043,0.050463310048741036,-0.0018685579618035323,0.0288798977797282,0.1162654520704306,0.0,0.0,0.09942868777845397,0.0,0.0,0.0,0.0,0.0,0.0
0.3902139443505937,1.4595997138459234,-2.251769344076085,0.2411067318241513,-0.005023793233034819,0.06505041168672522,0.8429773837608465,0.25427504494318404,0.002145722864813143,0.1045660111860536,0.005042140834744977,0.0021629827913937786,0.27565136114345895,-0.00782577748610397,0.0,0.0024305628366938664,-0.2688612640198677,0.012066421648046182,-0.0012855056826934187,0.018571429403078342,0.09680726691386057,0.0,0.0,0.021468960680291884,0.0,0.0,0.0,0.0,0.0,0.0
0.3902139443505937,0.31614811212167876,-1.8247316218813063,0.013906975993790588,0.004003008548318848,0.008421409032995819,-0.44367734506167816,-0.10033933609670903,-0.01800833586316786,-0.004829209877716682,-0.006641356104102045,-0.00274628280577454,0.23469625536181066,-0.011301817236389332,0.0,0.010518412767878606,0.029666601629728305,0.020944394715814527,-0.0025359618490283942,-0.18482191455093902,0.27984733983450655,0.0,0.0,-0.3688018024798004,0.0,0.0,0.0,0.0,0.0,0.0
0.3902139443505937,-0.2930947278351983,-1.702948865058549,-0.24155744008305768,-0.005717016834824817,-0.0022053419943146063,0.3279487365260958,0.09491742120792827,-0.004089929789558875,0.1755104096196268,0.0035514451015543694,0.0010930470445188174,0.256084539221081,-0.01609511612418519,0.0,0.003952578909334869,0.18733482076793365,0.07762786310902287,-0.0013644242978044074,0.019834592027912476,0.09591670569689001,0.0,0.0,0.004288396634927919,0.0,0.0,0.0,0.0,0.0,0.0
0.3902139443505937,-0.3112471754825939,-1.2195605729605095,0.3117223926307696,0.0055571746264363375,0.006398149767563994,-0.3863128810917648,-0.13313245252532704,0.11796015911518491,0.0021949028303102757,-0.00735805207835426,-0.0025431478251398626,0.24523954386571142,-0.012606938617934943,0.0,0.0028936596864032327,0.13254551653350535,-0.1315680968029958,-0.0013475052975182862,0.053745761129589405,0.1629761673904469,0.0,0.0,0.8042309024814931,0.0,0.0,0.0,0.0,0.0,0.0
0.3902139443505937,-0.8819867513287527,-0.9472387295117646,-0.43250848548118476,0.006086269905674032,-0.025952415201764088,-0.38919714383242315,-0.14529451978139163,0.16040366570964798,0.058523517103173446,-0.0015163342112091956,0.00023497331730455614,0.20009382886591798,-0.017053289964532307,0.0,0.0032820189794996236,-0.1338375522050084,-0.02080737121101129,-0.001437487145448369,0.1188227716729582,-1.4362907904705509,0.0,0.0,0.06505072949960698,0.0,0.0,0.0,0.0,0.0,0.0
0.3902139443505937,-0.3621876217707644,-3.0232793348322087,-0.26470142604767205,-0.0014652857471775858,-0.045150400203773505,-0.7740665262656008,-0.12277993215368815,-0.13130269461883187,-0.9417752791006537,0.00016155881061795556,0.0002781961126891342,-0.6402990932172031,-0.012830400532747817,0.0,0.10406346290775101,0.12093148607762975,-0.2556371572640634,-0.025627507541266834,-0.24174327943439006,0.04795657783218934,0.0,0.0,-1.2590580263030768,0.0,0.0,0.0,0.0,0.0,0.0
0.3902139443505937,-0.7352637338282234,-1.1463214608146874,-0.575867046827097,0.003946574378149689,-0.09495884869552321,-0.5034100018315063,-0.18254936532479552,0.04831477272978178,-0.1271044345765741,-0.004947009200654733,-0.0009065973781681497,0.20809907012634482,-0.016793652769450145,0.0,0.0022040566875808337,0.14532060643212272,-0.2160984616882601,-0.001340077630315852,-0.16727079376786894,-0.5979097521317425,0.0,0.0,-0.07088773706063059,0.0,0.0,0.0,0.0,0.0,0.0
0.3902139443505937,0.4102572213256946,3.6163028408663442,0.20308433220715125,-0.00944103065064723,0.003926168684074249,0.9434394571930278,0.445475657398067,-0.06641623239108661,0.10232356840489694,0.0007761023575511277,0.001044069197575522,0.2536920322225031,-0.00603893760057316,0.0,0.008553719118869896,0.2864970961222167,0.041737964726174644,-0.0012242733858770605,0.008447454878402219,0.09765240040843151,0.0,0.0,0.03729355461408595,0.0,0.0,0.0,0.0,0.0,0.0
0.3902139443505937,0.6947643635429848,1.7555878540592496,0.39255161445994313,0.012600322829565195,-0.04629493875149514,-2.6418323773412324,-0.7247299097187436,-0.1993887744052245,0.09309065869950169,-4.5114916812784154e-05,0.0002704008471340787,0.21777301637893867,-0.006230230790849754,0.0,0.01750954544690734,-0.14460341517292133,0.04453657771995264,-0.0008768131301854952,0.025214032425090415,0.1286812536332924,0.0,0.0,0.04943028499972185,0.0,0.0,0.0,0.0,0.0,0.0
0.3902139443505937,-0.4684985322015427,4.247880413241841,0.40572618479823397,0.013788214813958815,0.04811315616346141,1.1253771125248608,0.3951064067421112,-0.04060044888666519,0.12102088112656201,0.0008339853722291122,0.000574281839625633,0.2521741845311114,-0.00537509995885879,0.0,0.020378848606216648,-0.00012922329552165224,0.03694170718929576,-0.0021114157636718004,0.029709692316940206,0.10865489783416238,0.0,0.0,0.03371857033782366,0.0,0.0,0.0,0.0,0.0,0.0
0.3902139443505937,-0.1819744660097694,-2.020501084303357,-0.2025144139680796,9.333212042428409e-05,0.01662273842809155,-0.8328941178340509,-0.18816205164409744,-0.024642422298213288,-0.5049935902485786,0.0014296286761522514,0.00042211185351997645,0.24515435194830315,-0.015532894515709291,0.0,0.007743231107101073,0.2017208078492733,-0.1636789086628128,-0.00471741488545186,0.09569334186560462,0.21834497189526758,0.0,0.0,-0.3171220593565518,0.0,0.0,0.0,0.0,0.0,0.0
0.3902139443505937,-0.2599294081221809,-1.7799110890737098,0.16254204215883905,0.001909015733594559,0.029038065977475422,0.7542742126998029,0.2006783835678558,0.014552827220555117,0.151983917429062,0.005044049540544824,0.0019762559898831226,0.2634682711767565,-0.01084415320322533,0.0,0.010501894522277715,-0.03046308316947647,0.03091368319592229,-0.001290892444625403,0.008977108842388684,0.15877604475018323,0.0,0.0,0.03925681790390478,0.0,0.0,0.0,0.0,0.0,0.0
0.3902139443505937,-0.1863273751873254,-1.596506637291014,0.07651694944195112,0.0029516886856321874,-0.00031742571067540435,-0.5481142967800405,-0.201064641914882,-0.006959077411907165,-0.051297946793266665,-0.0009570277149684001,0.0008449428151817203,0.21769591267861774,-0.016874420214438367,0.0,0.0036208625287298376,-0.3737947912394808,-0.059585025424582445,-0.001311442088724143,0.03864674677395617,-0.01845314841370831,0.0,0.0,-0.8413954615348599,0.0,0.0,0.0,0.0,0.0,0.0
0.3902139443505937,0.25047430958824907,-0.554795335997404,-0.1506134417482758,0.022563144057382238,0.06517585673806053,0.6068341862533352,0.1512982904909007,-0.027727508652582125,-1.060005722971263,0.004804271848260005,0.0013595043345472526,-5.623881566832985,-0.0038277675544045485,0.0,-0.008352725780441364,0.12542946974424232,0.010864082653637424,-0.01408704162460902,0.02544314299939142,-0.06310007981725735,0.0,0.0,-0.06867319581044112,0.0,0.0,0.0,0.0,0.0,0.0
0.3902139443505937,0.3732295125133847,-1.7145607716046054,-0.45596812043295626,0.006450689656512548,-0.01916854581852614,-0.31618663823513243,-0.13145870984244873,0.05300103484781801,0.009185510462676426,0.0023501160913058576,0.0008007509598885142,0.22478677365232558,-0.012934877747030043,0.0,0.013365277495048948,-0.06487041524134526,-0.4737819079492349,-0.0018965278412992935,-0.0022491608714715183,0.00012244929907455424,0.0,0.0,-0.8607906982394645,0.0,0.0,0.0,0.0,0.0,0.0
0.3902139443505937,-0.6124735224792744,-1.1491386655175644,-0.1899141701111216,0.00213326711692138,-0.04418598975027845,-0.5311476247272877,-0.17339646470140396,0.023564083473365416,0.013495318754103466,0.0024496497101058547,0.001376848350900689,0.2121662572990093,-0.01222336662597855,0.0,0.008358828507883975,-0.023188408103347748,0.12148023110496803,-0.0011376772046505534,-0.0279019681729994,-1.2364631558196706,0.0,0.0,-0.3344763321524253,0.0,0.0,0.0,0.0,0.0,0.0
0.3902139443505937,-0.20290637160619954,1.6378821863185826,0.29944304516501674,0.059749408169129194,-0.0638720351948893,-1.661835520201148,-0.5135391661244609,-0.17169265532232844,0.09268740121347845,0.0005737279015488036,0.0001274247854613149,0.2247242373035611,-0.00733721763417908,0.0,0.01563679566959759,-0.18100956975228716,0.05018961166874449,-0.0008739643117592913,0.023531900959129517,0.14581344425069992,0.0,0.0,0.19286137564608452,0.0,0.0,0.0,0.0,0.0,0.0
0.3902139443505937,-0.34695597906968756,-1.8344878879521525,0.06434082172085977,0.0009602927882641563,0.01898010136345823,0.4275398780718894,0.09380328801240806,0.015329706894042157,0.13254720425094307,0.005044711069267873,0.0019409141966124483,0.2614802709254914,-0.0257888525054177,0.0,0.00802256049237643,-0.21567705487129854,0.02974870120570095,-0.0011003292058201896,0.007706003188298226,0.15740021070143687,0.0,0.0,0.035973753281528874,0.0,0.0,0.0,0.0,0.0,0.0
0.3902139443505937,-0.5587630485726915,-0.7869120744473116,-0.2683039807487252,0.009086899231330828,-0.05479777815510947,-0.7399934206469548,-0.17391236584382036,0.20629857034561586,-0.3084524820290607,0.0046128949493111256,0.0015474749236902684,0.22860021283383597,-0.01122509491432022,0.0,0.017928670837172745,0.19752275750899956,-0.08587004707579322,-0.00471065892201581,-0.0597418360313108,0.4008224842999958,0.0,0.0,-0.011969866398614847,0.0,0.0,0.0,0.0,0.0,0.0
0.3902139443505937,0.861817299203486,4.19048781312376,0.1828155874008031,0.013197070732497547,0.04845672558400981,2.28530804843029,0.4401255803139515,-0.04773950981398568,0.11466890168425678,0.0018943007735150986,0.0011247842762264176,0.26475826692413196,-0.00553789279755198,0.0,0.009447387909817305,-0.027192546161629652,0.01232494127945696,-0.001786602582849348,0.017130209574704354,0.03709260574612992,0.0,0.0,0.03559241738686952,0.0,0.0,0.0,0.0,0.0,0.0
0.3902139443505937,0.5516759386808567,-1.7112606245994342,-0.26529684140237614,-0.0007131968100196688,-0.029694105201676715,-0.686399365732715,-0.08219134524743564,-0.05025007903727117,-0.4398193204860548,0.0035026408800817844,0.0012205556409969447,-5.136410509896166,-0.009399662113598493,0.0,-0.29634068150227166,0.18156562176116367,-0.15916470019331452,-0.005577005851994404,-0.006560856197788086,0.297336057798188,0.0,0.0,-0.25282958991377064,0.0,0.0,0.0,0.0,0.0,0.0
0.3902139443505937,-0.6004421799038352,-1.3680469353362896,0.4387745899421208,0.005889081538820934,0.015203906510653597,-0.36893839543838797,-0.1461928300445286,0.07208104216998455,0.04432343680692664,0.0020271387004304276,0.0010558655213821076,0.2383642216842448,-0.015527211938150178,0.0,0.010193037894625431,-0.0020680688229199693,-0.16785550852663703,-0.0010978718352307145,-0.04358977549585894,0.3987367286347945,0.0,0.0,-0.018727434495732935,0.0,0.0,0.0,0.0,0.0,0.0
0.3902139443505937,-0.28585197390609707,-1.0483737315793173,0.19618570340057037,0.004849298210567997,0.00031612478088992427,-0.7373970097458927,-0.1693380431313654,-0.022912096013190403,0.15546965770216825,0.004755496040968693,0.001738604380288013,0.24377614529096248,-0.012130690642760487,0.0,0.018235261714814887,-0.1263983522375856,0.053869952501641734,-0.0012443352785380868,-0.003545580488456549,0.19035277016492258,0.0,0.0,0.050082420207928094,0.0,0.0,0.0,0.0,0.0,0.0
0.3902139443505937,-0.9228222159813706,-1.3922567486237178,-0.46737540581851855,0.006024725138024358,-0.06982379033199036,-0.5362553257654469,-0.18762642488760686,-0.014645482287753028,0.006500039284034262,-0.002714326855373795,0.0004016633854656085,0.2053539625035348,-0.018899329512668737,0.0,0.0097922538081033,-0.30792932115662974,0.14483578962164945,-0.001163893288063136,0.32496951918202377,0.3543702492580612,0.0,0.0,-0.6518635329301204,0.0,0.0,0.0,0.0,0.0,0.0
0.3902139443505937,-0.9155945605250375,-0.898126416811966,-0.5524494406439874,0.003269346391263863,-0.04441619678327499,-0.6675440891047424,-0.20043706114065746,0.16588562552716316,-0.3127679990376937,0.0038380662118905466,4.626313602700173e-05,0.20563615497326995,-0.014025213773855396,0.0,-0.004549611504610361,0.2955100213557939,-0.3394527286104328,-0.004694433197063703,-0.25276867072048353,-0.8539908678763797,0.0,0.0,-1.0036529113611574,0.0,0.0,0.0,0.0,0.0,0.0
0.3902139443505937,0.4447000064749535,-1.9796216826778321,-0.053959652456620884,0.0039320836809814425,0.01917002216837289,0.8252254038750718,0.19106165977152523,-0.0008337526178453586,0.12775875228754321,0.005179006011001671,0.002358535180896099,0.26679133444269804,-0.00401649522614733,0.0,0.0023199238198321134,0.02157293378185029,-0.00793580613683745,-0.0015618422608032608,0.022215863366675442,0.08557805820881967,0.0,0.0,0.084301126771006,0.0,0.0,0.0,0.0,0.0,0.0
0.3902139443505937,-0.3893575000655113,-1.5301516840560756,0.06406868740852628,-0.007873553703055002,0.004811679136473673,0.343865337890935,0.09685175661214664,0.008950491594266322,0.11755707190618217,0.002404349206169495,0.000958128763816428,0.2657383664263782,-0.026530607401928873,0.0,0.005305521680653857,-0.32586926125330345,0.08186673059409486,-0.0011248608326939495,0.019604969781185713,0.15228074273211134,0.0,0.0,-0.030824383031893738,0.0,0.0,0.0,0.0,0.0,0.0
0.3902139443505937,-0.6518168991635923,3.2417423585909755,0.5366265782855697,0.052419376569185584,-0.03777321572564852,-0.5782849695529492,-0.5756266971210584,-0.1274346346001092,0.10492397745408162,-0.00023824930819845,0.0002784725091324755,0.23567098210202514,-0.006815808431987037,0.0,0.013444237529664222,-0.16535645663960186,0.046703281040731216,-0.000887107317383359,0.023301872340012186,0.15203832598787517,0.0,0.0,0.25911022641770054,0.0,0.0,0.0,0.0,0.0,0.0
0.3902139443505937,-0.29076626868865957,-1.6444597936155243,-0.13552508721849676,-0.0072195931492436355,0.014400963924262369,0.04256151108487703,0.0783454685912725,0.014064700454211073,0.18045966411850586,0.002730426493913587,0.000909259322587798,0.2630163556754688,-0.015254727511468972,0.0,0.003030910830871111,0.07340950803429146,0.05385742827003331,-0.001358894385182008,-0.0011836452857549927,0.13214682518488274,0.0,0.0,0.07649230898809835,0.0,0.0,0.0,0.0,0.0,0.0
0.3902139443505937,1.2157085630614088,-1.7603393642494114,-0.28893252846341855,-0.0068583473694373755,-0.16663102250471973,0.6636154726407381,0.18259253276455994,-0.014260114565720489,0.12771764830909432,0.003224536637271881,0.0014428927070059437,0.267023020315619,-0.010230787036746245,0.0,0.0022132717586817317,0.17606537150664425,0.025058004311161914,-0.0015638153190383162,0.017771760192074222,0.03304174303255817,0.0,0.0,0.0037817544854510704,0.0,0.0,0.0,0.0,0.0,0.0
0.3902139443505937,-0.6787275839968637,-1.5406008131356796,0.06127233008234032,0.004968838512519539,-0.003736375658021933,-0.4921978789448369,-0.13580344584540852,-0.015973341325392094,-0.05196705646446645,0.0004724433884462796,-0.00024813303405123963,0.21323811561539857,-0.014855274282789294,0.0,-0.0003030091995825698,0.023825159457593482,-0.38956839618693534,-0.001278358108171334,-0.33309775961915183,-1.1535744336416487,0.0,0.0,-0.598823667673831,0.0,0.0,0.0,0.0,0.0,0.0
0.3902139443505937,0.5505390873059618,-1.8661629793282246,0.612357582516113,0.0020582351575085356,0.015089299331346624,0.7774350104328995,0.1681682620367891,0.0042476783640627005,0.15985589815890064,0.006170952171387917,0.0024300812258826795,0.282907364009009,-0.009095838425563304,0.0,-0.0029163153424852993,0.11010175811339284,0.002490963518483097,-0.001548389337703023,0.013981311682953827,0.05548734346788452,0.0,0.0,0.09548402660393868,0.0,0.0,0.0,0.0,0.0,0.0
0.3902139443505937,-0.4169260679708221,-1.4047002116583307,-0.23067979068544112,-0.0027808723704995284,-0.06947631200048372,0.5590575262710381,0.11331239511653543,0.007467540388888809,0.15320873569389323,0.0038923228343240397,0.0010810735625220557,0.2580983070912035,-0.007291066680323196,0.0,0.005686967303136346,0.1254811355218216,0.05311534864039733,-0.0013577352066696034,0.008018435775026164,0.1147761747340526,0.0,0.0,0.03086306941010578,0.0,0.0,0.0,0.0,0.0,0.0
0.3902139443505937,0.15065090084655527,4.047769272112483,0.6605517182501989,0.05642971717502441,-0.025428759556205396,-0.174681600698068,-0.5516259998317528,-0.09672734538153538,0.10725293752520454,0.00010892590044684299,0.0004260099821493202,0.24729252279749614,-0.008377611698660054,0.0,0.012567699089071672,-0.17011888741013345,0.05756846055406292,-0.000874620850367162,0.020908623499513612,0.17832514176755232,0.0,0.0,0.3077620694426529,0.0,0.0,0.0,0.0,0.0,0.0
0.3902139443505937,-0.05690891468029128,3.5200220371112896,-0.17330681677821302,-0.003035085397425004,-0.00159933030042757,1.3412086186927508,0.4586848561523282,-0.04432048803103266,0.09195998242086614,0.0016487571573720117,0.0009388148914150324,0.2488018236325534,-0.010222948256526436,0.0,0.008716597866588672,-0.23507865502422207,0.046058306520497666,-0.00106366479787438,0.018371098892733903,0.06527787713714903,0.0,0.0,0.0279602855277661,0.0,0.0,0.0,0.0,0.0,0.0
0.3902139443505937,-0.761039467331762,-0.8094897822443288,-0.2974878624872024,0.006562430669309675,-0.029349713802886892,-0.443214209762759,-0.18348583798890145,0.19706633234631113,-0.21641793191056408,-0.00018645003538913737,0.00038399737462281114,0.23706946255544528,-0.011087286349206962,0.0,0.02185237494347319,0.21043278454170353,0.1350059341664532,-0.004547813754231482,0.04132889694965585,0.11766509759000272,0.0,0.0,0.09419712602992367,0.0,0.0,0.0,0.0,0.0,0.0
0.3902139443505937,-0.3292347333448778,4.737755758610582,0.14694332028762133,0.006244346966101744,0.035322953133203876,1.1938225794536774,0.6196272025948059,-0.04376794372441499,0.1318594443881661,0.00112481520356847,0.0004829256847616141,0.2545589828648736,-0.0053986549271983824,0.0,0.01899425465095755,0.04669207667156419,0.043106882920391304,-0.002099079507182031,0.02984699105562467,0.11678563311639469,0.0,0.0,0.057314053928045845,0.0,0.0,0.0,0.0,0.0,0.0
0.3902139443505937,0.5100946655657833,-1.7302864431614617,-0.23642423503230506,-0.0023340590242963426,-0.08275590626791778,0.5862376126735234,0.07809337115285261,0.00258420860679514,0.10591633803128588,0.005148006507455241,0.0015272884176073661,0.2572901461130532,-0.005853710728674033,0.0,0.004615899242148551,0.05988238837915958,0.009708423513412232,-0.0015926067415294386,0.005396177624827251,-0.0076055891177620235,0.0,0.0,0.065616689558173,0.0,0.0,0.0,0.0,0.0,0.0
0.3902139443505937,-0.0944195674953499,4.269064082456373,0.5214795969622339,0.015059242128402957,0.11445330871721246,0.9966528796904304,0.3294227537745664,-0.04386740384975721,0.12402753844034352,0.001093681385567991,0.0005557080276773682,0.25527672134243684,-0.005649170380894219,0.0,0.019735960902515177,-0.02105188105512798,0.041138585872092875,-0.002099079507182031,0.029701091997575042,0.11556747258158402,0.0,0.0,0.07302858385508106,0.0,0.0,0.0,0.0,0.0,0.0
0.3902139443505937,-0.21008844346751174,-1.6359791700833541,-0.02240960009702761,0.004131780649391241,-0.005789830067010289,-0.4707190773742734,-0.15203684818351493,0.11672235010145961,-0.016590057797933443,-0.0025114073624190277,-0.0007367402152873207,0.22327884714599067,-0.016876334107715836,0.0,0.009863164031919775,-0.10507942059656036,0.17156881190332546,-0.0013693691859822167,0.01797093864415686,0.2383413162814975,0.0,0.0,-1.128132687956419,0.0,0.0,0.0,0.0,0.0,0.0
0.3902139443505937,-0.5971191520685798,-1.3564780291926548,0.05250692150885294,0.0034333174541538924,0.002005236448811811,-0.48321151610859,-0.18377886882434097,-0.0918071331930308,0.059449546595087735,0.004477314242156811,0.0011456609964329105,0.2208283911627071,-0.014181418185434683,0.0,0.009994347013824777,0.41255726215665245,0.6009474500299002,-0.001280490373920019,-0.06813154927259417,-1.6849609638979437,0.0,0.0,-0.5466989750710328,0.0,0.0,0.0,0.0,0.0,0.0
0.3902139443505937,-0.3979454831098162,-1.4345051132409585,-0.08124756298945213,-0.01057200711805937,0.0008220542900848667,-0.9876125161588823,-0.21046433091076294,0.0072762991400705706,0.16833422392182276,-3.875132798172387e-06,0.0005369246885351617,0.24007948264994922,-0.0170881424596536,0.0,0.015657223485295906,-0.12392556687516142,0.14178123402909296,-0.001456175280156572,0.04987902475306543,0.14767693327500386,0.0,0.0,0.13324450910154373,0.0,0.0,0.0,0.0,0.0,0.0
0.3902139443505937,0.24050507841078525,0.7216319396281448,-0.005825022933692555,0.013528438914756406,-0.02448849968327431,-2.7060902474384316,-0.544253290311506,-0.26012534291622363,0.08582192302097445,0.0003516587356860482,0.0005084760115147126,0.20532252615424684,-0.007615854264390858,0.0,0.015372102590487529,-0.27302388849202847,0.03197783411112354,-0.0008735800182873485,0.01628825864532461,0.08470495470531106,0.0,0.0,-0.08619014130053257,0.0,0.0,0.0,0.0,0.0,0.0
0.3902139443505937,-0.34489737545589844,-1.953441183487713,0.05232795763181152,-0.01602907431605,-0.008958550067124498,-0.39322688749464707,0.11473032000769584,0.01620392479630562,0.1334756149276211,0.0025475753093274606,0.0010622022011766716,0.24883682890135345,-0.013374095386826178,0.0,0.009671559309831356,-0.12544622834397268,0.06924650828176439,-0.0013645144763378154,0.007067067697625301,0.14397749963699333,0.0,0.0,0.00272774989618288,0.0,0.0,0.0,0.0,0.0,0.0
0.3902139443505937,-0.30779579414713026,-0.6550168635483838,-0.4387118176226194,0.004982417481693956,-0.03566275610463249,-0.3650016263302586,-0.20181119073796416,-0.5711990417534308,0.026426212632980086,-0.0020583725577641397,-0.0014025398964298136,0.21592442488559602,-0.020322700081238713,0.0,0.005838941896432232,-0.12513932732690344,0.19879278457605698,-0.0012093618170225682,-0.13686457710784594,0.1955123117202992,0.0,0.0,-0.3904362813305119,0.0,0.0,0.0,0.0,0.0,0.0
0.3902139443505937,-0.509671294356164,-1.1574428948578375,0.369161863538745,0.003090899252979569,0.04768240803661469,0.8486336858835851,0.21636358543769535,0.004232718191078297,0.15942561445261705,0.003850471532902053,0.0016579444105740502,0.26368298432008946,-0.00807863363848054,0.0,0.022475680807003684,0.030999975264801433,0.031044949194099978,-0.0016504700593694983,0.023382690205600878,0.16385344848413108,0.0,0.0,0.05176012719672238,0.0,0.0,0.0,0.0,0.0,0.0
0.3902139443505937,-0.7929258288242896,-0.8076959048011779,-0.49156762946996435,0.006315731447293675,-0.05189038382024738,-0.5310340417780808,-0.1961420471892205,0.23609183321344127,-0.2659617957281161,0.002578927761481957,0.0007796618112457113,0.22527932616530813,-0.01236782346258066,0.0,0.015338865557387359,0.20532823590789853,-0.4288071906844271,-0.0046716080947293,0.07796100454071436,-0.11951163009525648,0.0,0.0,-0.361398900146455,0.0,0.0,0.0,0.0,0.0,0.0
0.3902139443505937,-0.2562791592376566,-1.8096438525890495,0.24278783318612926,-0.013173186457554996,0.014508106753227328,-0.38553233129209,0.14303960106154315,0.01083088567071379,0.14961941588916905,0.004316817100883019,0.0020132199791675427,0.25482093154920343,-0.007772006733127367,0.0,0.008420268743291943,0.07210059368650114,0.035891212643118786,-0.001313506461460028,0.003159808028026463,0.15220809279209319,0.0,0.0,0.04569535011740806,0.0,0.0,0.0,0.0,0.0,0.0
0.3902139443505937,-0.08615736540564616,-0.8375434506720444,-0.15903062905826643,-0.00440377008201856,0.027019832452710474,0.6020821605863239,0.12135547062291528,0.03034942100349202,0.14555423845634602,0.00290855358441554,0.0009540335611548648,0.26499945765555616,-0.021511925366350465,0.0,0.00995407172576348,-0.227218244700558,0.0449429702138192,-0.0011775275427933461,-0.012387797951599012,0.07595531926478315,0.0,0.0,0.03767888865451703,0.0,0.0,0.0,0.0,0.0,0.0
0.3902139443505937,0.4754162556755177,-1.916551545038447,0.5010977878629772,0.007753452987964472,0.02265873757052804,1.4067607375814994,0.22072099642903217,0.0037946076207024107,0.1542429621104135,0.004391089812547867,0.002063550345027009,0.2734591163857521,-0.0053746648039368385,0.0,0.005148265605018033,-0.00024138023210501855,-0.02241765362172688,-0.0018832852829604929,0.025112806492548108,0.06792413648257385,0.0,0.0,0.08646537946589267,0.0,0.0,0.0,0.0,0.0,0.0
0.3902139443505937,-0.7391953968810586,-1.2888522008870649,-0.3647716180120241,-0.015754070831240353,-0.10025269219679177,-0.4330561513141805,0.12802202205534516,-0.04123158384775862,0.09822561964811512,0.0016992440097747708,0.0009149905684168661,0.23085067291211214,-0.009737599385838977,0.0,-0.1785061305180229,0.1629193658944277,0.010797050814939271,-0.0013854069508054232,0.019151096927821437,0.11955250728320989,0.0,0.0,-0.022893447977548137,0.0,0.0,0.0,0.0,0.0,0.0
0.3902139443505937,-0.2846560664388872,-0.8504658663969479,-0.3844957980831653,0.002310276533804213,-0.011103840442003512,-0.6989816597123533,-0.14816793249203342,0.00472063169497007,0.1879655198751668,0.0027437978983410557,0.0010187991369156758,0.2233670348311694,-0.008665526291484803,0.0,0.020118225913457723,0.2001636518100987,-0.35401857983576557,-0.0015798256508781814,-0.20674509163269214,-0.38321906751823537,0.0,0.0,0.006872242834687509,0.0,0.0,0.0,0.0,0.0,0.0
0.3902139443505937,-0.18709279245867996,-1.143194217247189,0.1561184336510947,0.0039002361730082658,-0.01389864252346222,-0.2252891224769812,-0.1415516108943513,0.007198400460532874,-0.25636310200017487,6.523483106528714e-05,0.0009485773216213268,0.2777826531852414,1.3327383648596958,0.0,0.016565057965462576,-0.15939273865362377,0.042572744755274415,-0.0036764865996643647,-0.13852072197781976,0.2656331132852552,0.0,0.0,-0.14560962716859302,0.0,0.0,0.0,0.0,0.0,0.0
0.3902139443505937,-0.26325056038523503,-2.0207143421315896,-0.03839009697418955,0.0011442028052395738,0.02840264086722277,-0.6008078289156336,-0.2336573651405698,0.06737858096571145,-0.02660827558682128,-0.0008106360497273272,0.0003204955475234115,0.2320026957624269,-0.019369076983565967,0.0,-0.012071247547193104,0.020788651065096288,-0.2094970261184173,-0.0011899970675705053,-0.12301628612541779,-0.17561124882573798,0.0,0.0,-0.07063138123308492,0.0,0.0,0.0,0.0,0.0,0.0
0.3902139443505937,-0.07298452318769387,-1.2748634580753668,0.42300503276166873,0.005391248084529296,0.008319418991704878,-0.38648965368731547,-0.17675466988196042,-0.0005780860612346746,-0.0322863845457458,-0.0020747858479252903,-0.000510457985434386,0.23723584990825122,-0.016934444422807247,0.0,-5.9976646507133517e-05,-0.048670365819511875,-0.23934444650015582,-0.0011018917949781938,-0.0719351291674244,0.08637633344555132,0.0,0.0,0.26602433726531605,0.0,0.0,0.0,0.0,0.0,0.0
0.3902139443505937,2.164360088365707,-0.38142940980768764,0.18862026086168798,0.0007024740121289642,0.05258326217141479,-0.40896334937639284,-0.14379230258891226,0.02601342217707824,-0.030433610396483075,0.008083171084503299,0.005544991351121459,0.25655474878237405,-0.009349348129375427,0.0,0.008732730670345341,-0.10322933256493322,0.4423654338339903,-0.0017187229331615116,-0.06715172895741603,-0.25714788486126455,0.0,0.0,0.26869197772449394,0.0,0.0,0.0,0.0,0.0,0.0
0.3902139443505937,-0.555695463863346,4.912148701918953,0.19089127596411984,0.016982385122993056,0.042424658586258414,1.1916733067613465,0.5682529886117934,-0.04370934792491639,0.12376388957101367,0.001126888759282286,0.0004636545609183184,0.2539833828839872,-0.005925620869917978,0.0,0.018573194647077847,0.03142786589325462,0.04063488866092464,-0.002099079507182031,0.028319551262154425,0.10172534253969867,0.0,0.0,0.03615117684224612,0.0,0.0,0.0,0.0,0.0,0.0
0.3902139443505937,-0.291297891936206,-1.8099458751554196,-0.07218504126370556,6.628403605966909e-05,-0.05656805673472871,-0.5653913794568021,-0.07997294756450476,-0.028149078226997245,-0.9305750750734259,0.00046935749372258956,-0.00011734495972695061,-0.8448862084732944,-0.011895944414463415,0.0,0.05863929464554407,0.07587553485471261,-0.16320302541466658,-0.024997554616151173,-0.25961439162416833,0.10534513478074645,0.0,0.0,-1.2618556686881202,0.0,0.0,0.0,0.0,0.0,0.0
0.3902139443505937,-0.36645636937962883,4.224461376339893,0.2797898204433548,0.013573704110290588,0.046556148634636835,1.1599298078521298,0.4193762498760491,-0.04634562397942605,0.12283128507266484,0.001093681385567991,0.0005521429797874825,0.2515355671818594,-0.006156745111524876,0.0,0.018495066675940634,-0.017787386914974987,0.04068123742254867,-0.002099079507182031,0.02923200808657822,0.11068971464574255,0.0,0.0,0.04662447958942121,0.0,0.0,0.0,0.0,0.0,0.0
0.3902139443505937,-0.1547861772865899,3.475317614767882,0.1671559566257375,0.01367186892796553,0.008999961010617183,1.753952214555945,0.4773440035133234,-0.047884341207646446,0.11037731809289983,0.0013182130851971839,0.0010174896981924274,0.2574879986193125,-0.007998423315086505,0.0,0.010992208749155057,-0.08662112404358713,0.037799356722324165,-0.001202735760280283,0.012305882586864103,0.10390399055883578,0.0,0.0,0.026458510963051966,0.0,0.0,0.0,0.0,0.0,0.0
0.3902139443505937,-0.07022477620824046,4.1124130103814425,0.8665644551227406,0.05778314187057004,-0.024245268880526222,0.15775065094408505,-0.35524773491336953,-0.08367276903292424,0.10680353582115101,0.00010892590044684299,0.0004260099821493202,0.24649252876293778,-0.008312304333991787,0.0,0.012649007898234657,-0.17300398688787008,0.05780306151414269,-0.000874620850367162,0.02083426543838344,0.18067184965733205,0.0,0.0,0.33901461812734257,0.0,0.0,0.0,0.0,0.0,0.0
0.3902139443505937,-0.7857818536583879,-1.2313976980036196,-0.5812914596758544,0.00035632034101572686,0.03407251377323398,1.0751425086893216,0.15339099092170191,0.004441425395463273,0.12816902460462593,0.005119159121881601,0.0018888889409042478,0.24667519102991617,-0.011110687008999927,0.0,0.022661638723639622,-0.09976759372057939,0.03455050082835645,-0.0025328270548785935,0.025147233425630147,0.107739916612082,0.0,0.0,0.05859860708071767,0.0,0.0,0.0,0.0,0.0,0.0
0.3902139443505937,-0.35415426079069223,-1.4785329820193962,0.0992116908971214,-0.0028563782143781673,0.03161707249171249,0.8618305455034043,0.1949508857148405,0.008303441234572962,0.1389525864933484,0.0023915017799888043,0.000976808708997907,0.2706369022405508,-0.017233808642535226,0.0,0.010470403065835262,-0.04800140701332105,0.08077611776749033,-0.0013154240714991626,0.02129275094084327,0.1592771786874341,0.0,0.0,-0.030888012130072966,0.0,0.0,0.0,0.0,0.0,0.0
0.3902139443505937,1.06614050012276,3.2382886312800907,0.40669586221576914,0.009818830482873114,0.006157296002156176,1.9040213142086388,0.4056455191196477,-0.07296231882055125,0.10898011771231317,0.0012527175096161659,0.00109998793179862,0.26921824389603927,-0.0069490468902597205,0.0,0.002225060864732369,0.18807246221296042,0.01346602698527225,-0.001459156262120054,0.013191511929969821,0.03855939837229038,0.0,0.0,0.044025490783290655,0.0,0.0,0.0,0.0,0.0,0.0
0.3902139443505937,-0.5297973026552636,3.919216395123105,-0.17101732713753953,0.012586573726577423,-0.1542730134639937,2.34078538651328,0.34469110507366285,-0.03754354855613347,0.09876119849226953,0.0013922967251378704,0.0005668190171702909,0.23840038628463667,-0.007718808471979131,0.0,0.019682823018657994,-0.07969674640522116,0.03802594832454408,-0.0017802498797952976,0.029400804226768062,0.10681940903530164,0.0,0.0,0.06698095331290897,0.0,0.0,0.0,0.0,0.0,0.0
0.3902139443505937,-0.3431525143338163,-1.6315535992336867,-0.6366425911533632,0.00691263370580612,-0.051929487227807325,-0.6567583710650465,-0.24024653027809914,0.011042534619719697,0.02492546377695694,0.0011392020314816254,0.0012222874919178303,0.21443766835711914,-0.011247325107120773,0.0,0.020713757117016098,-0.15170586990672486,-0.6111724646313897,-0.0018097046407136018,0.018679497750327782,-0.017179053732362268,0.0,0.0,-0.3432477052359436,0.0,0.0,0.0,0.0,0.0,0.0
0.3902139443505937,-0.27061466779343807,-1.7479749700205351,0.19137479871565474,-0.003060875713485218,-0.005091625375594459,0.5364680469411851,0.10232179375203454,-0.00835683787388245,-1.2350972081457186,0.0020137512463618114,0.0009056818036015652,-5.546862941721225,-0.012284236305558091,0.0,-0.0008006331285894132,-0.07010820636792614,0.036247451541921695,-0.013862325848500556,0.011286609250623917,0.02873968131287972,0.0,0.0,-0.11674296445760947,0.0,0.0,0.0,0.0,0.0,0.0
0.3902139443505937,-0.2989338898234644,-1.658809509763621,0.28718844511705083,-0.017325128008292407,0.011686056327953913,-0.35941620341946134,0.19504426468909145,0.012267821190270721,0.15616730840634258,0.0022501020193752917,0.0008674677075270336,0.25960643351189017,-0.0145502983469175,0.0,0.005823704045215025,0.1879818567945577,0.05537855767906414,-0.0013334607068686334,-0.002344771983991981,0.14219158233239884,0.0,0.0,0.11451309820967412,0.0,0.0,0.0,0.0,0.0,0.0
0.3902139443505937,-0.24164264300035074,-0.5709516410946722,0.05730779866560453,0.001158983750844598,0.025361373545713852,-0.11696365026249177,-0.11772279666448911,0.0030020736486816384,-0.47653427550756405,0.0027296590108756963,0.002619292880330568,-5.52843838841584,-0.007333025943059357,0.0,0.014971102318835496,-0.07374593222915711,0.8751637009851376,-0.004397457368981039,0.1109705546084659,-0.19943282096188483,0.0,0.0,0.040225140601979244,0.0,0.0,0.0,0.0,0.0,0.0
0.3902139443505937,2.570052003682347,0.7397994553006576,0.3000101559709465,0.010851065430376488,0.01676147064368102,1.443976199859962,0.2174784638195338,-0.01308811536907788,0.11224831251134085,0.0035245751015372923,0.0015050786570814938,0.3102777317815232,-0.006629712038111872,0.0,0.007691354840498715,-0.08973280686671392,-0.01053022509802911,-0.001963540664639891,0.015166452989208674,0.065281078024316,0.0,0.0,0.03546361383309706,0.0,0.0,0.0,0.0,0.0,0.0
0.3902139443505937,-0.23622011115399724,-1.1726190679551451,-0.11769264109061893,0.003999773290780189,0.004842194316680623,-0.8618841859829388,-0.1732625056603654,0.15610390340846086,-0.3740164865539949,0.003675712995239179,-0.0002643349257862574,0.22879742838589145,-0.008589260511697158,0.0,0.002566469237429202,0.26567008935667574,-0.3149317140484966,-0.004800834987780792,0.06104947825935806,-0.7678719191865471,0.0,0.0,-0.3383634689820524,0.0,0.0,0.0,0.0,0.0,0.0
0.3902139443505937,0.5874723770885659,-1.3589305356050592,0.12022363296435583,0.008168974770787856,0.0009485106635890277,-0.41155447975486725,-0.1728901482279246,-0.0037498689460666195,0.05147297190515502,0.00391123335302834,0.0013068271247342917,0.23326879005455156,-0.011095224422598022,0.0,0.003800814725200603,-0.29755148221663563,-0.3697929902906847,-0.0026353596530451903,-0.012602748908745371,-1.2744042833004319,0.0,0.0,0.2640087156206031,0.0,0.0,0.0,0.0,0.0,0.0
0.3902139443505937,-0.2758766873037984,4.274326923239253,0.38794054310805687,0.010536663950626414,0.04201878868786789,1.637471181153026,0.4420426411641601,-0.03625147192594602,0.11463424649163745,0.0008268758184738614,0.0007041673684939313,0.26073015481878736,-0.005163896972328781,0.0,0.017035344268614725,-0.08635886035112479,0.0466584981855107,-0.0012347713864217836,0.022313305274406857,0.10912719093322665,0.0,0.0,0.04905355790679022,0.0,0.0,0.0,0.0,0.0,0.0
0.3902139443505937,1.0819794509426826,-2.3195441610645227,-0.3138735093825544,0.0017198305241701145,-0.20822655282144503,0.8898369241911086,0.14117999542938955,-0.004576661513839808,0.14081788251881033,0.005783840092658091,0.0018892482075008837,0.2690753796250405,-0.005881589683725928,0.0,0.003963579529136166,0.1867591534515874,-0.0034809336353348315,-0.001564612085794568,0.017475896199582282,0.06516192279566795,0.0,0.0,0.008779725708698047,0.0,0.0,0.0,0.0,0.0,0.0
0.3902139443505937,0.27836021137461875,2.602809316833165,0.3397775870519688,0.01884053424962222,-0.019634828450563486,-0.05207942840861233,-0.49399814672837855,-0.16504600529614336,0.12736545454904383,-0.00028800651255492336,0.000742994086715135,0.23983112039981064,-0.007095156526784396,0.0,0.013183036721441613,-0.14109484254831578,0.07017353446903157,-0.000887107317383359,0.015172491822510186,0.13055560774151237,0.0,0.0,0.2364337811821258,0.0,0.0,0.0,0.0,0.0,0.0
0.3902139443505937,0.07971907909371012,3.249927297082221,0.877848423966636,0.05039245034695977,-0.014548111806503937,-0.5428462671450267,-0.5980809955578364,-0.13721882685967213,0.11759947421491863,0.00013420178355565485,0.0005216824132079708,0.24585209479186887,-0.008895781055541402,0.0,0.011699380048290907,-0.17175223271677106,0.0709309955171765,-0.000874620850367162,0.00783844839514479,0.15729755271468238,0.0,0.0,0.28217420563642526,0.0,0.0,0.0,0.0,0.0,0.0
0.3902139443505937,-0.11256881414778554,-1.2210504455728035,0.1268124120965212,0.0019370533298068984,0.008592450856721043,-0.6652778696559002,-0.18504787207634704,-0.06783196118100812,-0.3185190715762782,0.006968606156641565,0.0015666454868631977,0.24329234009075162,-0.00897229112061902,0.0,0.011176745026810405,0.018425028290195038,-0.1179440714392122,-0.004562311239830393,-0.050992420616786716,0.14644151690373186,0.0,0.0,-0.2685582395108591,0.0,0.0,0.0,0.0,0.0,0.0
0.3902139443505937,1.2972829831535195,3.432873332540321,0.016358039663278885,0.010976392237755761,0.009779630435365857,2.1293325207713054,0.36121795316199623,-0.06488860051755105,0.10412909302776323,0.0019806214166242153,0.0010740562721174853,0.25020622599124925,-0.005561118083153018,0.0,0.00755686192364093,0.04645392619397102,0.029247899481448528,-0.0015221936558024978,0.01524110286738352,0.0220711010063647,0.0,0.0,0.053755231238691865,0.0,0.0,0.0,0.0,0.0,0.0
0.3902139443505937,-0.4317332970766891,-1.086823539448837,-0.015383605752825559,0.0052471934080933836,0.022075995718144552,-0.39829609995088205,-0.16833987991578908,0.03186587385912395,0.03704305800861028,-0.0006365675155573038,0.0005228053049209464,0.23518613482319214,-0.014968470061531104,0.0,0.010550153591490582,-0.06279899274685974,0.1673681320142373,-0.0011746802830566389,-0.3291979705107628,0.4944371813217764,0.0,0.0,-0.21313943214416226,0.0,0.0,0.0,0.0,0.0,0.0
0.3902139443505937,1.4157257086693265,-1.5615119730015055,0.32373338916879013,0.004507901128019809,0.08657408976245203,-0.31886315469425996,-0.14915232798730924,0.02367602435501853,0.0265523136401363,0.004379329799656287,0.0032436814832471003,0.25024231874634234,-0.010328748976164209,0.0,0.008632592232060466,0.37719229687286565,0.016492405080656376,-0.001865227187021051,-0.06940891856255438,-0.21175689497791253,0.0,0.0,0.7779744973007335,0.0,0.0,0.0,0.0,0.0,0.0
0.3902139443505937,-0.2140096606105876,-0.8665453279566607,-0.01754311671377406,0.0019474906370240501,0.019140159850117765,-0.9371989922287018,-0.1829528112585548,0.014484702528999414,-0.434033117079118,0.0036396751642486748,-0.0002701463596326379,0.22883678245610387,-0.008279342967844779,0.0,0.004272407192860281,0.21901621344955172,-0.2733380764752229,-0.004751015317910656,0.03862963475586978,-0.7221103656309386,0.0,0.0,-0.2853019802681815,0.0,0.0,0.0,0.0,0.0,0.0
0.3902139443505937,0.7577591450582521,-2.0179073734284807,0.37849041342644824,-0.0009599585458726975,0.016168319516351542,0.934867530502714,0.18458625865864683,0.007657939169357787,0.1516552697722013,0.0065305098629411884,0.0023547425179262006,0.28482058577618946,-0.009621545683239087,0.0,-0.0026938338058911386,0.21286131289335675,-0.0022880349675907102,-0.0015381328116408398,0.019510982911086515,0.04811541098716939,0.0,0.0,0.07858500446705703,0.0,0.0,0.0,0.0,0.0,0.0
0.3902139443505937,-0.5297973026552636,3.919216395123105,-0.17101732713753953,0.012586573726577423,-0.1542730134639937,2.34078538651328,0.34469110507366285,-0.03754354855613347,0.09876119849226953,0.0013922967251378704,0.0005668190171702909,0.23840038628463667,-0.007718808471979131,0.0,0.019682823018657994,-0.07969674640522116,0.03802594832454408,-0.0017802498797952976,0.029400804226768062,0.10681940903530164,0.0,0.0,0.06698095331290897,0.0,0.0,0.0,0.0,0.0,0.0
0.3902139443505937,-0.88246132420671,-1.4751854058037421,0.3587007751304345,0.005159904585197045,0.056345508561420406,-0.4474932190264789,-0.1469193381721829,-0.024641692818310322,-0.00452864308695215,-0.0021738732061776064,-6.168898091606244e-05,0.22225481319218945,-0.014533670277442713,0.0,0.007203158591490315,0.04765818264049895,0.189737634831189,-0.0011968379748002306,-0.0676660202646329,-1.234678702696676,0.0,0.0,-0.7397350585852595,0.0,0.0,0.0,0.0,0.0,0.0
0.3902139443505937,-0.029275281531686403,3.4621298642482743,-0.23546364732402594,0.000599926208809018,-0.10801419249203284,2.0432951030690063,0.2861273504770498,-0.04967022143005613,0.0941177221261013,0.0016971581880667775,0.0009640557806514955,0.24188961989368343,-0.007954907852825691,0.0,0.0192782757074508,-0.1814406209129836,0.040348950948431724,-0.0017802498797952976,0.023652631011885417,0.08503625071066748,0.0,0.0,0.03709649888387855,0.0,0.0,0.0,0.0,0.0,0.0
0.3902139443505937,-0.3300355797548261,-1.4378407835566183,-0.25050257066824905,-0.0019522573726344712,-0.12399095378683704,1.0919210450627284,0.11575820957649338,0.006581756246675136,0.2141269771550126,0.003784407388624261,0.0011174615237481797,0.25313278212732904,-0.0048870380670532065,0.0,0.020244043727852122,0.31076383323044193,0.07358435701010395,-0.002091313486812157,0.00935070939549335,0.11601118610124386,0.0,0.0,0.036105961833177866,0.0,0.0,0.0,0.0,0.0,0.0
0.3902139443505937,-0.13892063619361808,0.5206204310956727,0.33050756160149425,0.02897202640575867,0.024298620398289412,-0.70681849893234,-0.1908546308477054,0.03523043634824754,-0.38714190006182925,-0.003101633506621875,-0.001994375310835281,0.26713245533580215,-0.013860888014621852,0.0,0.02060481971641173,0.16832088690221922,-0.062140769434331444,-0.004485433400023505,0.2653321693817367,0.27639246283526936,0.0,0.0,0.3585974448755412,0.0,0.0,0.0,0.0,0.0,0.0
0.3902139443505937,-0.8850200685253004,0.6207827001122819,-0.43192378385702934,-0.16553926386244724,0.03830966139463273,-1.0996284407146735,-0.374422700112871,0.306553689735098,-0.4778452694695423,0.002291522299807762,0.0008678106502191143,0.2199962663400089,-0.008156428417788308,0.0,0.014426493852038246,0.347943868016218,0.5741935437310136,-0.003980930919550329,0.10757526061778125,0.5403573514196638,0.0,0.0,0.09547569897336637,0.0,0.0,0.0,0.0,0.0,0.0
0.3902139443505937,-0.9268600517790065,3.5741306904418755,-0.24010321785215763,0.029899024815496097,-0.04776007448167575,-0.48054261055270536,-0.5955017869310465,-0.12107430648395776,0.10506625237383095,5.569802224295289e-05,0.0004170675400351941,0.23367423973516488,-0.008876026408550047,0.0,0.010048099842603981,-0.11655000893867414,0.06250222671599273,-0.000874620850367162,0.019951927398465574,0.15659537217686553,0.0,0.0,0.2546546096875504,0.0,0.0,0.0,0.0,0.0,0.0
0.3902139443505937,-0.5069678473432536,-1.0051057551076157,0.30181746122316716,0.007495300923892932,0.0058112339747854415,-0.674359879900159,-0.183500860827824,0.10415880612582476,0.03969707658031196,0.0009149833222236005,6.30504434924527e-05,0.22625941271262706,-0.01699352234187938,0.0,0.009946779446887386,-0.13826996468199423,-0.2113448186459409,-0.0011780992147547612,-0.020326439395198088,-0.09113150075638454,0.0,0.0,-0.7290897389907522,0.0,0.0,0.0,0.0,0.0,0.0
0.3902139443505937,-0.1876697973271403,-1.0260236012266948,-0.03809727566611287,0.0033568542684740132,-0.01643338647367634,-0.36935717408871477,-0.17406556235350432,0.038138907236814706,0.012895664521593301,-0.002368625882147384,-0.0005993478308407359,0.23649773758985373,-0.013797847698642642,0.0,0.0036374908279120954,0.17348084829445795,0.1816664042270811,-0.0013207769185308092,0.08876617861850553,0.275899921081286,0.0,0.0,0.6088531115454004,0.0,0.0,0.0,0.0,0.0,0.0
0.3902139443505937,-0.9060088849010084,-1.1137220222402704,-0.671650172246895,0.0029045714300378668,-0.09154521866336289,-0.8733868260877269,-0.20396562409159513,0.07699597063827818,-0.06532257701051206,0.0016447729257167368,-0.00021147643930999528,0.18631803450133638,-0.01429358695297594,0.0,-0.011741095125128194,0.12217792112459246,-0.2764600146826219,-0.0016149025367067891,-0.2991122556422284,-0.6330963827953799,0.0,0.0,-0.9641502362952146,0.0,0.0,0.0,0.0,0.0,0.0
0.3902139443505937,-1.6578706581817024,1.034809483111184,-1.2458349637466861,-0.32812926340134985,-0.01904608659075876,-1.9533180039497562,-0.748273073037458,-0.15084336973930376,0.08890790971862872,1.4970586922052276e-05,0.0005761539165862568,0.20909336199373557,-0.008934746796893751,0.0,0.01171915179858814,-0.11489013203742206,0.05743203509290102,-0.0008781661354413575,0.024463499218128012,0.1312605419422597,0.0,0.0,0.14519182647038306,0.0,0.0,0.0,0.0,0.0,0.0
0.3902139443505937,0.9852920282057851,1.51926399352937,0.3963902575495132,0.025636423342150542,-0.013181411350761759,-2.508129636859645,-0.4764307948060375,-0.22271552984381565,0.07899631248637068,0.0011320066823645003,0.0008400285528705069,0.22027330091156547,-0.005564637857273115,0.0,0.009169229259190507,-0.20594157006655764,-0.03342449869189512,-0.0011045375090995772,0.017430668037783256,0.002614751228992069,0.0,0.0,-0.06441195318514649,0.0,0.0,0.0,0.0,0.0,0.0
0.3902139443505937,-0.341296946030305,-1.1361695866124966,-0.07825484342846543,0.002795351960047462,0.03387145918826448,-0.5750438351930048,-0.1836596189918454,-0.09077397412289966,-0.4812353938801668,0.004504607169021277,0.0004426730045029487,0.23325443069650842,-0.008694271577586064,0.0,0.022771337989910295,0.21651792430369446,-0.5011938825704421,-0.004651761276266915,-0.0080899116561992,-0.6513978045459049,0.0,0.0,-0.2225541091253012,0.0,0.0,0.0,0.0,0.0,0.0
0.3902139443505937,-0.4368931122067452,-2.310941980489161,-0.18370540374896613,-0.005794246427165834,-0.04293656783447766,-0.3981163831989386,-0.06275814819022996,-0.07943889074733972,-0.9171098410380615,0.001513870500246599,0.0007931249208593974,-0.3521306202368313,-0.014328774665140416,0.0,0.18748759996413575,0.21699409658748028,-0.49994395310780204,-0.024031027211831948,-0.2214316307097366,-0.024212821216504806,0.0,0.0,-0.9339427509359883,0.0,0.0,0.0,0.0,0.0,0.0
0.3902139443505937,-0.4070060163634902,3.984815803190274,-0.3162273729494063,0.007483056498068826,0.04950973780950156,1.9247351155619778,0.4330397731557471,-0.0367017214402459,0.12166328299399258,0.0015440378558260787,0.0007211543737907321,0.24920827144788038,-0.007758184088265346,0.0,0.01840675515775359,-0.17645835412626312,0.04938412252581229,-0.0019310771421621553,0.021884978392947795,0.0702927438481315,0.0,0.0,0.03019779985108996,0.0,0.0,0.0,0.0,0.0,0.0
0.3902139443505937,-0.45001246583516286,4.314952922099368,0.39930844641995766,0.0063229689192684626,0.01371672273369553,1.8655569206403704,0.39176618262474716,-0.029460110009362103,0.13616662877976268,0.0007445949273057493,0.0006249920859619015,0.2590789282603294,-0.004733182593458072,0.0,0.019097759745819096,0.008087854787239796,0.04100216848395029,-0.0015993321928276212,0.029034660911536593,0.11212087295567166,0.0,0.0,0.07345236995380959,0.0,0.0,0.0,0.0,0.0,0.0
0.3902139443505937,-0.8269877024765109,2.3231811530116078,-0.17369043344333485,0.0006156493613827352,-0.11010383921317764,2.1483301766346496,-0.10715353324993591,-0.0413304957179584,0.0998404506302816,0.0013773559851557567,0.000864848362189346,0.23220748876756211,-0.007707833974457716,0.0,0.018256860899222082,-0.006311976920508958,0.036462653708748995,-0.0017802498797952976,0.02886773807558,0.11291762581192098,0.0,0.0,0.08449002589882186,0.0,0.0,0.0,0.0,0.0,0.0
0.3902139443505937,-0.1296532584244934,4.677369707247638,0.1702449269332918,0.006209996916433764,0.03280617718806258,1.251697945853251,0.6111108178665797,-0.042471558415227664,0.13185124310291985,0.0011222912623353083,0.0004829256847616141,0.25538704469143186,-0.005241711651953268,0.0,0.01899425465095755,0.047576747007227256,0.043069111743953975,-0.002099079507182031,0.02984699105562467,0.11926016893676467,0.0,0.0,0.05778824425967349,0.0,0.0,0.0,0.0,0.0,0.0
0.3902139443505937,-0.7962035163532315,3.968830033659123,0.7017361354360003,0.06105402843038494,-0.043001677034613585,0.02770652384191264,-0.5149502056060608,-0.10543613064469846,0.10393800482055965,4.966622100463663e-05,0.00041333298321254185,0.2398551428814776,-0.008778101480637903,0.0,0.011352789926195057,-0.1236860404198377,0.05341082708031185,-0.000874620850367162,0.020024064026336552,0.16340061074104334,0.0,0.0,0.28927555378963693,0.0,0.0,0.0,0.0,0.0,0.0
0.3902139443505937,-0.29633417190178996,-1.7859743684191303,0.2839217509997814,-0.0001785036788829071,0.02694831280068275,0.5888108477082388,0.14305997644757526,0.012589220381111006,0.20940804289610354,0.004978988197333104,0.001979477921719978,0.2735449872935834,-0.01393587863126569,0.0,0.004257193545772598,0.29680016661620373,0.042261167190333584,-0.001313506461460028,-0.0006016436156047476,0.16422457714432548,0.0,0.0,0.05136041939014684,0.0,0.0,0.0,0.0,0.0,0.0
0.3902139443505937,-0.06387723482812699,-1.3718521516791378,0.21757847304217903,0.004754384969011152,0.0022133464884572383,-0.36041520391856174,-0.16008421210651771,-0.03359654384087058,-0.4014099728082235,0.0010722136686649683,0.00013868288586359504,0.2574087860160505,-0.015481134340324616,0.0,-0.013661393997341176,0.06016741196978992,-0.3884584098554167,-0.003935973389500317,0.021689780939143217,0.007282680229225364,0.0,0.0,-0.3083193469876504,0.0,0.0,0.0,0.0,0.0,0.0
0.3902139443505937,0.6223871680913167,-1.270083941549429,0.12770745855049148,-0.007485307970151477,-0.0017107470159113888,-0.005365316157249027,0.10767431670444137,-0.022649257153567446,-1.025403166346778,0.005448878756490119,0.002058499085045426,-5.500368571305934,-0.005314386796785247,0.0,-0.012391110893840561,-0.03754713251725134,-0.02788967716521104,-0.014011901556112542,0.018478067638135733,-0.015193495023352892,0.0,0.0,-0.06852924904401633,0.0,0.0,0.0,0.0,0.0,0.0
0.3902139443505937,-0.3022249556318734,-1.4913913413068853,0.2158978468485637,0.008566268123933758,-0.012959083221367323,-0.4092161868589841,-0.13366311005791034,-0.017987474969339983,-0.017234277442688396,-0.010855273851772292,-0.003634376213006097,0.2273131264119724,-0.014038539944599495,0.0,0.003655656800838199,-0.08098019894352212,0.1444456145045773,-0.001255282555572597,-0.1756812347170169,0.010521551284063253,0.0,0.0,-0.337769095817899,0.0,0.0,0.0,0.0,0.0,0.0
0.3902139443505937,-0.2670756568320979,-1.9805921546158651,-0.2342051641966832,0.0027381088031263557,-0.09658838716534182,-0.5927943463455376,-0.19435127314824874,-0.21102476834866352,-0.005740232858126041,-0.005205651167344307,-0.002598756408678663,0.21524070313417468,-0.02268050859854247,0.0,0.0016742717021028838,-0.23251422803610464,0.028825096490169445,-0.0012084079161131169,0.12305987757306759,0.15652712247577544,0.0,0.0,-0.12614965668021208,0.0,0.0,0.0,0.0,0.0,0.0
0.3902139443505937,-0.19194798628955861,-1.0539457669160048,0.017433974186781002,-0.0029286246199614926,-0.004626446123262096,-0.049958420328095485,0.033306145088295734,-0.011621264791564744,-1.026430126713966,0.0026325930195037466,0.0009002581479268275,-5.37569243749937,-0.011033538031579209,0.0,-0.00756618359864979,0.0581439528267753,0.02157500344589011,-0.013942881190108183,-0.0024940003205423723,0.0492549046630154,0.0,0.0,-0.09252017355156082,0.0,0.0,0.0,0.0,0.0,0.0
0.3902139443505937,-0.731018645784469,5.2034198326806855,0.0829891610544418,0.016628643956212687,0.0032422431253701146,1.983760704605807,0.5682777458995842,-0.03239165168163165,0.12842617288339578,0.0010873914708806858,0.0005738047434720576,0.25700685952396024,-0.005839533503546366,0.0,0.01749048118314782,0.016208584497837224,0.04046780249445613,-0.0015885777254888672,0.02617468122260479,0.10063088885156495,0.0,0.0,0.053867016555977816,0.0,0.0,0.0,0.0,0.0,0.0
0.3902139443505937,-0.1254100471424925,3.180510184270978,0.4048017625846009,-0.002184450001627082,0.023925056987724184,2.1484389058311337,0.29439231008604233,-0.05454014955035437,0.1292547040759948,0.0007882241238988209,0.0009872070565532494,0.2572933645005032,-0.0051421840916095925,0.0,0.020164811320021146,-0.1259804876981509,0.03738419881962119,-0.0015993321928276212,0.023881219652497204,0.1032632322204728,0.0,0.0,0.03893438875271164,0.0,0.0,0.0,0.0,0.0,0.0
0.3902139443505937,0.37225495906108813,-1.14044291473091,-0.4611729579519249,-0.05906916529291103,-0.05612910177926761,-0.5974482601035345,-0.1905009392943445,0.0009701021472042883,-0.08041730250150977,0.003515495015111341,0.0019080170099661884,0.23193105784330978,-0.008818453499998017,0.0,0.0026750940555110223,-0.30568605479903854,-0.27029107017588666,-0.0029387071184240506,-0.04718137089703208,-1.2939320436722286,0.0,0.0,0.10710672560722297,0.0,0.0,0.0,0.0,0.0,0.0
0.3902139443505937,0.942688766708457,3.3548588629324523,-0.15940533229771547,-0.0005052994252801719,-0.05929322072966413,1.496154339507582,0.4107203815769238,-0.051979267278539056,0.07361833746093135,0.0025295991346528175,0.0010635388179465316,0.24847940993666556,-0.00659483417117981,0.0,0.0062344815196512925,-0.13282044926659886,0.020431133643907196,-0.001306218384556035,0.012086677416030174,0.026804125050631893,0.0,0.0,0.05151854849368296,0.0,0.0,0.0,0.0,0.0,0.0
0.3902139443505937,1.1213031707633458,-0.7035250392910622,0.029156966255510054,-0.016165803446981278,0.04964882795963246,0.09449785126667128,0.13574907945080025,-0.03392445976025416,-1.0098352084056679,0.002850432901455765,0.0013462037781282916,-5.59874973091418,-0.0028653862835112606,0.0,0.002169544629577828,-0.037255229853469025,0.009196401071365573,-0.014030499458011715,0.009482992770111704,0.007233469496803818,0.0,0.0,-0.0824644882471318,0.0,0.0,0.0,0.0,0.0,0.0
0.3902139443505937,1.0109916468026003,2.153551955957993,-0.3862334783353284,0.03812965992672558,0.008783384165796557,-0.9996592419335026,-0.8020964106064573,-0.20298955001801366,0.061331015001039595,0.0007812582073618168,0.0004859210859273534,0.23783574546732558,-0.0066072087815975365,0.0,0.006273544443317338,-0.10630931930618483,0.00931197986661731,-0.0010253077944679773,0.01653075004931429,0.0376217416637803,0.0,0.0,0.08142285640843007,0.0,0.0,0.0,0.0,0.0,0.0
0.3902139443505937,-0.36313297438128617,-0.5844375702223289,0.2411776578074322,0.004977989489903539,0.017699769967969653,-0.03910218663219009,-0.1774416232211034,0.16252161265700454,0.43856153095965233,-0.0015484102518098536,0.00017727821612467876,0.27244733061034937,-0.011715708024901557,0.0,0.009977930882287926,0.0722346691450298,0.13937963042895626,-0.004240929132147185,-0.2085862933870972,0.3239126050647609,0.0,0.0,0.5071285456912623,0.0,0.0,0.0,0.0,0.0,0.0
0.3902139443505937,0.8351727779281833,-2.3422466275071345,-0.546218250184264,-0.0022917031604688725,-0.38096339165966836,0.5371072851939712,0.14100744590713915,-0.003426023928449379,0.13531635289380678,0.00541324517830869,0.0018276965139003094,0.26328872530108044,-0.005695361551578671,0.0,0.003828065221384381,0.25049872130213247,-0.004570396670147846,-0.001564612085794568,0.012923079932752603,0.06023297420614869,0.0,0.0,0.009803494010326092,0.0,0.0,0.0,0.0,0.0,0.0
0.3902139443505937,-0.3760211619065749,-1.0305900623787396,-0.05617667426151446,-0.010549598650949442,-0.011939658478998067,-0.6029327253856231,-0.14960794703015087,-0.017811410381423594,0.22206782093534028,0.003329771970872643,0.0010859950598636739,0.23626095452042553,-0.009158622066888038,0.0,0.01591982933678694,0.20540534163588633,0.09110103739622924,-0.0014952321034027048,0.010449262659422141,0.12794868905351586,0.0,0.0,0.15657499698533942,0.0,0.0,0.0,0.0,0.0,0.0
0.3902139443505937,-0.22173137225655387,-1.1598161530990312,0.04753026110263266,-0.007097810365770156,-0.024732832760102803,-0.21850418648589012,0.06121900213427143,-0.009855538011795124,-0.8669670035117739,0.0023258271551768453,0.0010409922280287215,-5.15445721546784,-0.009541457203718563,0.0,-0.0026968571842643377,-0.0572898050927131,0.03266318647993835,-0.013959619870885797,0.020230529804117277,0.09665194821095854,0.0,0.0,-0.14509618978826244,0.0,0.0,0.0,0.0,0.0,0.0
0.3902139443505937,0.3651324550138713,3.7256704546175623,0.0766962106835048,0.020405178944805615,-0.0004922604720282315,1.4542174119783577,0.4133175225116298,-0.05633139474651197,0.1149167603915397,0.0009281778870701808,0.001096625718132399,0.2607909748031224,-0.0026845802234998525,0.0,0.005709932298475542,-0.13564389985295844,0.005853879949783057,-0.00148533010692157,0.01039372774292503,0.03670992950001437,0.0,0.0,0.02691120462748799,0.0,0.0,0.0,0.0,0.0,0.0
0.3902139443505937,-0.26306239952333793,1.8152927182905019,-1.1029024319292067,0.017898309969594108,-0.043934723141073155,-1.9539234363994882,-0.6991702082875276,-0.20766101059849923,0.09287011499599632,0.0009915790565913683,0.00026708933385436064,0.21460678933295568,-0.010162085725908128,0.0,0.012260827603299797,-0.14638499601510493,0.05423544564150164,-0.0009040567733012662,0.016211723783860765,0.07676250293784478,0.0,0.0,0.05141911410517246,0.0,0.0,0.0,0.0,0.0,0.0
0.3902139443505937,-0.20570987276952166,4.610533379803123,0.4192178238624362,0.004536887932413675,0.047984369521642596,1.0377281261732436,0.37490736341932274,-0.03823120572929192,0.1319334429876814,0.001119363110832667,0.0005557690923510205,0.2557923488165476,-0.005593755966220073,0.0,0.019317259752851444,0.08741055861443839,0.04393909553121261,-0.002099079507182031,0.029709049794090902,0.11909055167620872,0.0,0.0,0.06264851529314819,0.0,0.0,0.0,0.0,0.0,0.0
0.3902139443505937,-0.3660757861610327,-1.1971826029610635,0.03540051475395328,-0.0018262813127110074,0.01123301413187192,-0.5821748207076449,-0.18399675015260092,0.03328141790879241,-0.08537651750827474,-0.0017848323143391785,-0.00020478937337315464,0.23939889042743642,-0.01949213049383373,0.0,0.005011568835590923,-0.04104442258631165,-0.035895564586000385,-0.001156526935685964,0.02038807309730359,-0.00221786113291333,0.0,0.0,0.588728756080753,0.0,0.0,0.0,0.0,0.0,0.0
0.3902139443505937,0.30345365984334755,-1.6645920456940921,0.08801035018909971,-0.0019615450059576483,0.013177567222442637,-0.7200339457631998,-0.2049799486662061,-0.005245644977792321,0.096051927828814,0.002178177696395681,0.0012101382734970318,0.24846850647194627,-0.011041936942401335,0.0,-0.0037426245042163973,-0.0011939515221995255,-0.013820517829387823,-0.00168866773837164,0.0024127919600235035,-5.8242856426003434e-05,0.0,0.0,0.114891073548356,0.0,0.0,0.0,0.0,0.0,0.0
0.3902139443505937,0.17049855085548282,-1.8933603548845082,-0.1513006292373193,-0.016448946098262723,0.040206509162510846,-0.37175971757122656,0.033440792101805554,-0.02912687962118767,0.14268078171668286,0.0036300159925397126,0.0011936750035742446,0.25538839054245555,-0.009345311822034975,0.0,0.008600615273415733,-0.3862565424246193,-0.007892945491324022,-0.010609787447904358,-0.006191916909136911,0.018114565824037247,0.0,0.0,-0.08348102157951064,0.0,0.0,0.0,0.0,0.0,0.0
0.3902139443505937,-0.4102703054191831,-1.5759752855050326,0.2776624259982912,0.003083255234244856,-0.011101388753046714,-0.5321261390827629,-0.1835296257393168,0.05784960569378632,0.036580674267562494,3.2216606517152766e-06,0.0011975352723059348,0.20748347464092548,-0.01804816301376543,0.0,0.012890445105849196,-0.1868581295956761,-0.02897287489169049,-0.0011295444921497523,-0.09945987389678947,-1.4433550267445017,0.0,0.0,-0.5731917766704876,0.0,0.0,0.0,0.0,0.0,0.0
0.3902139443505937,0.154810940964045,-1.090140461406573,-0.22870950976243518,0.005772668827383824,-0.0338629661037176,-0.2661544445365428,-0.08315942661578155,0.16893231136580106,-0.22880407270117292,0.009765180733899424,0.0024602917966984406,0.2515721666331468,-0.010395825981913959,0.0,0.03567945437222209,0.10755739761022377,-0.12561010791867794,-0.006038309042088591,-0.041645510966091474,0.41970614817730745,0.0,0.0,0.20142189966770177,0.0,0.0,0.0,0.0,0.0,0.0
0.3902139443505937,-0.34168482961202756,-0.8372432585351101,0.2765534416253909,0.00303412937880487,-0.005628611777050128,-0.07440561379247788,-0.12036410844833793,-0.009082302920167354,-0.008549698072994806,-0.0024646435190514896,-0.0006994152929347548,-5.62855929940872,-0.008987580312689394,0.0,0.00233973970758692,0.11509491069172197,0.09379845016876968,-0.004336629801593327,0.027103965840645994,0.011013441909855747,0.0,0.0,0.26174282397805315,0.0,0.0,0.0,0.0,0.0,0.0
0.3902139443505937,0.1999845685490066,3.949904785094954,-0.17715515222599437,-0.008797375036331991,-0.045165996734938,0.8445239384331306,0.33651266824595943,-0.04433813461321561,0.07938270709123227,0.0016354327806755824,0.0009551524173689011,0.2418616283337611,-0.006652410710232624,0.0,0.00957049152455223,0.18864291571006603,0.04410146757713856,-0.0012691475001797717,0.02258087272820339,0.08336609271936693,0.0,0.0,0.037237690227546624,0.0,0.0,0.0,0.0,0.0,0.0
0.3902139443505937,0.11310319845023653,3.5176687694278153,0.2515927324097174,0.021586387467131193,0.3670651939321663,-0.7317437962038075,-0.5402778002426065,-0.11258329545738721,0.09112349666577048,0.001143632314381017,0.0005273612781013104,0.2291996473269963,-0.009620402713295844,0.0,0.013144895583207179,-0.13901565320001197,0.05195913129447502,-0.0008973624932492876,0.025009801438623733,0.13341160329371224,0.0,0.0,0.1941879267206794,0.0,0.0,0.0,0.0,0.0,0.0
0.3902139443505937,0.9153736320266572,-1.0867147603995608,0.13188099708573292,0.0013216824445087237,0.0037482295161248972,-0.7624837113735091,-0.18494519136135626,-0.005181692169361004,-0.32806977857568087,0.011607950887031189,0.00467726769843905,0.26950477848356985,-0.008358740583597396,0.0,0.013447501319055866,-0.047960160631783516,-0.11151580327734634,-0.004748492612850648,0.0016720333680019595,-0.014272749863107562,0.0,0.0,0.01788950929293815,0.0,0.0,0.0,0.0,0.0,0.0
0.3902139443505937,-1.5073799488823407,-1.0043674080730756,0.18498185199293307,0.006750861289070925,0.012226786159048297,-0.9097886172611721,-0.1745774606376972,0.03343967039994952,-0.045397784914022514,0.002641860205446329,7.244486386371164e-05,0.21190681035721903,-0.017028577054450385,0.0,0.014060675473376583,-0.14986320085422183,-0.051937196856812605,-0.001129131811075701,-0.1884577226450396,0.01975049493994456,0.0,0.0,-0.3438495960477385,0.0,0.0,0.0,0.0,0.0,0.0
0.3902139443505937,-0.43652089472543315,-1.005752204681265,-0.21455507430530174,0.004678534118867092,-0.013829894794224081,-0.42182204946963914,-0.17099718971295894,0.02804604497681444,0.0576063474462173,0.0025153631302859366,0.0012930647690473837,0.21904046664943227,-0.013091328158336257,0.0,0.005933272963227696,0.08960080372620645,-0.015511140825575335,-0.001184393706320165,-0.09155951209531027,-1.1389753334462343,0.0,0.0,-0.4960512553473695,0.0,0.0,0.0,0.0,0.0,0.0
0.3902139443505937,-0.35924498821041173,-1.4918213659148107,-0.396546308872368,-0.0029361616475732455,0.034454288002528165,0.9753314429405149,0.16672902300538936,-0.0012448451894439346,0.14975610244324158,0.0036593854482203703,0.0011316266156695916,0.25390941383675386,-0.015925207493730196,0.0,0.02112400498666147,-0.09257217736554192,0.07651454811948413,-0.0020245023255847,0.0205899467620488,0.09594729106540746,0.0,0.0,0.001339598492680516,0.0,0.0,0.0,0.0,0.0,0.0
0.3902139443505937,-0.30781894742868854,3.825175822098042,-0.16479112188940764,0.016032700755247348,0.10383773104590706,1.7301745079590087,0.3997225565176618,-0.03925701066966185,0.10814146402077364,0.0015624683282295364,0.0009848756894560058,0.25117850369513595,-0.008265013510983518,0.0,0.012220027413690512,-0.08097898530617191,0.0488838504981395,-0.0012600898180195777,0.01945936339881797,0.06886897919995943,0.0,0.0,0.030489965373805085,0.0,0.0,0.0,0.0,0.0,0.0
0.3902139443505937,0.28700184300112397,-1.1235372558744419,-0.0890728545070338,-0.006645815917941,0.09503846299562269,1.0679355557847194,0.21636238674216632,-0.006083599850088,0.16897784411637232,0.0032704092528774566,0.0013510562348197283,0.2577489597074876,-0.007872264781946572,0.0,0.02695829063310638,0.047567858999725404,0.08559861682546958,-0.002541933892921656,0.02686998166648202,0.09180868526562215,0.0,0.0,0.041493173536127165,0.0,0.0,0.0,0.0,0.0,0.0
0.3902139443505937,-0.2889539998244116,-1.5538467749819258,-0.3253587249348481,-0.011365390022379502,-0.05286844435291159,-0.26516306116193233,0.1274528481885732,-0.002065919693799218,0.1071905105121905,0.0031368273619860306,0.0010771428256096496,0.2415463184425362,-0.01618044170683258,0.0,0.012598143817083251,0.07458145271354702,0.07108803464896524,-0.001157089981296925,0.015058486616577143,0.08741610369500585,0.0,0.0,0.0009879133214488096,0.0,0.0,0.0,0.0,0.0,0.0
0.3902139443505937,-0.8723476359185888,-1.0543917396054359,-0.521154016662825,0.00610399455816189,-0.026101372137204783,-0.26452396949985274,-0.21589933105656461,0.1064079520862132,-0.28035746828796576,0.004873737120101807,0.0022453793890022914,0.22093474372407088,-0.01640905007737024,0.0,0.008094962536257883,0.11561901521973549,-0.12565255928287827,-0.0044514930747026555,0.09208712346828465,-1.3753942461066353,0.0,0.0,0.09000096227596899,0.0,0.0,0.0,0.0,0.0,0.0
0.3902139443505937,0.4814453767951141,0.3775181158138517,0.11709222893490981,0.02448513178673565,-0.0263974666225306,-3.458651319318477,-0.7229189243309224,-0.2763026936754882,0.07335501808564562,0.0011837968545071592,0.0008612400573660753,0.21170237696411096,-0.006238373943498497,0.0,0.007413205158432878,-0.13806088301543915,-0.025237590787498983,-0.0011045375090995772,0.013932005243192934,-0.007651782941789414,0.0,0.0,-0.07222060640174938,0.0,0.0,0.0,0.0,0.0,0.0
0.3902139443505937,-0.6591165017028158,-1.3522510286758913,-0.4914235831392531,-0.004158782181734702,-0.008704125009118263,0.24539956927193327,0.11662121675617616,0.006269202348558171,0.10163424546215788,0.004921410956184097,0.001840401773272089,0.24230228053791864,-0.013676637925255211,0.0,0.012631907786930425,-0.23564076962264563,0.03404341415873,-0.0011952652667991755,0.023112736477228342,0.11035696209298684,0.0,0.0,0.060252651236224856,0.0,0.0,0.0,0.0,0.0,0.0
0.3902139443505937,0.46303788681144875,1.1880921998194125,-1.5826907861746917,-0.20587638763346625,-0.04209780467572574,-2.4574045881966824,-0.7489395779908263,-0.19945628833054413,0.07983342862349867,0.0014454013518094507,0.0005594329795751323,0.21516181492999667,-0.006451520660963249,0.0,0.008140527745430216,-0.2932686857894728,0.02274858718643487,-0.001099181801973136,0.013513169250000382,0.07083364600475316,0.0,0.0,0.08454548320005742,0.0,0.0,0.0,0.0,0.0,0.0
0.3902139443505937,-1.7413689031056494,0.4654687525103123,-1.0781779958709368,-0.2281122703185742,-0.05525955064439315,-1.2863714902684726,-0.41109270087008704,0.028691397998824805,-0.6253677273637671,-0.00139143527922824,0.00019274521677980957,0.20866310602606344,-0.012351064751945836,0.0,0.027175049264291828,0.17744372024290828,-0.41509617554788286,-0.003814369661028933,-0.12275308212269796,0.17918851979513256,0.0,0.0,-0.2733254565664724,0.0,0.0,0.0,0.0,0.0,0.0
0.3902139443505937,-0.26293091586900674,-1.5740705575246838,0.3209289315699197,-0.0010010336973328567,0.03128723038441699,0.9635722295433362,0.20401049854551237,0.026554386797074423,0.14801774046542238,0.0029932933660391007,0.0011211107393388283,0.27136017919598493,-0.014058023268846483,0.0,0.01589733347757599,0.0164528315344889,0.07302618504798133,-0.001349236641429105,0.017353538222213215,0.15375975440666892,0.0,0.0,0.027235637296596404,0.0,0.0,0.0,0.0,0.0,0.0
0.3902139443505937,-0.5409997785503486,-1.3117237936147697,0.14838260552143206,-0.004977462518458846,0.035740901584942114,0.5033568746692354,0.08564734487960285,0.0006198061009854804,0.19134245646395528,0.0037093194200551647,0.0016401387616382342,0.26187260829238224,-0.007019033468925044,0.0,0.011552101569850036,0.05021733781746638,0.03286916637913941,-0.0013755579669312702,0.012940220692514366,0.15565438967942002,0.0,0.0,0.02445291186267785,0.0,0.0,0.0,0.0,0.0,0.0
0.3902139443505937,0.0029651692323216026,4.862975706248663,0.2731622925801999,0.019451838121461167,0.05542561418547098,1.1535266458896725,0.5207452550876734,-0.03926871364452335,0.12415375789316463,0.0011288898622983073,0.00048286462008796216,0.2580319171406216,-0.00546404028702075,0.0,0.01860654177711506,0.02396852221832372,0.040058022974185536,-0.002099079507182031,0.028731039025631285,0.11316624784486684,0.0,0.0,0.06012819798084564,0.0,0.0,0.0,0.0,0.0,0.0
0.3902139443505937,2.6764731995026754,0.39827229192035224,0.3243148627784914,-0.019936544657624,0.017002136999251436,-0.028233765001404523,0.26256007536087733,-0.015870766659209307,0.0994615658443851,0.0030179253814970027,0.0014837271373240486,0.3031560434859729,-0.00519786157493661,0.0,0.00878472446928023,0.026938704091682315,-0.010536389271634753,-0.0015077411791306694,0.012504905887546412,0.06131369264955553,0.0,0.0,0.03972852786770165,0.0,0.0,0.0,0.0,0.0,0.0
0.3902139443505937,-0.8778551375858624,-1.1897412003377685,-0.5081953334367478,0.0006982663181390869,-0.18044891076687283,0.6218013644362123,0.12040473272965659,-0.013055506973198079,0.1311950500141783,0.003760346546403274,0.0017019091365756583,0.24574961184630817,-0.011573082730604927,0.0,0.006591766666992414,0.11942164570347558,0.027167408171304225,-0.0013983222094299634,0.026680359311924508,0.1378774657379177,0.0,0.0,0.004588195112818374,0.0,0.0,0.0,0.0,0.0,0.0
0.3902139443505937,0.6304662630851221,-2.8167495065619774,-0.4813438790717126,-0.0078066023749637494,0.024881565800547026,0.8364143189540039,0.20778378134976877,-0.008566239655574357,0.13014824960428706,0.0026032716586125728,0.0012771633234220504,0.2793637765508845,-0.010873413567308766,0.0,0.0018716047760016022,0.07034055728036079,0.04360457989915532,-0.0015361205292677492,0.028261244311317175,0.06651213788570991,0.0,0.0,0.0031935481111189496,0.0,0.0,0.0,0.0,0.0,0.0
0.3902139443505937,-0.18080663805139413,-1.1579710770531941,0.17755886061734794,0.006598296765635246,-0.010851648385230778,-0.2965933467210321,-0.1550195761842812,0.04000991871908216,-0.018933106025066586,0.006199444955690829,0.002028915831710963,0.24974288577198678,-0.015487642320384677,0.0,0.019899183741884315,-0.10071666092592878,-0.6494303337430537,-0.0010622167622780022,-0.29848475444346917,-0.31636846290570886,0.0,0.0,1.1154537691153459,0.0,0.0,0.0,0.0,0.0,0.0
0.3902139443505937,1.5825718195158547,2.713180106716768,0.056142784363358324,0.00850358182122454,0.025783356620160916,2.68418702017721,0.3176138689182963,-0.0708791907517913,0.10804026709072186,0.0012509110517190175,0.0009962545591566925,0.2645810003832701,-0.005053970247591711,0.0,0.00944043554592266,-0.12467958423200673,0.011527362581536332,-0.0017172451008079877,0.01782497926833238,0.04425175768164215,0.0,0.0,0.002773277932600147,0.0,0.0,0.0,0.0,0.0,0.0
0.3902139443505937,-1.501469578745534,1.1673529848930968,0.033083625713181,0.03198079539942141,-0.07588659844028056,-1.5302029374069843,-0.605291681000842,-0.18160743764799886,0.06619164615512059,0.0008369853867579624,0.00037178521347137856,0.21219125488981164,-0.009287283485870785,0.0,0.012641713277101223,-0.2904660965186778,0.046564311609654144,-0.0008973624932492876,0.02479761242221881,0.11333826637774336,0.0,0.0,0.17209592240956104,0.0,0.0,0.0,0.0,0.0,0.0
0.3902139443505937,0.3740636926109597,-0.3728800048446695,0.021086064937420924,-0.001176530876956877,0.0010646137410181352,0.5148759731537133,0.16242460720739912,-0.036040911693372236,-1.252210023584634,0.0024303622173998435,0.001149254063437297,-5.7553924471692355,-0.008053634308619861,0.0,-0.007547501813502132,-0.005293069373751152,0.021937058874569648,-0.017726733611933075,0.01049251008947946,0.010126437135325855,0.0,0.0,0.009291437204539225,0.0,0.0,0.0,0.0,0.0,0.0
0.3902139443505937,0.5006507093247259,-0.3938053262942435,-0.3989240231266484,-0.22482222570634414,0.013033111684234502,0.5984366589270786,0.165735933535523,-0.0024032191539435466,0.142353372633385,0.005708904197683292,0.0016509429553975884,0.26555024162471685,-0.006243383105315751,0.0,0.012471813367721114,-0.08399753034255622,0.01452162495500366,-0.0016343817612485267,0.006753952409869576,0.05439335793246066,0.0,0.0,0.09516604880298518,0.0,0.0,0.0,0.0,0.0,0.0
0.3902139443505937,-0.36758918814092095,-0.8187190190990294,-0.29062637997174334,0.00446761597182813,0.0003854670898824532,-0.47695459180478694,-0.18886766781506212,-0.04130394291802577,0.0173356893357234,-0.0033497050945076046,-0.0008342583330091114,0.23369253013419106,-0.021514985408084473,0.0,0.007668053726682948,-0.01752418766475387,-0.2147610522610811,-0.001161176468030933,-0.4428183694007596,0.17914988811701552,0.0,0.0,-0.10516072462133597,0.0,0.0,0.0,0.0,0.0,0.0
0.3902139443505937,0.6340647588462882,-1.2686933049323115,0.7328487691343435,0.007121821920094395,-0.001094200454545664,-0.14270191936740498,-0.14584951460087764,-0.0372045727044362,-0.38158006907561964,0.006482681132462472,0.004318533977607486,0.29022119278345276,-0.006499602554322909,0.0,0.025173478967861134,0.12842796829524986,0.7528553791138638,-0.004397303457913019,0.10019715814029596,0.07789551280124354,0.0,0.0,0.5862703737350844,0.0,0.0,0.0,0.0,0.0,0.0
0.3902139443505937,-0.5669614374552715,3.64021887863888,0.44810975235816186,0.0612841055854602,-0.0454394447390105,-0.13606270233680712,-0.5950296396337975,-0.12192024639286228,0.11167986616044762,-0.00018198752426977407,0.00026936369534290245,0.23620564101079883,-0.0066739367707202325,0.0,0.013375803806290562,-0.10502104518481359,0.04733496300990841,-0.000887107317383359,0.022782086056859788,0.15189712513325465,0.0,0.0,0.2689933235549973,0.0,0.0,0.0,0.0,0.0,0.0
0.3902139443505937,-0.727930662284563,-2.875784375548127,-0.02406408614232198,-0.007485844611658541,0.008284301897218701,-0.8974858142696365,-0.25712601491426407,0.013192267987889252,-0.08363360768621358,-0.0023071476461958207,-0.000548936502906819,0.2032231046839134,-0.02303311763275462,0.0,0.0019997022561829276,-0.021465824879193268,-0.05749735368259545,-0.001170926545120464,0.011425382911085843,-0.1053902082231126,0.0,0.0,-1.478900661241397,0.0,0.0,0.0,0.0,0.0,0.0
0.3902139443505937,0.3459976394214653,3.3673905655312737,0.2905929896783388,-0.0018291011171242305,0.006754089802292347,1.661571716816586,0.44548827684205416,-0.06574565510997363,0.1343155272326552,0.001052743286612201,0.0011489372061977683,0.2662819071778314,-0.008586537785558067,0.0,0.004418021639257961,0.472016763391434,0.046784619584339694,-0.0012242733858770605,0.009271213577019894,0.10565100717615052,0.0,0.0,0.04528633023118048,0.0,0.0,0.0,0.0,0.0,0.0
0.3902139443505937,-0.6911580524610506,4.16310223349946,-0.0772877882008192,0.009858699947282668,-0.14870770058033644,2.2023775951248434,0.31417137300377734,-0.041741761059436416,0.1576714693500613,0.001180794215070032,0.00062374804507053,0.24463077262426172,-0.00686371283912092,0.0,0.016432500950709947,0.2953074520522641,0.05448536455941499,-0.0020027257803223253,0.035021896688251376,0.11585268724203936,0.0,0.0,0.07607763757134917,0.0,0.0,0.0,0.0,0.0,0.0
0.3902139443505937,-0.47148141841691965,1.9418597729202047,-0.4725121319017403,0.021253546574549836,0.1586305855018883,-1.7814505138474275,-0.6556655498299255,-0.19876378837329897,0.07181960582141608,0.00148370897206893,0.0002573740365134089,0.2200980989647056,-0.009844107591978991,0.0,0.012024454864464962,-0.31770385580755056,0.04885839411497026,-0.0008973624932492876,0.020816356333376137,0.13195059765128694,0.0,0.0,0.17335931221736697,0.0,0.0,0.0,0.0,0.0,0.0
0.3902139443505937,0.6024431012319206,-1.745106240027582,-0.9902137643062314,0.006231229862820952,-0.09442860032344189,-0.47016732060616356,-0.16095613997169483,0.01580494701949522,-0.04039719214197061,-0.002163158041860108,0.002027398530896027,0.2096899076889496,-0.01371835854616982,0.0,0.010407575000219004,-0.1834365653187996,-0.8816679975472799,-0.001663474952612319,-0.15652231926278554,-1.2409908574190238,0.0,0.0,-0.06670744042341141,0.0,0.0,0.0,0.0,0.0,0.0
0.3902139443505937,0.0029651692323216026,4.862975706248663,0.2731622925801999,0.019451838121461167,0.05542561418547098,1.1535266458896725,0.5207452550876734,-0.03926871364452335,0.12415375789316463,0.0011288898622983073,0.00048286462008796216,0.2580319171406216,-0.00546404028702075,0.0,0.01860654177711506,0.02396852221832372,0.040058022974185536,-0.002099079507182031,0.028731039025631285,0.11316624784486684,0.0,0.0,0.06012819798084564,0.0,0.0,0.0,0.0,0.0,0.0
0.3902139443505937,-0.5941383537238193,-0.7362741773505789,-0.37830544305932146,0.00810864760623265,-0.04750913534308072,-0.7898643729102536,-0.19577799621783812,0.23051720623504895,-0.22309761425237915,0.00119812502139947,-9.496610562928998e-05,0.22240640447454318,-0.010547598269001405,0.0,0.004434931658859579,0.1925668954504137,-0.07866703373926087,-0.004892908786323789,0.11244316211506947,0.16348527790457001,0.0,0.0,-0.07228230917639876,0.0,0.0,0.0,0.0,0.0,0.0
0.3902139443505937,-0.2280437216489055,-1.2340832491630018,0.45367119230659503,0.0033047235677216096,0.01874027300760038,-0.7399130226476729,-0.17415725853453468,-0.039921741655475754,-0.38073495485480513,9.6300612395018e-05,0.000299259194284892,0.255275197679668,-0.009366058872147072,0.0,-0.08680207427118343,0.272031732489807,-0.27557851202659084,-0.0041465789325461164,-0.026395936695600572,-0.08528480969520105,0.0,0.0,-0.03687818828666012,0.0,0.0,0.0,0.0,0.0,0.0
0.3902139443505937,-0.47031550993769816,-1.374635983368465,0.18093471838888203,8.532611447716008e-05,0.02828956308635992,0.5925458430515502,0.08564970653387177,0.00033124073127892197,0.19015571838745443,0.003888232934062492,0.0016461119450343475,0.2641687419864867,-0.007433845018680838,0.0,0.012789670150824259,-0.12653906441824,0.031435133316145975,-0.0013755579669312702,0.012985460867381168,0.15561413923148856,0.0,0.0,0.028621249070822103,0.0,0.0,0.0,0.0,0.0,0.0
0.3902139443505937,0.7707814667682155,4.077794323162115,0.18794055412847643,0.002553265730673011,0.09366973094095886,0.6475681598817472,0.47577737308513524,-0.09478726130928582,0.10774733775108455,0.0014399032840730743,0.0004903959762505009,0.259427302770705,-0.004633767440237579,0.0,0.012518567155714092,-0.06727425798439264,-0.007895443931884027,-0.0022596763450087676,0.01774511794549223,0.044723262211017606,0.0,0.0,-0.022224171559530128,0.0,0.0,0.0,0.0,0.0,0.0
0.3902139443505937,1.6350924912829323,3.7108486388681876,0.5402415987703789,0.014132537528871612,0.030382745057271527,2.4461888045218343,0.5035729647626994,-0.051852914888675564,0.12185971612457,0.0011461943047418805,0.0006796302353510775,0.26925996098470767,-0.002812338763705829,0.0,0.014055457825946823,0.015517669184297698,0.019441727208200324,-0.0017360873572727763,0.021184817421043847,0.05682627350979566,0.0,0.0,0.010767265471698555,0.0,0.0,0.0,0.0,0.0,0.0
0.3902139443505937,-0.09496025582050854,-1.4351123214957524,0.15665765102624898,0.004995152689188381,0.0029750912837042285,-0.29137802888482955,-0.15713427499159432,-0.034099817332560775,-0.5060704776733875,0.0006183027374344023,4.515829550855579e-05,0.2548181070363376,-0.014752642265651329,0.0,0.012526579726652148,0.16501460261822368,-0.3656443603885611,-0.004107307243535359,-0.010098748441516564,0.15980931314131833,0.0,0.0,-0.2493728595935555,0.0,0.0,0.0,0.0,0.0,0.0
0.3902139443505937,-0.5929541772481095,-1.2324887181690667,0.30265068333354617,-0.007926885252055356,-0.017915842752012988,-0.06270351840500234,0.14722343215012906,0.0033801896894740777,0.1253921994179694,0.0033178716929840304,0.001634844635395617,0.25430622485920035,-0.00754814708362739,0.0,0.021376944295400435,0.1360918652395,0.02638089508848035,-0.0011502715778365345,0.020954176585599678,0.15411220785006266,0.0,0.0,0.04185962502811289,0.0,0.0,0.0,0.0,0.0,0.0
0.3902139443505937,-0.05418169600906924,-0.7987563865469176,0.10926382502428307,-0.020833711006047657,-0.0030477953132666932,-0.8380737101166897,-0.19065395701994328,-0.03185193034027536,-0.5560135902223081,0.003434976880840438,0.0002131668658144092,0.2503492869802628,-0.005455953714230958,0.0,0.028890615191205917,0.1769086382535258,-0.08930524298348733,-0.004648848937890008,0.060127716324978875,0.32963056245747435,0.0,0.0,-0.0908136246148793,0.0,0.0,0.0,0.0,0.0,0.0
0.3902139443505937,1.2968146493106865,2.480738198207397,-0.3673929824197462,-0.14351852617188895,0.01961220349217816,2.169576203442992,0.39833235010275253,-0.06324825692622782,0.10748492365680949,0.0014255334790935841,0.0009415093623823843,0.2544942985571923,-0.005594260011179036,0.0,0.013756414870142454,-0.1110185008680353,0.014686086426771265,-0.0017969520027752493,0.01590971495827173,0.05899889938350593,0.0,0.0,0.02700536241625315,0.0,0.0,0.0,0.0,0.0,0.0
0.3902139443505937,-0.3642569527076064,-1.746370590753879,-0.36475985208684975,0.010842479733041187,-0.04911400430123226,0.6139662602669802,0.11613444384042781,-0.006629394649547375,0.11216277109916353,0.005705435896500517,0.0016591684215140846,0.2519819442822787,-0.008903984534245781,0.0,0.014551326215526095,-0.06142006457733228,0.004915213558169456,-0.0014391785764087072,0.02324611770169419,0.027547588981949873,0.0,0.0,0.05371620845772862,0.0,0.0,0.0,0.0,0.0,0.0
0.3902139443505937,2.439399889102872,-0.33242528944611555,-0.10948680306190005,0.005045479263595571,0.037215698246135825,0.8394346520343222,0.1864991801147057,-0.011021060635297146,0.12442212765579923,0.005111768850734594,0.0022304836647883295,0.3001268214758868,-0.0045915263721397525,0.0,0.005326779849390448,-0.027983777703995773,0.002896242764407419,-0.0018130951044720842,0.017343932537780292,0.08359902981862016,0.0,0.0,0.011721944598343598,0.0,0.0,0.0,0.0,0.0,0.0
0.3902139443505937,-0.08566174292556822,-0.07138367913354249,0.5569728184019098,0.0018099759140134646,0.014108811207686898,-1.421701643619172,-0.2646826255508436,-0.10616448348201037,0.12371025485970598,0.0029173816972047893,0.0013741331009126262,0.23332253381615906,-0.011237387223416329,0.0,0.019312889173013836,-0.11652855575748572,0.010830090794943705,-0.001301913605425957,0.017439755422380514,0.19416728670245953,0.0,0.0,-0.10344278965602294,0.0,0.0,0.0,0.0,0.0,0.0
0.3902139443505937,-0.6349329944722532,-0.667899796185478,-0.31819443683728327,0.007680963890487294,-0.05206653220060563,-0.49600825912890073,-0.17220394169271905,0.22850396090318517,-0.22576508722702085,0.005537044048356769,0.0020841275813157805,0.24526506815601717,-0.011362120612161953,0.0,0.026925063114434725,0.2117041920314387,0.4927981632395263,-0.004497613072384143,0.07530837832059437,0.5635498190093382,0.0,0.0,0.7111726232074321,0.0,0.0,0.0,0.0,0.0,0.0
0.3902139443505937,1.525318868571279,-1.5539121963988458,0.04098444343135879,0.0027243678671557137,0.012528148105618284,-0.11445250870381989,-0.11978930460912189,0.0413516204234869,0.09855468000858103,0.0022993898594689225,0.002030642481243116,0.2868658712371164,-0.005346475803806875,0.0,0.0038645963565707986,0.1025180114416059,0.8273524237758679,-0.004292524647199422,0.053243744118217744,0.38519138653410945,0.0,0.0,0.1493509402585586,0.0,0.0,0.0,0.0,0.0,0.0
0.3902139443505937,-0.17272251723587906,-1.7136806912671048,-0.1994595498643436,0.005456221471635175,0.00283511491943305,-0.34209075256526605,-0.12487066738055007,0.16252261163125953,-0.3732771952921066,0.008394932136014823,0.002109908103028598,0.24703963705496348,-0.01171320565798613,0.0,0.01414349678723051,0.07661654457547541,-0.17686069853977537,-0.006194142306037489,-0.042250409108066336,0.2462645663979896,0.0,0.0,-0.280261852014754,0.0,0.0,0.0,0.0,0.0,0.0
0.3902139443505937,0.661160743295676,-0.29923032227653296,0.31957767967941664,0.0034502121792555213,0.026242057276988032,-0.3101320752268744,-0.11764310497768744,0.036120635619247735,-0.4315723388664959,-0.005361732344785008,-0.003883782988486299,0.2887473497406129,-0.012910021355204663,0.0,0.22215927870107383,0.17951746946221422,-0.10327212884273193,-0.005346654986272263,0.07037015739733188,0.2004382953324932,0.0,0.0,-0.3444555135223867,0.0,0.0,0.0,0.0,0.0,0.0
0.3902139443505937,-0.06469689074409633,3.473469562827251,0.35157417733841134,0.0020705689107817136,-0.039816475794429304,-1.285769133294012,-0.4499297192585164,-0.1406650856873228,0.17939221322384333,0.0002790579867577234,0.00023495326030836006,0.237004887542662,-0.006545982819398751,0.0,0.011696926095577079,0.8233539956565736,0.11385731201316579,-0.0010853917835021082,0.03437746917767279,0.1388415211830576,0.0,0.0,0.25840052103638367,0.0,0.0,0.0,0.0,0.0,0.0
0.3902139443505937,-0.2562791592376566,-1.8096438525890495,0.24278783318612926,-0.013173186457554996,0.014508106753227328,-0.38553233129209,0.14303960106154315,0.01083088567071379,0.14961941588916905,0.004316817100883019,0.0020132199791675427,0.25482093154920343,-0.007772006733127367,0.0,0.008420268743291943,0.07210059368650114,0.035891212643118786,-0.001313506461460028,0.003159808028026463,0.15220809279209319,0.0,0.0,0.04569535011740806,0.0,0.0,0.0,0.0,0.0,0.0
0.3902139443505937,0.016259622344044048,-1.2653854673498666,0.5411148734409635,0.0001151275941604708,0.047594455034278,0.3466393052538586,0.14974159844363824,-0.015208411527108284,-0.5431994354189219,0.004050842380535661,0.0015059449836354447,0.4011521186122904,-0.006854026700712471,0.0,0.4339103586292452,0.2650223593948035,0.25181954872062284,-0.018366058561980172,0.09226190677712044,0.37964217470663986,0.0,0.0,0.3150017086320251,0.0,0.0,0.0,0.0,0.0,0.0
0.3902139443505937,0.3943596336464435,4.966737803908155,0.5586267236087831,0.00303256319703641,0.08932187957135447,0.4348538575852404,0.353528820976524,-0.08352297445055902,0.11723591178266612,0.0013862158996809444,0.0006218882346813227,0.2585751166559931,-0.0030494750020398477,0.0,0.016958182645082545,0.10224749351193474,0.0005015038511315921,-0.00235162660960208,0.021914886109480804,0.04467450642774481,0.0,0.0,0.032793540738744464,0.0,0.0,0.0,0.0,0.0,0.0
0.3902139443505937,0.2876009360120437,3.0112924617029404,1.1363780385610762,0.059672616041506366,-0.03532664394721913,-1.23214139134524,-0.33896811415193046,-0.127720742046879,0.08583686866397973,0.0005769535702401939,0.0002191783356390697,0.23233582073268563,-0.008380859387284993,0.0,0.013400233642575832,-0.19999083844619603,0.04863910813185993,-0.000864710956641241,0.02072521354844209,0.15621509600818836,0.0,0.0,0.20366170890057256,0.0,0.0,0.0,0.0,0.0,0.0
0.3902139443505937,-0.7499862381615431,-1.1148671069608158,-0.5803113365660906,0.003870595006516825,-0.09358887186803234,-0.49332580573561513,-0.1815262436407963,0.040789120630481616,-0.07413343557395102,-0.004771374831944007,-0.0008449379424068182,0.20531991944268488,-0.017816316497111802,0.0,-0.006556013296854803,0.13698732938403066,-0.34033647763739755,-0.0013411844454812238,-0.17964469632757385,-0.5785160127810774,0.0,0.0,-0.039288641384411786,0.0,0.0,0.0,0.0,0.0,0.0
0.3902139443505937,-0.4169260679708221,-1.4047002116583307,-0.23067979068544112,-0.0027808723704995284,-0.06947631200048372,0.5590575262710381,0.11331239511653543,0.007467540388888809,0.15320873569389323,0.0038923228343240397,0.0010810735625220557,0.2580983070912035,-0.007291066680323196,0.0,0.005686967303136346,0.1254811355218216,0.05311534864039733,-0.0013577352066696034,0.008018435775026164,0.1147761747340526,0.0,0.0,0.03086306941010578,0.0,0.0,0.0,0.0,0.0,0.0
0.3902139443505937,-0.6911580524610506,4.16310223349946,-0.0772877882008192,0.009858699947282668,-0.14870770058033644,2.2023775951248434,0.31417137300377734,-0.041741761059436416,0.1576714693500613,0.001180794215070032,0.00062374804507053,0.24463077262426172,-0.00686371283912092,0.0,0.016432500950709947,0.2953074520522641,0.05448536455941499,-0.0020027257803223253,0.035021896688251376,0.11585268724203936,0.0,0.0,0.07607763757134917,0.0,0.0,0.0,0.0,0.0,0.0
0.3902139443505937,0.18599368993770368,3.4571705571403526,-0.274831947133436,-0.0046271766509665725,-0.03456623874281771,0.9747563575216601,0.4309649437399852,-0.05243005052708627,0.08512590507916971,0.0013070782627025723,0.0009294716104552365,0.24108206213047662,-0.007682790495720361,0.0,0.012248839780957171,-0.06782976951026089,0.042911527449348244,-0.00106366479787438,0.017323587773046642,0.05754310075350539,0.0,0.0,0.025307346631719307,0.0,0.0,0.0,0.0,0.0,0.0
0.3902139443505937,0.09299176271679886,4.291535282111147,0.26044725497179066,0.007604525249790292,0.04721431608720251,1.1162376484564842,0.40883268694571645,-0.03580007559138843,0.1277570004825108,0.0008156880543793468,0.0005806901368455338,0.25563256385789007,-0.005086351526864594,0.0,0.020274395609454904,-0.015712921638411252,0.040813223677494785,-0.0021114157636718004,0.02998959419917508,0.1173453736329119,0.0,0.0,0.05953419533169342,0.0,0.0,0.0,0.0,0.0,0.0
0.3902139443505937,-0.10471608739724514,3.4173610873198075,-0.21691057071131367,0.0008535748781594218,-0.10576865476341732,1.9388535839718204,0.3246865446434388,-0.043078721429629194,0.09383957982773038,0.0017027552822195407,0.0009640557806514955,0.23939681184934242,-0.007963853307987264,0.0,0.019316762810479383,-0.17946343941503376,0.04022513001860705,-0.0017802498797952976,0.02365109177235597,0.08408540570636405,0.0,0.0,0.03815127984255181,0.0,0.0,0.0,0.0,0.0,0.0
0.3902139443505937,-0.14169808464897463,-1.3539684453190441,0.20839948516174073,0.005845457841909216,-0.002744107878453849,-0.38043604065301495,-0.18420761108496614,-0.03310065176919537,0.033967385262427714,0.0007828917962024539,0.001492443417411175,0.23203651641898995,-0.016753190662262357,0.0,0.024608401037569432,-0.04083041657579663,0.5127042530226558,-0.0010422419641829197,-0.02743247831141551,0.24406125503999435,0.0,0.0,0.3637943474833961,0.0,0.0,0.0,0.0,0.0,0.0
0.3902139443505937,0.22473001026037756,2.932640916386383,0.18573247195222214,0.0034867811071726523,0.015103537749065806,1.9871973892662957,0.28384875679173344,-0.06866275782156415,0.10628493220430954,0.0005906988603564072,0.000996639911892052,0.2541253495393955,-0.008122934062287996,0.0,0.010763238491601577,-0.12965671940164575,0.03571541532555805,-0.001202735760280283,0.0123107323441299,0.10420409530138786,0.0,0.0,0.020877349600054263,0.0,0.0,0.0,0.0,0.0,0.0
0.3902139443505937,1.2430998473500425,3.5830209062309266,0.5446356642606146,0.009623448000934785,0.02076933814949755,2.2912853893287894,0.38910956206243474,-0.06728706230252693,0.12509980007702923,0.0011844660042392016,0.0010839488477595747,0.26239354907659024,-0.0029128844224174,0.0,0.015231899609974946,0.03345112603083557,0.01606491638796982,-0.0018395430387579002,0.021974709130122838,0.051420998390032495,0.0,0.0,0.04791946614827124,0.0,0.0,0.0,0.0,0.0,0.0
0.3902139443505937,0.11101228160545841,3.2510883399594794,0.22427893006322464,0.049334810300388054,0.03189998697339849,-0.8300766764158272,-0.26106870470830296,1.579199769919092,-0.39445849403427596,0.012001748772372612,0.017923758727388123,0.2571035042988409,-0.006761647942020341,0.0,-0.38947839045777083,0.6915726108082979,-0.3360516551918835,-0.0038258672676337595,0.005272169125146921,0.2515809796876725,0.0,0.0,0.5125795291689349,0.0,0.0,0.0,0.0,0.0,0.0
0.3902139443505937,-0.12493638548757634,-1.3141567436012567,0.21081074744581615,0.0025421690022063045,0.008518947012257177,-0.6915177842427237,-0.1893586964069355,-0.0774267210221408,-0.374970787185385,0.0077800226336018005,0.002386029955300515,0.24083153302852092,-0.01010384040927813,0.0,0.015565606515670285,0.055569743045541374,-0.2885265772655553,-0.004309180828335995,-0.08763415652736059,0.147936289064229,0.0,0.0,-0.1555264825680521,0.0,0.0,0.0,0.0,0.0,0.0
0.3902139443505937,-0.4536485310880824,-0.6376692501592823,0.44157105419262094,0.0028237613313096353,-0.009616993803512611,-0.3723373848626333,-0.15734870694281583,0.021776284408113553,-0.03079553166081151,0.0007608577164391791,0.00020943062168444972,0.22854816112813506,-0.02090976794088015,0.0,0.002222490868587225,0.12469833582749366,-0.062015786549278154,-0.0011483513187227963,-0.18176522854834576,-0.7238909992088436,0.0,0.0,0.15757248314589994,0.0,0.0,0.0,0.0,0.0,0.0
0.3902139443505937,0.5152662991793447,2.53144591955249,-0.11406118630828838,0.028005543193338867,-0.04187855902677602,-1.25075017251602,-0.6017673826225531,-0.10850265373263183,0.2302777864441114,0.0005613590547567046,0.00031821852349628614,0.2239163177336839,-0.008202668446193623,0.0,0.009519883047822345,0.8189028145188817,0.12329519733173765,-0.0010589252215218155,0.02975674691061237,0.2292377606911726,0.0,0.0,0.28597772003946975,0.0,0.0,0.0,0.0,0.0,0.0
0.3902139443505937,-0.2854954064077034,-2.031600684153251,-0.033977786817412675,-0.004087528311302011,-0.0058513776836912074,0.5041165203403961,0.05369611477307266,-0.025180891702737757,-1.1187646606760264,0.001122986461004469,0.0004998883287351461,-5.65345611984806,-0.011361804492115797,0.0,-0.5747456260423138,0.07047175517672177,0.0391546947449524,-0.014152041270459137,0.01827200615304281,0.03420558229589883,0.0,0.0,-0.1622886756745162,0.0,0.0,0.0,0.0,0.0,0.0
0.3902139443505937,1.3845426760088133,3.978752928228557,0.0952712084675133,0.02214151769188485,0.055210553426278265,2.223492572113755,0.45923625601048995,-0.055688485443066434,0.09873351110561487,0.0012884303988317455,0.0009799020549353297,0.2677262807980028,-0.005323861733954567,0.0,0.005767326125179438,-0.07390396608476392,0.01305377402609588,-0.001363332598107019,0.015169262862485808,0.04631558715731304,0.0,0.0,0.007662317704539925,0.0,0.0,0.0,0.0,0.0,0.0
0.3902139443505937,-0.414582753313133,-1.5995149991005992,0.08269328010943505,0.0011605753403189755,0.01978280904184564,0.5166266556427219,0.13150365907379913,0.005543371373751821,0.13876896086410678,0.005027285644028816,0.0019144220841580382,0.2636435444648077,-0.017702860569278465,0.0,0.010753450267388233,-0.06386190159558393,0.034330242329409115,-0.0011507546259991377,0.018100172812743266,0.1629461665482239,0.0,0.0,0.0468558288607036,0.0,0.0,0.0,0.0,0.0,0.0
0.3902139443505937,-0.2562791592376566,-1.8096438525890495,0.24278783318612926,-0.013173186457554996,0.014508106753227328,-0.38553233129209,0.14303960106154315,0.01083088567071379,0.14961941588916905,0.004316817100883019,0.0020132199791675427,0.25482093154920343,-0.007772006733127367,0.0,0.008420268743291943,0.07210059368650114,0.035891212643118786,-0.001313506461460028,0.003159808028026463,0.15220809279209319,0.0,0.0,0.04569535011740806,0.0,0.0,0.0,0.0,0.0,0.0
0.3902139443505937,-0.2656328487372408,-1.4290968331483986,0.2005671063204431,0.014121370919857438,0.018849003081136854,0.5573571696110352,0.16386653588518713,0.010479231567865106,0.13841911976120522,0.004266996697331152,0.0010342183142624665,0.26473052280649123,-0.011513696765860629,0.0,0.01212621326480479,-0.13261192253891207,0.0437696107623153,-0.0011240436068700997,0.02097057652443391,0.1888168888594925,0.0,0.0,0.08138970318983886,0.0,0.0,0.0,0.0,0.0,0.0
0.3902139443505937,0.31853969791439685,-1.6645612985446259,0.30310067850053224,0.0038557102556070464,-0.014771328917430208,-0.5888287375061779,-0.2184671549251784,0.015077849682919905,-0.049094742605448584,0.0017815615313021068,0.0033864524365130938,0.23848573644385965,-0.01300779104969483,0.0,0.009190855404073425,0.09289277716688032,-0.5696193833390683,-0.001768033517669916,0.09641332170572448,-0.4227065996271733,0.0,0.0,-0.35668439436510313,0.0,0.0,0.0,0.0,0.0,0.0
0.3902139443505937,-1.3550481836536754,1.1352320204019504,-0.4897211900370643,0.015987510572833638,-0.06513853450143686,-3.182938073587287,-0.6921925142215852,-0.2188444289448584,0.07810048456300639,0.00044396454453904974,4.117802489238603e-05,0.19307558186872564,-0.009539998412219221,0.0,0.012775648894373246,-0.18687727731187861,0.037580934898317604,-0.0009036724798293234,0.021953512631987082,0.02202819778661778,0.0,0.0,-0.08627242777481642,0.0,0.0,0.0,0.0,0.0,0.0
0.3902139443505937,0.07550215361925049,-0.8222725192737625,0.2724436236481173,-0.011878653982772559,0.010937316616767279,-0.42289035702297967,-0.13219616838234022,0.02068057060572371,0.12066629220827581,0.0017449663124870702,0.0010097011436410626,0.26344908094377845,-0.01588127272110535,0.0,0.017201898206515596,-0.04084986938821216,0.1346784580116952,-0.0012025920752744253,0.03035119173290682,0.21064007824143274,0.0,0.0,0.5840378282925311,0.0,0.0,0.0,0.0,0.0,0.0
0.3902139443505937,-0.3933001775820124,-1.1785693888581763,0.28307040510168524,0.006516825066155799,0.003984958688039204,-0.9133449377584202,-0.17007157198734862,-0.18422007708717308,-0.44048735193341965,0.001339665088382751,0.00036118697104477876,0.23368995892758343,-0.008965442844257127,0.0,0.015255941568509629,-0.049896968736738184,-0.35082826967497194,-0.004373923704812956,0.05823522540254144,-0.04381782499166218,0.0,0.0,-0.19782638992195622,0.0,0.0,0.0,0.0,0.0,0.0
0.3902139443505937,0.793849434316532,1.2027952993188757,0.07685331716934837,-0.061642664410242076,-0.022175959745033415,-2.6172711736617478,-0.6519575268938963,-0.24347434983751903,0.1182579726545085,0.001699478834936113,0.000518615756110798,0.2205127088337696,-0.005492922441663744,0.0,0.006966646268458732,0.3293584267473815,0.04420661842340554,-0.001330859271024411,0.003121566355926499,0.06821951757303052,0.0,0.0,0.031091092617573125,0.0,0.0,0.0,0.0,0.0,0.0
0.3902139443505937,-0.6175707449556272,3.749413189909155,0.13685408003268693,0.013996647668851827,0.02964408869282561,1.0825458277483206,0.4750706193177053,-0.05424826029487376,0.12306004969969056,0.0011308376905246563,0.0005557080276773682,0.2532150093784908,-0.005900258376802874,0.0,0.018269974597613155,-0.02678004893238073,0.04098794758147317,-0.002099079507182031,0.02948457970937843,0.1091895512793062,0.0,0.0,0.04523906944097663,0.0,0.0,0.0,0.0,0.0,0.0
0.3902139443505937,2.1488621965985897,0.4597559645785474,-0.037274534205207016,0.0027865606815415996,-0.01291730960730332,0.6538823335310564,0.24349845565488115,0.24318143444268464,-0.3372791699041064,0.010114171144078707,0.0018787616419701557,0.28911055177028355,-0.007566637675376164,0.0,0.046939913227735386,0.11579814189645209,-0.22828810521877213,0.4703701691537236,-0.02724805034323435,0.03232479634340037,0.0,0.0,0.4003513915644562,0.0,0.0,0.0,0.0,0.0,0.0
0.3902139443505937,-0.0403033473276651,3.6853637895807383,0.287908747218503,0.030435472624654552,0.0023637087382776555,-0.21120688846668217,-0.31723068116650033,1.0219956002621753,0.20994436218403173,-0.006918875372489487,-0.001055791968719969,0.2339515817011101,-0.01123208323260572,0.0,0.011763973645222574,0.026105241049977867,-0.24196077343285627,-0.0008597419654391543,-0.03562773138859216,-0.622606661584322,0.0,0.0,-0.5385016545148259,0.0,0.0,0.0,0.0,0.0,0.0
0.3902139443505937,0.7905894142885818,-1.3499590435714715,0.16575127268730644,0.007951593863214505,0.0009204317126109905,-0.2085400471670161,-0.15962263539540797,-0.003104882829600205,0.1499518322437135,0.00443313625056432,0.0014139569415183668,0.2472216292571015,-0.006494170973796716,0.0,0.004183832078336477,0.5873919791799151,0.1541823970796674,-0.0023397528923512403,0.030996143464439917,-0.1668941985739982,0.0,0.0,0.7032146397944015,0.0,0.0,0.0,0.0,0.0,0.0
0.3902139443505937,0.1877790062381643,-1.0630498264892585,0.2890982761714233,0.005319469330296709,-0.015380553873362676,-0.48913264768401093,-0.17718837237783,0.01270152509536251,0.014787462599208418,-0.002896980470865193,-0.0008180494508889608,0.23809135472119702,-0.013966242662386988,0.0,0.003623307531735557,-0.08959860917670448,0.0276244988227022,-0.0013400829608069174,0.04659795258931568,0.05148628560819041,0.0,0.0,0.27465343312426116,0.0,0.0,0.0,0.0,0.0,0.0
0.3902139443505937,-0.28934472605367983,-1.4376020798385962,0.11573393219936443,-0.008501048738085947,0.0017445315684814081,0.11685288266937852,0.10731361425004232,0.02331139278826357,0.13849375134234648,0.002835932402409109,0.0009082799839199307,0.259786265005494,-0.020358603898078077,0.0,0.007183891851335901,-0.015521381405768435,0.06282465315397057,-0.0011503925787392075,0.011120640096374713,0.12553310747811935,0.0,0.0,0.08025728484864945,0.0,0.0,0.0,0.0,0.0,0.0
0.3902139443505937,-0.30366432039069285,-1.3033153489151097,0.09289769366025037,0.004053867024714887,-0.006592320784440485,-0.677665125179274,-0.18721041111005424,-0.11370370547914509,-0.3615893176363677,0.00687926197169202,0.002028219302212671,0.2432370944348082,-0.010141450043760512,0.0,0.02881787491915585,0.06302580997015549,-0.228871795033307,-0.004249071191187659,-0.17664080578068458,0.16614132597831358,0.0,0.0,-0.29279490300655536,0.0,0.0,0.0,0.0,0.0,0.0
0.3902139443505937,0.4389370880921542,-1.9106141455252856,-0.09784742610366233,-0.0008307433512341282,-0.07229151257932859,1.2001357982875436,0.14419451450988563,-0.0031268261929479225,0.12639080708850484,0.007035043537504702,0.002208064789283782,0.25603845185125923,-0.00817078241641413,0.0,0.019332461808206577,0.060742876361758354,0.021044010711090497,-0.002447334877752425,0.017093864070562424,0.038485360506569866,0.0,0.0,0.0800317863895993,0.0,0.0,0.0,0.0,0.0,0.0
0.3902139443505937,-0.2726182560641941,-1.3837956900991426,0.2548246217367746,0.0030929594552759217,-0.03481366891029136,-0.404150943539129,-0.18038598234804168,-0.016529987144850215,0.08169365528857737,0.002275903715644003,0.0006352194808804502,0.23066811816673516,-0.015031640122778606,0.0,0.0016507640614798302,0.02509495579172374,-0.32222095681271273,-0.0013385301560130268,-0.02395664438270258,-0.9583778815334413,0.0,0.0,0.6847415121588576,0.0,0.0,0.0,0.0,0.0,0.0
0.3902139443505937,0.6230691695917079,3.802329488055926,-0.21086354116806308,0.011700268921472435,0.0014594789731499607,1.4532708013753717,0.4529296606710115,-0.05872706125245236,0.10867198408549888,0.002019487998949422,0.0010784566665611027,0.25466266725007863,-0.005576689851973337,0.0,0.003696080480782477,0.13550676722639535,0.021751064306824316,-0.001532541530372005,0.009242817080308526,0.013002361093644374,0.0,0.0,0.04080439448490847,0.0,0.0,0.0,0.0,0.0,0.0
0.3902139443505937,0.2759594413706559,-1.514827840193684,0.059180674703990986,0.00623386324838748,0.002741570151703054,-0.2591145428147524,-0.14241695086235026,-0.039059687623880304,-0.4473398631793369,0.0034136040075916185,0.0010419609699942112,0.2593966440833934,-0.007041154738774018,0.0,0.009657354475413242,0.12708244106173197,-0.21947205735786873,-0.006175214901964331,-0.08325134669659055,0.01879899328622163,0.0,0.0,-0.15842389064821266,0.0,0.0,0.0,0.0,0.0,0.0
0.3902139443505937,-0.3334413489620049,1.91541138502413,0.04829507152787847,0.019480989886467705,-0.04165461515489035,-3.213130491939131,-0.9234250292139641,-0.19563989461169423,0.08377722769820664,0.00044189113022949605,4.919790764426883e-05,0.20390988854081019,-0.007640813540218641,0.0,0.01465586257925304,-0.07234375167752213,0.03819324325213014,-0.0008735800182873485,0.02438032894523692,0.07133233157078116,0.0,0.0,-0.056621171299657866,0.0,0.0,0.0,0.0,0.0,0.0
0.3902139443505937,0.4950175298516089,2.7994387466547384,0.27327385310256513,0.019650720368794457,-0.013481015360966018,0.11527273445515403,-0.44690210944539965,-0.16443871611255867,0.12439663859287652,0.00014480872303301043,0.0008000581319543215,0.24254394491538814,-0.00918186170860046,0.0,0.010786632213497837,-0.19658445266633892,0.06875771218249954,-0.000874620850367162,0.007863026253998593,0.13303968567653257,0.0,0.0,0.24918746902928615,0.0,0.0,0.0,0.0,0.0,0.0
0.3902139443505937,-0.824730182572174,4.508047465832907,0.37095565849861833,0.019303941956173996,-0.006896721505836462,2.1015701850208055,0.5113722321040157,-0.03468427744645467,0.13135148884198325,0.0008063394559214163,0.0005905696397940335,0.25590825872397965,-0.004885581326298346,0.0,0.019372508496742855,0.011202642412077909,0.03833294448343268,-0.0015993321928276212,0.030019146315844483,0.0982508626834146,0.0,0.0,0.06195047752913487,0.0,0.0,0.0,0.0,0.0,0.0
0.3902139443505937,-0.2562791592376566,-1.8096438525890495,0.24278783318612926,-0.013173186457554996,0.014508106753227328,-0.38553233129209,0.14303960106154315,0.01083088567071379,0.14961941588916905,0.004316817100883019,0.0020132199791675427,0.25482093154920343,-0.007772006733127367,0.0,0.008420268743291943,0.07210059368650114,0.035891212643118786,-0.001313506461460028,0.003159808028026463,0.15220809279209319,0.0,0.0,0.04569535011740806,0.0,0.0,0.0,0.0,0.0,0.0
0.3902139443505937,0.11487095949268324,-1.8292421541337545,-0.05364806401202223,0.005283143453628911,-0.024748881580647787,0.14115620066612403,0.1146269282137701,0.0077148845315907185,0.1159392003253748,0.005783052947684041,0.0020084210657430003,0.2583054870398432,-0.007126185772720721,0.0,0.0038387068007306817,-0.15390848406644916,-0.004858182450718023,-0.001365119690796962,0.025014922953852638,0.05211695410594153,0.0,0.0,0.06349239897767812,0.0,0.0,0.0,0.0,0.0,0.0
0.3902139443505937,-0.8706513737767521,4.533098578430372,0.07978798863748364,0.01663537855709907,-0.002839674551293448,2.1965074074798876,0.5690323988320596,-0.03570411167498416,0.12848408024948205,0.0010700757672109157,0.0005738047434720576,0.25446534462750486,-0.005839533503546366,0.0,0.01749048118314782,0.014814674970796195,0.040417563275793884,-0.0015885777254888672,0.02617468122260479,0.09900315811096441,0.0,0.0,0.05360898731446918,0.0,0.0,0.0,0.0,0.0,0.0
0.3902139443505937,-0.3421525450041468,-0.975160226759473,-0.17147728316036967,0.004177855236652128,-0.027249125453522656,-0.4846608710501996,-0.20223791772948901,0.005152800369214948,-0.0963840496415071,-1.4587691326098093e-05,0.0007210167538645704,0.22447113962166942,-0.014947555634431306,0.0,0.01663017810929313,-0.2890571366913349,-0.2762438759630934,-0.001053298991233455,0.16938106876142442,-0.062115491376791225,0.0,0.0,-1.1093313483189458,0.0,0.0,0.0,0.0,0.0,0.0
0.3902139443505937,-0.11634142705319905,-0.3524904780820628,0.23272860695076292,-0.0039014994725458307,0.04886647336084641,1.0920146568919047,0.2580617025415264,0.025114212749373213,0.17508704047049384,0.0028721502910208146,0.0009557349031236354,0.2798145994251073,-0.012755526691570053,0.0,0.01628477001660017,0.00040199823093025667,0.073362247947154,-0.0013078650624018444,0.02179648027173295,0.14683363440162264,0.0,0.0,0.13339308143402487,0.0,0.0,0.0,0.0,0.0,0.0
0.3902139443505937,-0.9543316130709544,-1.5953108482261829,-0.3084981937443091,0.005467113304163807,0.028656684177401096,-0.6268020615831721,-0.1906106108428742,-0.10079209883026494,0.030668483700538793,-0.0012144084917872092,-0.0002904731064521052,0.19836546857969378,-0.01817296830623717,0.0,-0.0006638801050307295,-0.07707782798089258,0.23282240133360152,-0.0012290508437064413,0.03223675764703494,-0.49709240201470717,0.0,0.0,-1.0778096261753987,0.0,0.0,0.0,0.0,0.0,0.0
0.3902139443505937,-0.2484930897982107,-1.727941027220993,0.17246287460801293,0.0011171581036287263,-0.019862717061102774,-0.7012976269349953,-0.07101384384030392,-0.06217982478399687,-0.9866848142727159,0.002157733588148665,0.0005683851403052644,-1.1045522317658563,-0.007199325981208045,0.0,-0.9375107697056829,0.1319475613729809,-0.2368168582588993,-0.027902664630800957,-0.24054557758695339,0.12118689824441102,0.0,0.0,-1.303060582878724,0.0,0.0,0.0,0.0,0.0,0.0
0.3902139443505937,0.5547666713525123,-2.0352752113718187,0.23752234978971773,-0.0001524371260730769,0.01768270999923634,0.7056160443328064,0.18421162474119773,0.009264467927375215,0.12000730157413243,0.006610813299487473,0.0023846980087435664,0.26860866749458134,-0.009086867872602903,0.0,0.0007662866356706293,0.09251040167743244,-0.00962201974758787,-0.001520846764493499,0.01800160301789564,0.04515792560986616,0.0,0.0,0.07780617092808545,0.0,0.0,0.0,0.0,0.0,0.0
0.3902139443505937,-0.039690356331931194,-1.155923067212028,0.4240147928571597,0.003744750758142392,0.014420454216813348,-0.5370581996923148,-0.1676965961835322,-0.06801942294543091,-0.4295091300086223,0.006209068759045427,0.0026684789585298594,0.2645929733789404,-0.010118237481989445,0.0,0.02219040771660742,0.2034303024981003,-0.22462164027078207,-0.004156699137034612,0.3798757682965866,0.3698773139716753,0.0,0.0,0.30079919635781316,0.0,0.0,0.0,0.0,0.0,0.0
0.3902139443505937,-0.969698353200602,1.824883186921513,-0.7228822047390706,-0.002053817953677764,-0.007548229963161997,1.7264853181443025,0.15283562481992105,-0.05969571206862155,0.12459263487254302,0.0009781976643231732,0.0010164383484923027,0.23219890487214528,-0.007754745689196493,0.0,0.012835171360085579,-0.10980658525605162,0.041408035477813944,-0.001556648262981252,0.02433514202762921,0.10196474707724962,0.0,0.0,0.032462005114493535,0.0,0.0,0.0,0.0,0.0,0.0
0.3902139443505937,-0.9204925628625655,4.352068315495001,0.22463569411410778,0.01934823775759176,0.05058945425587829,0.8283729818750821,0.45190072646706186,-0.06825304143761553,0.12406001944904116,0.0011288898622983073,0.00048286462008796216,0.2535728598938783,-0.005479433455554842,0.0,0.018617706216784432,0.021158359743406553,0.040494027894045145,-0.002099079507182031,0.02852503250981265,0.10252339354301913,0.0,0.0,0.04532535084463744,0.0,0.0,0.0,0.0,0.0,0.0
0.3902139443505937,-0.33298073762640673,-1.4531517777392535,0.08945097964502843,0.004807167782755665,-0.004301137744916008,-0.43615204384941586,-0.16197951859622622,0.18988132464708612,-0.05402154155267682,0.002727374436570219,-0.00010308844207945082,0.2287913642279958,-0.014507941454795708,0.0,-0.009257642475401154,0.0870359775756778,-0.12485634198570882,-0.001425637820793304,0.1405259213374894,-0.18449322314832522,0.0,0.0,-0.30589847392094127,0.0,0.0,0.0,0.0,0.0,0.0
0.3902139443505937,-0.5929541772481095,-1.2324887181690667,0.30265068333354617,-0.007926885252055356,-0.017915842752012988,-0.06270351840500234,0.14722343215012906,0.0033801896894740777,0.1253921994179694,0.0033178716929840304,0.001634844635395617,0.25430622485920035,-0.00754814708362739,0.0,0.021376944295400435,0.1360918652395,0.02638089508848035,-0.0011502715778365345,0.020954176585599678,0.15411220785006266,0.0,0.0,0.04185962502811289,0.0,0.0,0.0,0.0,0.0,0.0
0.3902139443505937,-0.29633417190178996,-1.7859743684191303,0.2839217509997814,-0.0001785036788829071,0.02694831280068275,0.5888108477082388,0.14305997644757526,0.012589220381111006,0.20940804289610354,0.004978988197333104,0.001979477921719978,0.2735449872935834,-0.01393587863126569,0.0,0.004257193545772598,0.29680016661620373,0.042261167190333584,-0.001313506461460028,-0.0006016436156047476,0.16422457714432548,0.0,0.0,0.05136041939014684,0.0,0.0,0.0,0.0,0.0,0.0
0.3902139443505937,-0.6478922855485997,-1.2539155231928978,0.14338668469707652,0.002020114142302389,0.003677681676792226,-0.4842628889443811,-0.17721775656556826,0.005288608929152779,-0.03478970895271009,-0.003143802301060275,-0.0003567191086081091,0.22279666556344416,-0.022039966804626544,0.0,0.003394008928943935,-0.015797777176003974,-0.002896138103543509,-0.0011314607436285074,0.041763773067485944,0.006205988589509493,0.0,0.0,-0.5837470556125041,0.0,0.0,0.0,0.0,0.0,0.0
0.3902139443505937,0.07475341612981118,3.680716705146498,0.23717816469674627,0.0027346719105862064,0.010963094200447497,1.4652085216838195,0.45874856436988465,-0.054255767371236524,0.13617124537955413,0.0012005797528919862,0.0010383187467670623,0.2672118197542237,-0.011571368379003624,0.0,0.004545470674329547,0.37821397553988034,0.0467721321844086,-0.0012242733858770605,0.009145156073950745,0.10230128876869268,0.0,0.0,0.0417366676783236,0.0,0.0,0.0,0.0,0.0,0.0
0.3902139443505937,0.5591867292971787,-1.3059729408521565,0.14188853656260908,0.011476508073355597,0.002408314137694675,-0.4531781646703205,-0.17472439396044165,-0.0033709725240946226,0.011628764796781958,0.0039775405608215575,0.0013473849414383568,0.23762828344914974,-0.008051216585773402,0.0,0.0074133697686317255,-0.0976097786383047,0.1254082689979936,-0.002333593888977664,0.05140273861359473,-0.02264513346767299,0.0,0.0,0.19422171548528205,0.0,0.0,0.0,0.0,0.0,0.0
0.3902139443505937,-0.10349408516474584,4.044835943436569,-0.4987496854750433,-0.004409167493638578,0.0026274381020276977,0.6234301856533568,0.45832635252348747,-0.04201433575657268,0.10049213725332894,0.001443373309838989,0.0006760550479922819,0.24269349507356164,-0.006795638354274541,0.0,0.008436447452200624,0.08420441021377238,0.049336842615939326,-0.00127576566227637,0.0136736885608206,0.05916325534348983,0.0,0.0,0.03399529070814029,0.0,0.0,0.0,0.0,0.0,0.0
0.3902139443505937,-0.16361545116399287,-0.5925393247918523,0.11952399100348321,0.002966415919290705,-0.005558122734677585,-0.697630929731031,-0.15473002774327246,-0.07288918250672835,-0.41963245089658835,0.0006379587427566742,-0.0002482930007101278,-4.976259022142558,-0.012099120040383009,0.0,0.01870162586605557,0.0669931325132645,-0.10028309007376641,-0.004483616477525496,-0.02682877998842533,0.11042403177392271,0.0,0.0,0.04237339559672446,0.0,0.0,0.0,0.0,0.0,0.0
0.3902139443505937,-0.1532253197564859,-0.9638518560170498,-0.12534004899497853,-0.00016369087314638145,-0.015113038234996538,0.3090279077101721,0.04607980197836688,-0.02466628160813198,-1.0025998804479623,0.0031840977295602762,0.0011049736183906913,-5.433057585835027,-0.011740986870771115,0.0,-0.0013980444657984666,0.04270425774101381,0.06338886663449458,-0.013918175878326928,0.03052251804706638,0.024132275487716005,0.0,0.0,-0.15312516692440964,0.0,0.0,0.0,0.0,0.0,0.0
0.3902139443505937,-0.5049582139821789,-1.0422071645970674,0.4483636116707447,0.0005695892012391568,0.049921469714037235,1.3075330108398544,0.2163820578022436,0.003755826578102799,0.1757156129245916,0.0038368072122392377,0.001674836413376909,0.2669489747403428,-0.007826710375781492,0.0,0.027225525351135975,-0.006347701234402544,0.031778776741081864,-0.0020150308657753357,0.025923202631136042,0.16722282635671015,0.0,0.0,0.05239560573301193,0.0,0.0,0.0,0.0,0.0,0.0
0.3902139443505937,0.7425868052390858,-2.2119317768070204,-0.27528059404427707,-0.0016833127926966847,0.035062463345587054,1.1846641952948922,0.16670572780670734,-0.004446578965140371,0.1328432747101027,0.003543109722933551,0.001505864797412802,0.27196270669362016,-0.004069734972577639,0.0,0.007929423795916964,-0.10599043475514572,0.00048284976901812754,-0.001836140755400686,0.014243043651484558,0.10077427444452018,0.0,0.0,0.00546919986483049,0.0,0.0,0.0,0.0,0.0,0.0
0.3902139443505937,-0.5081455451780709,-1.5894703106565233,-0.20788876367373607,-0.010225459956736242,0.01604906996749458,-0.23898816718480062,-0.013953378009364257,0.012971611812890834,0.191080881226676,0.002741418431471314,0.0009673723332343798,0.2648762735928569,-0.015205576963035275,0.0,0.00518190960757258,0.10034430347482207,0.08629967840471302,-0.0013223410769007391,0.0050426833218626885,0.1630855376028606,0.0,0.0,0.1898318525111042,0.0,0.0,0.0,0.0,0.0,0.0
0.3902139443505937,0.8045802461980838,-1.9811277934607843,-0.12178353767416289,-0.015847169497334595,-0.01455375388775211,-0.15047989168157302,0.17762420788596542,0.00287328203498206,0.0987065601556858,0.004355074188623071,0.0015856441234823938,0.2615985306848071,-0.00514181287511071,0.0,-0.00317601698455607,-0.06307258842940781,-0.002183544822174774,-0.0015368531438405757,0.0025414810744184206,0.04472708984360377,0.0,0.0,0.04103996166777877,0.0,0.0,0.0,0.0,0.0,0.0
0.3902139443505937,-0.13848549158724438,-1.3125176141433357,-0.024609966097067417,-0.00021880507056918863,0.018241173729239692,-0.5459516272959785,-0.14434200607896377,0.008594038115653681,-0.42541957031206645,0.0012682390540195967,-0.0010395279282081023,0.2386866481284877,-0.015656488913644087,0.0,0.009160429260843027,0.2903788604100226,-0.04580693602230223,-0.004907739479774981,0.10871175662917976,-0.5350988032225201,0.0,0.0,0.1933206650080789,0.0,0.0,0.0,0.0,0.0,0.0
0.3902139443505937,-0.12055473945268247,3.92118763170468,0.34826924914557794,0.005888502383293605,0.025887822835190602,0.9665976752108366,0.4168854714409017,-0.039632322433393964,0.1322799391011463,0.0002393258259432567,0.0005713342722327914,0.2534511125585808,-0.00500910630776273,0.0,0.01989915189655621,-0.0278991689874251,0.04570726606820972,-0.0021114157636718004,0.03072856739860667,0.11221851439373885,0.0,0.0,0.04833130739188689,0.0,0.0,0.0,0.0,0.0,0.0
0.3902139443505937,-0.29188779988263175,-1.453924016171436,-0.18290219330828378,-0.001039959011772365,0.03381451275632075,0.8637396348125141,0.1665419219286257,-0.00037312598712715766,0.13792480962524323,0.0036627006411848696,0.0011202093654371305,0.25709420475715045,-0.016393866306452082,0.0,0.01407349467995603,-0.016808116175228552,0.07702207689765321,-0.0013535150014421225,0.019160162825674072,0.09897584916939452,0.0,0.0,0.006738505017952087,0.0,0.0,0.0,0.0,0.0,0.0
0.3902139443505937,1.306937550975848,4.616945118158912,0.18856418485601142,0.014580383831733787,0.02726432276715509,2.4804698943271903,0.6364823257148114,-0.053566571393106104,0.11289066080328007,0.0013155265894827456,0.0007137169452960336,0.2688967680954539,-0.004835303096974368,0.0,0.0096639035252886,-0.03427999161471187,0.013813626638657473,-0.0017172451008079877,0.017116939222204027,0.04546429365754702,0.0,0.0,0.008486299024920561,0.0,0.0,0.0,0.0,0.0,0.0
0.3902139443505937,2.5346287949831794,-0.3720911447657974,-0.3144074823645793,0.0041337398738282875,-0.23180916055093925,0.9783090105108858,0.18690360988172483,-0.003537146586862107,0.11043837420070468,0.005309055290591233,0.0021316549833581377,0.2898546161657293,-0.007153464594602385,0.0,0.009240968642301334,0.031524148580617896,0.0008447359645147413,-0.001879430220300883,0.016231762292033602,0.05432597159646247,0.0,0.0,0.04297841946801004,0.0,0.0,0.0,0.0,0.0,0.0
0.3902139443505937,0.9887675780461557,2.715787549966375,-0.2500038630694109,-0.0006547451416254484,0.005066682139097254,-2.3174982355221507,-0.5392506167114028,-0.24098968585384664,0.11541039377656097,0.001977650958678148,0.000552421182663181,0.21999059945338498,-0.006118765405141441,0.0,0.006829731158256011,0.7816538296206857,0.01147695153175262,-0.0013616192936055922,0.007413595193852445,-0.007696025214446605,0.0,0.0,-0.041559975097584315,0.0,0.0,0.0,0.0,0.0,0.0
0.3902139443505937,-0.31587225492224963,-1.5651852237448651,0.13444229075577924,0.0020785463501827067,0.03728808174928137,0.819991936115955,0.20229252823213073,0.004818503077214103,0.1571071085501172,0.005020123780737958,0.0019186061169443093,0.26505757633351584,-0.009299013866643713,0.0,0.013496848271472078,-0.006380459988122488,0.03507615841247204,-0.001652498266645348,0.018856925646914827,0.16343471934587986,0.0,0.0,0.04667522024847793,0.0,0.0,0.0,0.0,0.0,0.0
0.3902139443505937,-0.3244560021263371,-2.2709151276305426,0.248834689956853,-0.0034838732494091172,0.042613440385700106,1.0945751979494012,0.18604153615188634,0.023048798720025656,0.1666400622236732,0.0020485442838371537,0.00096035239253841,0.26761149331290507,-0.01463899442123218,0.0,0.01158931311970636,-0.05436654958199425,0.06466536035948926,-0.0013484689216315367,0.015372503538471808,0.11413523035777377,0.0,0.0,0.04320985213477269,0.0,0.0,0.0,0.0,0.0,0.0
0.3902139443505937,-0.1963112049952153,-1.0811311540971207,-0.09591019771887138,0.0022345352189910607,0.023209579982332314,-0.4107880368461768,-0.167740392016014,0.0415887945959043,-0.010700984519643414,-0.0020614717520545675,-0.0014123207095899397,0.22745428237401458,-0.012126955765659567,0.0,0.0045077090394968836,0.2587769000328354,-0.07397525326280165,-0.0013680528067524286,0.06410546279783398,0.18337241072697064,0.0,0.0,0.15973589550416625,0.0,0.0,0.0,0.0,0.0,0.0
0.3902139443505937,0.5100946655657833,-1.7302864431614617,-0.23642423503230506,-0.0023340590242963426,-0.08275590626791778,0.5862376126735234,0.07809337115285261,0.00258420860679514,0.10591633803128588,0.005148006507455241,0.0015272884176073661,0.2572901461130532,-0.005853710728674033,0.0,0.004615899242148551,0.05988238837915958,0.009708423513412232,-0.0015926067415294386,0.005396177624827251,-0.0076055891177620235,0.0,0.0,0.065616689558173,0.0,0.0,0.0,0.0,0.0,0.0
0.3902139443505937,-0.2354836665093026,-1.1062409414157033,-0.004089923842632075,0.0032770448609486472,0.017355721381617284,-0.520640688064967,-0.217380369821876,0.052625118104127636,0.007344496198523124,-0.0019070776601606636,8.11416096326485e-05,0.2423424778414886,-0.01809373368160378,0.0,0.00673807725824542,-0.09920471826460142,0.7029282804308624,-0.001120943578687825,0.032847203065895635,0.23947593410701895,0.0,0.0,1.1392984094535061,0.0,0.0,0.0,0.0,0.0,0.0
0.3902139443505937,1.6127759613624215,-0.6065953639235977,0.26857575048388455,0.0008639075305585237,0.01946428038204248,0.7592785676424455,0.14308514443323433,-0.005105676967757012,0.14405919406069015,0.006722420949385639,0.002208559569481552,0.28798756610165976,-0.003385325476019562,0.0,0.0076178091637974545,-0.16688613120561302,0.02147388318980419,-0.001600184317112082,0.015578318202717833,0.059212389981918113,0.0,0.0,0.025442196919656657,0.0,0.0,0.0,0.0,0.0,0.0
0.3902139443505937,-0.5566810538075835,-1.652739678470853,0.3312213182085074,-0.00043286501695907704,-0.023198618782604784,-0.8899430057356014,-0.21384984404781812,-0.1299750264765116,-0.48812681567003546,0.0007988959776612931,-0.001045796292652663,0.22513690865092642,-0.017253115552015606,0.0,0.006742629806766193,-0.10138312617337954,0.03313880768688796,-0.004753633156281924,-0.06014806624142179,-1.5688071534784047,0.0,0.0,-0.47864813020342856,0.0,0.0,0.0,0.0,0.0,0.0
0.3902139443505937,0.46303788681144875,1.1880921998194125,-1.5826907861746917,-0.20587638763346625,-0.04209780467572574,-2.4574045881966824,-0.7489395779908263,-0.19945628833054413,0.07983342862349867,0.0014454013518094507,0.0005594329795751323,0.21516181492999667,-0.006451520660963249,0.0,0.008140527745430216,-0.2932686857894728,0.02274858718643487,-0.001099181801973136,0.013513169250000382,0.07083364600475316,0.0,0.0,0.08454548320005742,0.0,0.0,0.0,0.0,0.0,0.0
0.3902139443505937,-0.07104950205095141,-0.9408000151767292,-0.11857504440616184,0.004977447873941007,-0.03052821678956615,-0.15148734260848484,-0.12058723779709159,0.07138171572171348,-0.3850269159991785,0.004742115422562702,0.0013732549800903261,0.2555713189254792,-0.011278869416565335,0.0,0.024056823093173675,0.1693403524224062,-0.005932855017823661,-0.0044027396424676625,-0.014195288829456955,0.17471696920890453,0.0,0.0,0.13766551704407506,0.0,0.0,0.0,0.0,0.0,0.0
0.3902139443505937,-0.7129151552408973,-1.2038795176933677,-0.4550516393306505,-0.015104895200975969,-0.10057590448043909,-0.22642552448673564,0.12038975163140049,-0.014214421271028767,0.09040552141054194,0.0035584479192765114,0.0016858650109905008,0.23177174323301253,-0.009608161020254056,0.0,0.012510329809656044,-0.02847962066213659,0.025265679303760974,-0.0013983222094299634,0.024156588881596906,0.1348171428744323,0.0,0.0,0.004483414346011866,0.0,0.0,0.0,0.0,0.0,0.0
0.3902139443505937,-0.6730042943324627,-0.6375526083540297,-0.25669779790387715,0.006167856239237284,-0.0122474796137212,-0.8970420023995921,-0.2050213265062876,0.2497099259662757,-0.31902644223659915,0.00452896445565204,0.00024639687812493964,0.21961983326167228,-0.01197169325989622,0.0,0.004705989927997757,0.29834750035249996,-0.13392581711458898,-0.004843077221904732,0.10595243543963988,-0.6070191746045166,0.0,0.0,-0.4272045430035277,0.0,0.0,0.0,0.0,0.0,0.0
0.3902139443505937,-0.03724246531896036,0.6229775692585424,-0.4002609836057082,-0.07054576466170917,0.02154405782153462,-1.0228312920509919,-0.2704883350024523,0.3261258388843487,-0.35418283440871645,-0.0031627256121058373,-0.0005728639202026042,0.25109738310685425,-0.009467983846089285,0.0,0.02838699139157932,0.30739830517131195,-0.05071932504647444,-0.004480835008023343,-0.17613642424818818,-0.2577801128050465,0.0,0.0,-0.09783860362664751,0.0,0.0,0.0,0.0,0.0,0.0
0.3902139443505937,-0.006232985414755667,-1.2414428649676699,-0.12385758277328458,0.0005652049460373251,-0.047163389764064124,-0.4911263181166396,-0.13541436895712453,0.006084637821596543,-0.5513158580127434,0.002808672376590753,0.0008118756450565801,0.25042515155433825,-0.01728951995753836,0.0,0.014709395848044107,0.20348535063195652,-0.10929354575681115,-0.004550348758183108,-0.16350659096656345,0.42175358480420516,0.0,0.0,0.09663878002142029,0.0,0.0,0.0,0.0,0.0,0.0
0.3902139443505937,-0.32806687647988947,-1.042206881525504,-0.15744982616106357,0.005046722502730043,0.0015200713692264185,-0.37978688201392746,-0.1749140140128942,0.15888372673563902,-0.05570013233812002,0.0011509777873949859,-0.0005688066425838966,0.23053254222941275,-0.01524954380948812,0.0,0.01219265869398325,-0.026304916208347715,0.02732444001077529,-0.001208463713146932,0.08228039831555241,0.4411603397166114,0.0,0.0,1.2036071884808492,0.0,0.0,0.0,0.0,0.0,0.0
0.3902139443505937,-0.6591165017028158,-1.3522510286758913,-0.4914235831392531,-0.004158782181734702,-0.008704125009118263,0.24539956927193327,0.11662121675617616,0.006269202348558171,0.10163424546215788,0.004921410956184097,0.001840401773272089,0.24230228053791864,-0.013676637925255211,0.0,0.012631907786930425,-0.23564076962264563,0.03404341415873,-0.0011952652667991755,0.023112736477228342,0.11035696209298684,0.0,0.0,0.060252651236224856,0.0,0.0,0.0,0.0,0.0,0.0
0.3902139443505937,-0.09199489699178862,-0.8809457130532995,0.05994666559089557,0.002274768384157233,-0.0261300763425868,-0.9567968394746614,-0.16175029339096364,-0.09721379784041362,-0.34190926842990516,0.00536524484510464,0.0002793826569422241,0.23381642442219777,-0.007476825289282511,0.0,0.017028442318441396,0.08576930396624904,-0.09873441282039161,-0.004700755216543607,-0.03465209004684547,0.2793908498921574,0.0,0.0,-0.5223363182491891,0.0,0.0,0.0,0.0,0.0,0.0
0.3902139443505937,-0.15565331388177575,-1.8661041628235562,0.22686468397155152,-0.000939541216953832,0.0192080726486922,-0.4057169082813933,-0.17762579388842792,0.02504743255323311,-0.4879031440116843,-0.0016538726915848237,-0.0003380139292632017,0.25855542081715266,-0.021804269333844366,0.0,-0.001393553649220185,0.23529640507958705,-0.7131327487402112,-0.003960492711928726,0.0745146974046035,0.26179522248568277,0.0,0.0,-0.06292069060281297,0.0,0.0,0.0,0.0,0.0,0.0
0.3902139443505937,-0.4012038078000211,-1.1026894447492608,0.10494683817670898,0.0044002542224131636,-0.014322550270763361,-0.0688393761969579,-0.1198521477797786,0.012080625646158954,-0.47221401721265516,0.0008915991535470043,0.0012663686167593198,-5.325282253845821,-0.010539879717448667,0.0,0.013035240859889406,-0.17591967482663778,-0.6535816953739791,-0.004225794629445686,-0.059783466619639396,-0.4332725422949855,0.0,0.0,0.6001355292449707,0.0,0.0,0.0,0.0,0.0,0.0
0.3902139443505937,-0.09434655238628124,2.649841978376899,0.20103127990399305,0.01735222335981068,0.1514903713261918,-0.7284458922256474,-0.3649337866874041,-0.1446958325987965,0.07023193772785287,0.0014400719323973139,0.0005266409414701868,0.2257925363611777,-0.009942754968032543,0.0,0.011901848344342172,-0.20792250860726813,0.04788515736153128,-0.0008973624932492876,0.020372192246424413,0.12318719822658568,0.0,0.0,0.16701108636860423,0.0,0.0,0.0,0.0,0.0,0.0
0.3902139443505937,-0.2794207862978159,-1.6350182276860399,-0.2568252555835226,0.002636504612669841,-0.07334635372762663,-0.5016703469429324,-0.21991362801459038,0.04969607362800095,0.03065233770927855,0.002462916854996137,0.0013104140305156737,0.21485356999224087,-0.02212483966790575,0.0,0.007365881622926725,-0.017402113642301265,0.1020884319893949,-0.0011739286799229338,-0.12374779695460515,-0.818352058759002,0.0,0.0,0.3122103897990138,0.0,0.0,0.0,0.0,0.0,0.0
0.3902139443505937,0.7213384573134507,3.0238450519939453,0.42169999464589736,0.052389278802368225,0.010609824308696511,-0.43356703453391493,-0.5925160284841199,-0.17498396820707532,0.11734280997417877,0.00035336697959489894,0.000954681824381871,0.24438695499150162,-0.0034866929320120587,0.0,0.010683686487865203,-0.09579232140101263,0.02806635621294414,-0.0011273181633136382,0.025191988596907126,0.035072630383350324,0.0,0.0,0.1990255378151671,0.0,0.0,0.0,0.0,0.0,0.0
0.3902139443505937,-0.7857818536583879,-1.2313976980036196,-0.5812914596758544,0.00035632034101572686,0.03407251377323398,1.0751425086893216,0.15339099092170191,0.004441425395463273,0.12816902460462593,0.005119159121881601,0.0018888889409042478,0.24667519102991617,-0.011110687008999927,0.0,0.022661638723639622,-0.09976759372057939,0.03455050082835645,-0.0025328270548785935,0.025147233425630147,0.107739916612082,0.0,0.0,0.05859860708071767,0.0,0.0,0.0,0.0,0.0,0.0
0.3902139443505937,-0.34695597906968756,-1.8344878879521525,0.06434082172085977,0.0009602927882641563,0.01898010136345823,0.4275398780718894,0.09380328801240806,0.015329706894042157,0.13254720425094307,0.005044711069267873,0.0019409141966124483,0.2614802709254914,-0.0257888525054177,0.0,0.00802256049237643,-0.21567705487129854,0.02974870120570095,-0.0011003292058201896,0.007706003188298226,0.15740021070143687,0.0,0.0,0.035973753281528874,0.0,0.0,0.0,0.0,0.0,0.0
0.3902139443505937,-0.29949186176245146,-0.7120614798537426,0.019421440360357478,0.0016858214218670707,0.014133359796659027,-0.35769870653548724,-0.1707400730471102,0.08883642154639994,0.09462249855147453,0.0017500323628228778,0.0015687777519970078,0.2303583711017304,-0.012790764164872837,0.0,0.019955588387192122,0.1446934195308324,0.8130840024188668,-0.0011911774425121344,0.14432768857240258,-0.8387242540068227,0.0,0.0,-0.2509964395601537,0.0,0.0,0.0,0.0,0.0,0.0
0.3902139443505937,-1.1182070059894382,-1.1539113288108864,0.44720514628906277,0.004221654202868337,0.014131100236819101,-0.6776512650200381,-0.10300503700712223,0.3275180381039862,-0.3827747344321635,0.00010917994594692663,-0.0003167760441937477,0.2426960844486519,-0.010419397451127977,0.0,0.010063554936352175,0.10746356920960572,-0.34512904604680905,-0.004579445016970766,0.012423005167994036,0.13590776117165865,0.0,0.0,0.31401585821963945,0.0,0.0,0.0,0.0,0.0,0.0
0.3902139443505937,0.5152662991793447,2.53144591955249,-0.11406118630828838,0.028005543193338867,-0.04187855902677602,-1.25075017251602,-0.6017673826225531,-0.10850265373263183,0.2302777864441114,0.0005613590547567046,0.00031821852349628614,0.2239163177336839,-0.008202668446193623,0.0,0.009519883047822345,0.8189028145188817,0.12329519733173765,-0.0010589252215218155,0.02975674691061237,0.2292377606911726,0.0,0.0,0.28597772003946975,0.0,0.0,0.0,0.0,0.0,0.0
0.3902139443505937,-0.6235396781091622,-1.0561885106269702,-0.3885212792061654,0.005167277468588597,-0.12015392202376518,-0.5750810755573588,-0.18406026913039975,-0.00015972156727193454,-0.057022200973041316,-0.010227914450856855,-0.004324139829422565,0.20638840502301214,-0.01757865949368475,0.0,0.005426184531609418,-0.24461495562577093,-0.09695529750304385,-0.0012371794755200443,0.09565454842613368,0.31589222885352647,0.0,0.0,-0.0737521551164154,0.0,0.0,0.0,0.0,0.0,0.0
0.3902139443505937,1.508255435806242,3.4868866859768275,0.5129466928909819,0.017871147353233443,0.04088270871327075,2.423602744708748,0.5245140734063214,-0.05204719242383814,0.12215347033085566,0.0011481041902911438,0.0006819461637028862,0.269208475947914,-0.002962505058837927,0.0,0.014117612302982247,-0.013350026274127923,0.019314290472855065,-0.0017360873572727763,0.021870441157466253,0.05549602857669729,0.0,0.0,0.006644569694533034,0.0,0.0,0.0,0.0,0.0,0.0
0.3902139443505937,-0.9362853752910221,-1.4251714791270802,-0.5911259225988954,0.007252776147561267,-0.08388209540254601,-0.596611826002253,-0.18977396535963795,-0.02095318381333349,-0.01158989182022164,-0.0039195818793867285,-0.00016496362615328527,0.19520541023374832,-0.019495606886727777,0.0,0.007633609091356554,-0.21562674807831356,-0.27271720583500253,-0.0011636113019913947,-0.3204287212366694,-0.14366743137393093,0.0,0.0,-0.7674009947363828,0.0,0.0,0.0,0.0,0.0,0.0
0.3902139443505937,-0.4684985322015427,4.247880413241841,0.40572618479823397,0.013788214813958815,0.04811315616346141,1.1253771125248608,0.3951064067421112,-0.04060044888666519,0.12102088112656201,0.0008339853722291122,0.000574281839625633,0.2521741845311114,-0.00537509995885879,0.0,0.020378848606216648,-0.00012922329552165224,0.03694170718929576,-0.0021114157636718004,0.029709692316940206,0.10865489783416238,0.0,0.0,0.03371857033782366,0.0,0.0,0.0,0.0,0.0,0.0
0.3902139443505937,0.3651324550138713,3.7256704546175623,0.0766962106835048,0.020405178944805615,-0.0004922604720282315,1.4542174119783577,0.4133175225116298,-0.05633139474651197,0.1149167603915397,0.0009281778870701808,0.001096625718132399,0.2607909748031224,-0.0026845802234998525,0.0,0.005709932298475542,-0.13564389985295844,0.005853879949783057,-0.00148533010692157,0.01039372774292503,0.03670992950001437,0.0,0.0,0.02691120462748799,0.0,0.0,0.0,0.0,0.0,0.0
0.3902139443505937,1.1450200107310853,-1.0416049978670272,0.3684680407254846,0.0016968398381624857,0.00548806434739876,-0.8019747945956189,-0.18581119015820413,-0.06207953798424017,-0.36329607625056776,0.0068829658886244505,0.0023457979050374262,0.2719174825775168,-0.007997962889240076,0.0,0.0059190374655025855,0.06032051520956308,-0.2183032548656974,-0.0050330791079582935,0.07015235611476763,0.1511305921330902,0.0,0.0,0.10356236776118587,0.0,0.0,0.0,0.0,0.0,0.0
0.3902139443505937,-0.22638555046072864,-1.4411838537232757,0.22328898204693762,0.0023107074384868575,-0.003944102067045159,-0.4705251604547442,-0.17371500004134233,-0.015682024440888193,0.002567674527503568,-0.0032974274303764106,0.0011396546143086859,0.23232553507596426,-0.014972089437631354,0.0,0.02041513010257602,0.13174186560059936,0.017212980352344517,-0.001255434027944177,-0.06164329252988917,0.002543605129591109,0.0,0.0,-0.559633360663357,0.0,0.0,0.0,0.0,0.0,0.0
0.3902139443505937,0.039905941287512896,3.6209748417533927,0.13402012190314888,0.004026077674715219,0.035836623081756745,1.157556829947256,0.5040113010654611,-0.04448492460578827,0.13252415728385988,0.0011267630317948185,0.0005543721556021471,0.2536389915340041,-0.005839416479708063,0.0,0.018895098900412716,0.008162576240268166,0.043785352089926524,-0.002099079507182031,0.031086116237137074,0.11880730741585038,0.0,0.0,0.05765311090052585,0.0,0.0,0.0,0.0,0.0,0.0
0.3902139443505937,-0.34695597906968756,-1.8344878879521525,0.06434082172085977,0.0009602927882641563,0.01898010136345823,0.4275398780718894,0.09380328801240806,0.015329706894042157,0.13254720425094307,0.005044711069267873,0.0019409141966124483,0.2614802709254914,-0.0257888525054177,0.0,0.00802256049237643,-0.21567705487129854,0.02974870120570095,-0.0011003292058201896,0.007706003188298226,0.15740021070143687,0.0,0.0,0.035973753281528874,0.0,0.0,0.0,0.0,0.0,0.0
0.3902139443505937,0.3996473171467934,-1.268842223323979,0.35383176635820884,0.006135579235204464,-0.009125808677160369,0.32684985286673995,0.0894946139603549,-0.020066274365132253,-1.252009726656381,0.004897954760689043,0.0017086085453577517,-5.732700812109151,-0.005972127108791246,0.0,-0.011837664210744185,0.14427231635411644,-0.00937065959458287,-0.014022158082174723,0.01958525557593835,-0.05039084274695116,0.0,0.0,-0.08933947870438406,0.0,0.0,0.0,0.0,0.0,0.0
0.3902139443505937,0.6494950606581006,3.4596638893282,-0.2956453333436594,0.0253440290790048,-0.1198279172916737,2.027468058112921,0.34228288937026524,-0.04971175344939853,0.11242865215472528,0.002064691134660298,0.0009863820966249473,0.24365692287094143,-0.004647843150467971,0.0,0.020146922717064,-0.15861028221255255,0.009990273439158589,-0.00203966407928615,0.02446287012139385,0.02038416977394324,0.0,0.0,0.06108812011264581,0.0,0.0,0.0,0.0,0.0,0.0
0.3902139443505937,-0.3421303388986273,-0.5993332194766479,0.2783860834741797,0.005037547268928972,0.011936648399343093,-0.0901365638183958,-0.12543512163133502,0.04092071166589739,-0.2216347210598719,-0.00807497711190913,-0.0005733133206943378,-5.588173821053241,-0.009260485777689556,0.0,0.007745537255227686,-0.06005072904227421,-0.3036446690228859,-0.0043595646265362125,0.02058107728079689,0.1194402125087223,0.0,0.0,0.19707822310221676,0.0,0.0,0.0,0.0,0.0,0.0
0.3902139443505937,-0.7439662502515613,-0.6987069719116142,-0.10658991162036588,0.004119798398871851,0.009411374215075447,-0.3163434608086544,-0.18238424325063515,0.16114562208461466,0.013888569784967945,-0.0017726750330199774,-0.0004016280727812665,0.22760924790720918,-0.016840831528904112,0.0,0.004792611544900866,0.29647463830310833,0.17564405133300776,-0.001302467992757875,-0.20590708400937702,0.5744661652208174,0.0,0.0,0.4654956107118917,0.0,0.0,0.0,0.0,0.0,0.0
0.3902139443505937,-0.35080876066907785,3.8733039238993747,-0.3335941143716563,0.013651122555569517,0.10287271520007162,1.927791767631716,0.39974102888221,-0.039819997090891554,0.12139058713385395,0.0015605125462600723,0.0010037247289793427,0.2490379325805147,-0.007776092257535126,0.0,0.01827920450639846,-0.1343910168131206,0.04823718648941246,-0.0019310771421621553,0.02084413650895308,0.06646419622700946,0.0,0.0,0.02939727279087557,0.0,0.0,0.0,0.0,0.0,0.0
0.3902139443505937,-0.05125872368705518,-1.1779401220782915,0.06702327813424679,0.00693676400890757,0.0012582208731678533,-0.9390423198486909,-0.18204232990190722,-0.10525253016177943,-0.4212737053284418,0.004263169899445114,0.0011543998397879898,0.2519233829771791,-0.008323834273993474,0.0,0.017771296476037996,0.1577049975003396,-0.13309687108686313,-0.004463543253445432,0.07228932363934305,0.2692986368098495,0.0,0.0,-0.38418789739390286,0.0,0.0,0.0,0.0,0.0,0.0
0.3902139443505937,-0.2562791592376566,-1.8096438525890495,0.24278783318612926,-0.013173186457554996,0.014508106753227328,-0.38553233129209,0.14303960106154315,0.01083088567071379,0.14961941588916905,0.004316817100883019,0.0020132199791675427,0.25482093154920343,-0.007772006733127367,0.0,0.008420268743291943,0.07210059368650114,0.035891212643118786,-0.001313506461460028,0.003159808028026463,0.15220809279209319,0.0,0.0,0.04569535011740806,0.0,0.0,0.0,0.0,0.0,0.0
0.3902139443505937,-0.4548606002737295,-2.33140857805796,0.034780299472190614,-0.007733446156461712,0.009383799591083174,-0.8703930953114682,-0.20691898449943438,0.020710160250345423,-0.09614018259210853,-0.0017972263343802742,-0.00038976960285121127,0.22849564206253314,-0.020500642391556093,0.0,0.0041441237513256506,-0.07046972346225845,-0.046397537866834586,-0.0011570539477705863,0.020259733951178728,-0.01587687103618039,0.0,0.0,0.513061730098657,0.0,0.0,0.0,0.0,0.0,0.0
0.3902139443505937,2.874326458679862,0.18165918424931507,-0.5397798696422231,-0.015585995525786035,0.01837008955198189,-0.1763683520894732,0.16706594772985983,-0.013680090972033345,0.09935521065652882,0.0052371752904933015,0.0022252342070330743,0.2797071140776379,-0.005161822409387682,0.0,0.010584213499084495,-0.03446931694053557,0.012752680846863974,-0.0016111308783813014,0.008960253797068194,0.03909483953998465,0.0,0.0,0.03878661637496299,0.0,0.0,0.0,0.0,0.0,0.0
0.3902139443505937,-0.10035617835095247,-1.0955480943828928,0.2045143637363334,-0.0008272827013221276,-0.002650848886332502,-0.5827637705253089,-0.17007674668255354,-0.00711718893520351,0.1129281545527893,0.0017787604186054833,0.0007349990285974756,0.2429175812779156,-0.007224221532366199,0.0,0.015579892649071978,-0.04397973218938447,0.07200919546868112,-0.0012793992282592488,0.021611362964073844,0.191736919045801,0.0,0.0,0.21351257942000107,0.0,0.0,0.0,0.0,0.0,0.0
0.3902139443505937,1.7446092021060604,1.0281628470012047,-0.5540656498611001,0.009140291149365959,-0.045584690513971696,-0.05933360423064571,-0.12999560768490753,0.6123831098891597,-0.2718707407630679,0.00458857891418012,0.0012176797703976258,0.2931752573104641,-0.006964042059433122,0.0,0.011519487326594885,0.11125796582389708,-0.019944476685534777,-0.004595464077588225,0.19598080482418007,-0.01733322508336229,0.0,0.0,0.802200544862936,0.0,0.0,0.0,0.0,0.0,0.0
0.3902139443505937,0.26625352991831025,-1.9804215270657626,0.2867833682708999,0.004124453061502776,0.008609768299991693,0.5600984801935202,0.12856310783176927,0.00242658269424661,0.12321554483804834,0.005804033811592362,0.0023307257587066718,0.2731845690567015,-0.006669989547991994,0.0,0.0035690788580827856,0.09552828886798567,0.0008559769677095449,-0.0013667710135440941,0.02240428465370695,0.06741275945245155,0.0,0.0,0.06875069805204254,0.0,0.0,0.0,0.0,0.0,0.0
0.3902139443505937,0.4278818525199201,-1.841175098077378,0.2016169192642763,-0.0018870873292754493,0.03657992284522154,0.8466192337781068,0.14524857262688898,-0.0014774036389033015,0.1583955913845751,0.005983055474725172,0.002492269126545081,0.2743161447096482,-0.001810166441914461,0.0,0.00027591197052360695,0.029874894267277675,0.0018540154242975978,-0.0015746202994966472,0.01476879039372639,0.05998287248044083,0.0,0.0,0.050496649307225874,0.0,0.0,0.0,0.0,0.0,0.0
0.3902139443505937,-0.5297973026552636,3.919216395123105,-0.17101732713753953,0.012586573726577423,-0.1542730134639937,2.34078538651328,0.34469110507366285,-0.03754354855613347,0.09876119849226953,0.0013922967251378704,0.0005668190171702909,0.23840038628463667,-0.007718808471979131,0.0,0.019682823018657994,-0.07969674640522116,0.03802594832454408,-0.0017802498797952976,0.029400804226768062,0.10681940903530164,0.0,0.0,0.06698095331290897,0.0,0.0,0.0,0.0,0.0,0.0
0.3902139443505937,-0.235511823139969,-1.2893312746247418,0.1816537318256768,0.00356954329174142,0.031900805908031876,-0.26630958002095195,-0.15242896087710825,-0.021435011902608606,0.07244619669038545,0.0013618444357452438,0.0005181779100931705,0.2466287888158313,-0.01259215032990139,0.0,0.012590560854712617,0.448910037977994,0.7798828605958958,-0.0012636300233297617,-0.0009819415732506575,-0.06429524941903124,0.0,0.0,-0.2887903003503136,0.0,0.0,0.0,0.0,0.0,0.0
0.3902139443505937,-0.4344168086424226,-1.3817791035496119,-0.1755438971061139,-0.0022082320462562107,-0.060438851278919486,0.5675213071639633,0.13605682465212646,0.011779857638898094,0.10057267987053581,0.003728676511070108,0.0010707381895572435,0.2557244880401037,-0.011915714898974682,0.0,0.011250957384312572,-0.06941861082546287,0.04989961564063466,-0.001150414965511703,0.017179666698368228,0.11382960205532122,0.0,0.0,0.04599131499936907,0.0,0.0,0.0,0.0,0.0,0.0
0.3902139443505937,0.20585875484404154,-1.6216060665428136,-0.11756020014010622,0.0033535269096616094,0.0024338772314972178,-0.8039995100300191,-0.14080651413181736,0.0719995881548687,-0.33953015651129764,0.0075950006247988665,0.00392652667671658,0.2610331520346616,-0.0073696845642880334,0.0,0.01625578720555555,0.1057085252926831,0.13821566620480338,-0.005358969573438958,-0.04353300979837545,-0.0300892795557742,0.0,0.0,-0.15769910557789918,0.0,0.0,0.0,0.0,0.0,0.0
0.3902139443505937,1.0955236402908397,3.2495530067108467,-0.3431586202789584,-0.005842552680545777,-0.03235754045449353,1.3081246192853737,0.3759870059319571,-0.058562697681503656,0.08094694349840038,0.002182694289986918,0.0010779608655867461,0.2480730292199367,-0.00726975743532813,0.0,0.0047491958811218616,-0.21576035686226896,0.02706404842035177,-0.0013155121095951177,0.013109870022408463,0.009787521090300441,0.0,0.0,0.033821640505486514,0.0,0.0,0.0,0.0,0.0,0.0
0.3902139443505937,-0.7234097742388844,-0.8413905287686786,-0.5642465360970577,0.006263353879644853,-0.03307501641422567,-0.37397737247685464,-0.19390485299436008,0.06587485792322488,-0.3809215234213312,0.002425078611227961,0.000977349098837162,0.23349214594835893,-0.018052648355360114,0.0,0.01947366140747201,-0.20072821662763807,-0.3394951958881298,-0.004103373372222424,-0.20589720622594068,0.18891260041704852,0.0,0.0,-0.06946672544590005,0.0,0.0,0.0,0.0,0.0,0.0
0.3902139443505937,-0.404312086662435,-1.428394782241966,-0.10546997150742426,-0.016170406057215692,-0.04010236144146732,-0.2987256158799475,0.11310124752071107,0.005564014900930133,0.1036549482038707,0.003319129477039933,0.0010593419811040436,0.24297983410928015,-0.005409274631143902,0.0,0.010185540386747407,-0.0668311192658691,0.04912841777181225,-0.0013577352066696034,0.004515683825094921,0.10544092507998111,0.0,0.0,0.028284550549071134,0.0,0.0,0.0,0.0,0.0,0.0
0.3902139443505937,-0.12401736421504063,-0.9149981061682063,-0.011795982058435546,0.004492424425143249,-0.028188836136606263,-0.35965480175264053,-0.1756915415775313,0.08515141114121906,0.06059775152502794,4.431368690374608e-05,0.000579201247701524,0.238054943543688,-0.01421180575579146,0.0,0.01329128039190533,-0.019194090641522995,0.20796461638455796,-0.0011563668693392137,-0.11088598323130376,0.36135979692597153,0.0,0.0,-0.05131511969972383,0.0,0.0,0.0,0.0,0.0,0.0
0.3902139443505937,1.0819794509426826,-2.3195441610645227,-0.3138735093825544,0.0017198305241701145,-0.20822655282144503,0.8898369241911086,0.14117999542938955,-0.004576661513839808,0.14081788251881033,0.005783840092658091,0.0018892482075008837,0.2690753796250405,-0.005881589683725928,0.0,0.003963579529136166,0.1867591534515874,-0.0034809336353348315,-0.001564612085794568,0.017475896199582282,0.06516192279566795,0.0,0.0,0.008779725708698047,0.0,0.0,0.0,0.0,0.0,0.0
0.3902139443505937,-0.7026501390924574,-1.1952949843564964,-0.3891212778325049,0.005587014738194822,-0.11879417224267966,-0.6047699035704537,-0.18420456787410028,-0.011348773982692444,-0.055481189911191914,-0.009759871401390693,-0.004067427507698904,0.20540552108005436,-0.017491715090807273,0.0,0.004192521480278565,-0.2926561248894953,-0.12192733850706312,-0.0012225333521619526,0.11044795151256093,0.1808110462957089,0.0,0.0,-0.192897972971799,0.0,0.0,0.0,0.0,0.0,0.0
0.3902139443505937,-0.7881786989708507,-1.413861109042185,-0.11050833738501781,0.005347331521100877,0.06256451113588206,-0.48443364511864045,-0.16963568728711118,-0.0022375435410833377,0.04638286676366381,0.001336960768065562,0.0004863037860698754,0.21501386597739516,-0.01584163487313639,0.0,0.010204036958771865,-0.11692629004782448,-0.2502836076452583,-0.0011312830624518046,0.04029346495346917,-0.9566513807962853,0.0,0.0,0.6626568200360106,0.0,0.0,0.0,0.0,0.0,0.0
0.3902139443505937,1.1396671088696935,3.5057034865063725,0.032540802776548854,0.012322232823589433,0.0013646789440628863,1.8299908496658308,0.45659755724588175,-0.06855650978393027,0.09371577925504321,0.001648469665305839,0.001064103821073476,0.26025508909545364,-0.008179166550774958,0.0,0.006767361951200448,-0.035696289892517025,0.017120468460812825,-0.0012769058894597336,0.01691570343909168,0.04514512353899257,0.0,0.0,0.049196540883251504,0.0,0.0,0.0,0.0,0.0,0.0
0.3902139443505937,-0.8576240561489447,-0.8517326847220931,-0.5460036244628731,0.003304289424155569,-0.027099646906841624,-0.6491440292945573,-0.19822367839987498,0.17827227262654768,-0.32883873645461936,0.004656527966292566,-5.757508506004386e-07,0.21002194989869302,-0.0136432426180891,0.0,-0.005293404454895446,0.2822201553260206,-0.3744468364983996,-0.004832029726964983,0.07712203435559864,-0.6132915940622304,0.0,0.0,-1.026131127886097,0.0,0.0,0.0,0.0,0.0,0.0
0.3902139443505937,0.3351699654801844,-1.393748180535805,0.25271417303474336,0.009563364854648034,0.01186821662349077,-0.5731615454917472,-0.20182871447295342,0.0035683467571608627,-0.01798375522976753,0.0014992371050232712,0.000733889633281308,0.23531626565290192,-0.010187432689530443,0.0,0.006224114111841817,-0.14246792703466402,-0.29841953307813773,-0.002530614267147266,-0.27570460531131147,-0.14246587194912458,0.0,0.0,-0.18911448544018422,0.0,0.0,0.0,0.0,0.0,0.0
0.3902139443505937,0.4456992623768337,-1.7024814839493545,-0.27171412317711496,0.0036430753944908393,-0.034066258562012154,-0.3109832847619817,-0.10604114631138623,0.05431216004877452,-0.40450091849946107,0.0058593859938045716,0.001658855999834449,0.24610993268356013,-0.011011038603251555,0.0,0.017243077945989154,-0.06618572794112101,-0.4691929041646156,-0.005796818351392881,0.07845161472473106,0.2960557332303513,0.0,0.0,-0.05131754004697238,0.0,0.0,0.0,0.0,0.0,0.0
0.3902139443505937,-0.4018039890919472,-0.916849464046133,0.35991187176134243,-0.00420514819717893,0.0440299672808006,1.1653686636521459,0.2439317537205237,0.029550460712295196,0.1712943189490981,0.002446099854969215,0.001024987357316498,0.27333548339846897,-0.01376993458696519,0.0,0.016053828849170573,-0.018850234108987143,0.08831422355320522,-0.001328142382027099,0.021505557517627737,0.1872790759894677,0.0,0.0,0.19175418116478615,0.0,0.0,0.0,0.0,0.0,0.0
0.3902139443505937,-1.0344997268765403,1.0826116484904553,-0.64656860257988,-0.25734637999458543,-0.08217420612357,-2.311211497032441,-0.7565430482601907,-0.1254255680090085,0.08918239547929337,0.00042766609976066343,9.925007085200242e-05,0.20296143816823103,-0.008995463381459375,0.0,0.012550304178438053,-0.31267691005245213,0.045299278491617,-0.0008397676024822828,0.025222606137447808,0.15016467655078883,0.0,0.0,0.10912006328871708,0.0,0.0,0.0,0.0,0.0,0.0
0.3902139443505937,0.6498647389745968,-1.330769951890105,0.6469223449223639,0.007692268602535784,0.003323700509296536,-0.17806463384295956,-0.13363480283066625,-0.02813301492138738,-0.4358921217173015,0.006997431817359348,0.004683912117120002,0.28531615847031183,-0.006779760324537866,0.0,0.027035938736304162,0.17001419899351355,0.026623449699502935,-0.004427113146775622,-0.030187203081364626,0.14902360858844363,0.0,0.0,0.3138673401093448,0.0,0.0,0.0,0.0,0.0,0.0
0.3902139443505937,-0.213280950063191,-1.0985331746817164,0.13473234900275322,-0.00197511733390138,0.013042570975967865,0.3505386031123726,0.07726416563344879,-0.0357669615685024,-1.1916158886947854,0.0023792982627090227,0.000865568274939176,-5.501933420273413,-0.011535792360573848,0.0,-0.002812018117669698,0.17349125499107626,0.04104850751049102,-0.017696841798817895,-0.008198696169206725,0.09260527651169315,0.0,0.0,-0.054048735996856195,0.0,0.0,0.0,0.0,0.0,0.0
0.3902139443505937,-0.7129151552408973,-1.2038795176933677,-0.4550516393306505,-0.015104895200975969,-0.10057590448043909,-0.22642552448673564,0.12038975163140049,-0.014214421271028767,0.09040552141054194,0.0035584479192765114,0.0016858650109905008,0.23177174323301253,-0.009608161020254056,0.0,0.012510329809656044,-0.02847962066213659,0.025265679303760974,-0.0013983222094299634,0.024156588881596906,0.1348171428744323,0.0,0.0,0.004483414346011866,0.0,0.0,0.0,0.0,0.0,0.0
0.3902139443505937,0.016352416179427016,2.9504204445374462,0.10362071813788516,0.0024194076924667347,0.019946914674318438,1.9968313525965726,0.3158113262168503,-0.05939128429785114,0.11117841314061465,0.001280121558388796,0.0009421207123006111,0.25395531706186975,-0.0059666544808907205,0.0,0.013349270900458865,-0.12005473988189917,0.03755700937828355,-0.0012346652227878986,0.017296581984866492,0.10071556420762579,0.0,0.0,0.03478352392453078,0.0,0.0,0.0,0.0,0.0,0.0
0.3902139443505937,-0.7995106623729243,-2.066483287046233,-0.3473838749206692,-0.03738936596388155,-0.16851202362218903,0.9136407644018656,0.08319793723815869,0.0069997174885872825,0.12535998296394463,0.0023873745276989803,0.0008077892699090403,0.23734894553962296,-0.00820476899471967,0.0,0.02240351999068497,-0.011327360972283823,0.05089589817409975,-0.0018736041341796362,0.02504537546143558,0.09550190769393012,0.0,0.0,0.09050307236984755,0.0,0.0,0.0,0.0,0.0,0.0
0.3902139443505937,0.03460306745983783,4.206541393241879,0.109550938675666,0.004518490741052742,0.04389426269350555,1.1017261568952845,0.4765999405525131,-0.06272656873172014,0.13066372844991925,0.0014319133030580565,0.0005779117382345118,0.2561323354601498,-0.005770282766941111,0.0,0.0183015796204882,-0.062216052723973424,0.03662603444749742,-0.002099079507182031,0.019886971232224607,0.11401321659899878,0.0,0.0,0.012854744460321125,0.0,0.0,0.0,0.0,0.0,0.0
0.3902139443505937,-0.10911326234265573,-1.2717556850708809,0.41272102567454566,0.006244843090403372,0.01292485453372098,-0.3779397721760189,-0.17314069544555585,-0.0033253469885779247,-0.057745020744220235,-0.00104666815177378,-0.0002438674234501011,0.23903323542037838,-0.01528567795133352,0.0,0.006765766611600251,-0.06315576486311596,-0.13715383937379447,-0.0011230035441441041,-0.029637193827583085,0.0835431848995768,0.0,0.0,0.24301712747315757,0.0,0.0,0.0,0.0,0.0,0.0
0.3902139443505937,-0.4449819387322837,-0.964815597717224,0.1978259879544009,0.005411790200047614,0.015624911848237518,-0.37386326470579473,-0.1847368522918617,0.22168824191732692,-0.05138449572615863,-0.004619733081460367,-0.002618509481382382,0.2355468156570776,-0.015223676730963163,0.0,-0.18603498179830322,-0.13829408900877493,-0.07618281889384086,-0.0011295402135642787,-0.22509795282664452,0.14919906244983477,0.0,0.0,0.13926053384478052,0.0,0.0,0.0,0.0,0.0,0.0
0.3902139443505937,-0.17277721208799457,3.9385220679838584,-1.0060791253303802,-0.2496137914033929,0.015531221604051156,1.170317130383996,0.6152086454549,-0.07654417258796392,0.11862304029979107,0.0016866519446678357,0.0005434147721855685,0.24573618779842726,-0.005078246882841866,0.0,0.017822193931958084,-0.0823314542722857,-0.00545550732279045,-0.002332366352797799,0.01962644184639317,0.050747995149208774,0.0,0.0,0.04051886569654706,0.0,0.0,0.0,0.0,0.0,0.0
0.3902139443505937,-0.7256605373805891,-1.1931950093885644,-0.35747948707853494,0.0018952507626717097,0.01469120207707526,0.7593045794273763,0.11662875544432065,0.006110976300472466,0.10750142405739814,0.005125212813251614,0.0018658558685946392,0.2535520640411231,-0.015675122903621202,0.0,0.01402026651770674,-0.08171861988405892,0.034181162096355515,-0.0011952652667991755,0.023661102455682637,0.11138708531459082,0.0,0.0,0.061609185184222814,0.0,0.0,0.0,0.0,0.0,0.0
0.3902139443505937,0.08488282242603211,-1.64446040894649,-0.67363042426105,0.002537330456241063,-0.10570038825130208,-0.6066254686613961,-0.254028732968538,0.01079176497166164,-0.005779251838418987,0.004366725596621031,0.0015057108107096233,0.21218995274733907,-0.010459955522271306,0.0,0.009568663843050459,-0.3891910050852402,0.037674025738352705,-0.0030392839826623398,0.02153997119937646,-0.5856679557610694,0.0,0.0,0.05717645245388603,0.0,0.0,0.0,0.0,0.0,0.0
0.3902139443505937,0.3869485829618529,-1.4408290864867892,0.367679684656588,0.0038563329421872445,0.010871656827462862,-0.2475733088295611,-0.0890947403512634,-0.03891793146340066,-0.44048591813762256,0.006283124278954739,0.002399485074530564,-5.32729505429566,-0.006192557241103261,0.0,0.01215281802996497,0.16513470106185374,0.18239279140052775,-0.005406341011308265,0.034708582159166716,0.010459131332287864,0.0,0.0,0.20031888300122094,0.0,0.0,0.0,0.0,0.0,0.0
0.3902139443505937,-0.2811051676302291,-1.4506914649691662,-0.13422883504980088,-0.0019957394835913465,0.014897023868386457,0.6646575244806625,0.12767099399170645,0.0006007194993214464,0.12458328053943359,0.0037133807772957374,0.0011160253326508596,0.26033631049947575,-0.021233158106717193,0.0,0.01040015547738055,-0.04507905708274152,0.07510978594234174,-0.001157089981296925,0.017976273086411705,0.09961654904539584,0.0,0.0,0.008761296623444825,0.0,0.0,0.0,0.0,0.0,0.0
0.3902139443505937,-0.42528388618000784,-1.766866048658485,-0.07712385640855311,-0.005595085042450543,0.02334995500168058,0.6006086105839209,0.12500550784013217,0.020205422058521952,0.13840892512884623,0.00255837056911976,0.0008660068138907395,0.26629566325074183,-0.031625021450332164,0.0,0.006562029780162396,-0.3650239991865355,0.05824486238140288,-0.0011201489322758146,0.0025621052380052196,0.11782068124603969,0.0,0.0,0.08723992880906903,0.0,0.0,0.0,0.0,0.0,0.0
0.3902139443505937,0.4759069738925242,-1.357609041634109,0.05198268789463718,0.006015287590845285,-0.011842987082011485,-0.3415672363490442,-0.16663099705539403,-0.031727506783881476,-0.4985194414830873,0.0020609868809950554,0.00346735964454003,0.26747081741453455,-0.010085771046061238,0.0,0.015273887412075762,0.10123024064638653,0.12165957117444666,-0.004849221989101855,-0.06164587126938371,0.10378203277279587,0.0,0.0,0.03657147190870825,0.0,0.0,0.0,0.0,0.0,0.0
0.3902139443505937,0.7266598578412403,-1.4989811596779814,0.1186653997365321,0.0020774613223494293,-0.006464957731829685,-0.419388412645709,-0.16381095754993105,-0.010915945684107907,0.04602944778501148,0.01186559572993136,0.005128769862451684,0.2404403033814494,-0.01309685902983288,0.0,0.013209032623235889,-0.24112009697475553,0.2957422209014494,-0.0019916357228255497,-0.05469288758124105,-0.6432419601124536,0.0,0.0,0.2698568066179283,0.0,0.0,0.0,0.0,0.0,0.0
0.3902139443505937,-0.2746533246834169,-1.5352680432777055,0.19743037259122193,0.06372739226975604,0.02808549550897108,0.6036246595881597,0.13031893945849535,0.007827913663359179,0.2026225513336656,0.004499252724462696,0.001758090405867228,0.2703376736866494,-0.006525448505404828,0.0,0.007918205335853041,0.2712484762938845,0.03366192941718057,-0.0013144754442359907,0.00873585756254526,0.16391969083689223,0.0,0.0,0.06716526689594812,0.0,0.0,0.0,0.0,0.0,0.0
0.3902139443505937,0.27922400855472196,-1.940482386698807,-0.25707054954145586,0.0007725895760219551,-0.08242692266208171,0.645493737922899,0.14408923896695286,-0.002686777402714711,0.1098018625822515,0.0070165686807996015,0.0021948484857574804,0.2528168897229815,-0.008748116680040071,0.0,0.009751977136025446,0.1297470408122222,0.01679086006727412,-0.0019171798116735563,0.015027749329061044,0.03891100921644638,0.0,0.0,0.07202327542273594,0.0,0.0,0.0,0.0,0.0,0.0
0.3902139443505937,0.03358703847323537,3.3088951868827103,0.4639943800312073,0.00014752278394834412,0.01937564258403809,2.168709390273641,0.4166646515258775,-0.05720026261458665,0.1294168657212086,0.0007767030986013827,0.0009872070565532494,0.2594306469188742,-0.005136263086118408,0.0,0.020136325385949328,-0.12005520913019906,0.03731137688155404,-0.0015993321928276212,0.023881047131591775,0.10250542414454426,0.0,0.0,0.03877754756999966,0.0,0.0,0.0,0.0,0.0,0.0
0.3902139443505937,-0.3977292737940519,-1.5480086508922777,0.2570880692313356,-0.012482198206668738,0.01376968618361988,-0.09340473641561835,0.11128159034856451,0.0005722681053053237,0.14433501851416106,0.004399700060805669,0.00188262185599487,0.2610615252190389,-0.007693982963164664,0.0,0.01060734504256373,-0.005379917975028778,0.03456121438132732,-0.0013760410150938734,0.009476126986795107,0.14823073022668207,0.0,0.0,0.03745289491302479,0.0,0.0,0.0,0.0,0.0,0.0
0.3902139443505937,-0.2005166104688723,3.86101828051084,0.11260822443714291,0.013289245283300312,0.05672230825567821,1.245545893046379,0.48205147235489204,-0.046628806216591566,0.12707554248992914,0.0011287299536081998,0.0005557080276773682,0.2541249398684241,-0.0059948252341637445,0.0,0.01758107825721142,0.0721131791686143,0.04189829934669978,-0.002099079507182031,0.02812190396271737,0.1164979361408277,0.0,0.0,0.05374107418749388,0.0,0.0,0.0,0.0,0.0,0.0
0.3902139443505937,-0.479346518266043,-1.3100019405034207,0.568880623060524,0.0032022773218096435,-0.03517272070081904,-0.8235133362173659,-0.1982976487042017,-0.15119949024760462,-0.42568927769492526,0.0040191781720656326,0.0002770027490896561,0.22383718389459645,-0.009966994805162784,0.0,0.010350125045484349,-0.1778936830265829,0.1579947355707903,-0.004701386178757677,-0.02992915727908352,-1.5297216770496922,0.0,0.0,-0.4182216772017353,0.0,0.0,0.0,0.0,0.0,0.0
0.3902139443505937,-0.8073956031007483,-1.0424991811898079,-0.45758007333749157,-0.003906821517922888,-0.10876322331468329,0.5403009750969568,0.14529456552319647,-0.010432489600430299,0.07174254987192423,0.0038072102467872826,0.0017329363234359666,0.24383998069881868,-0.012782597360921088,0.0,0.012029322120871358,-0.08587905023147113,0.025937731149733533,-0.0011881264666336337,0.029569952360899186,0.14325499298807198,0.0,0.0,0.03354233658314184,0.0,0.0,0.0,0.0,0.0,0.0
0.3902139443505937,-0.5297973026552636,3.919216395123105,-0.17101732713753953,0.012586573726577423,-0.1542730134639937,2.34078538651328,0.34469110507366285,-0.03754354855613347,0.09876119849226953,0.0013922967251378704,0.0005668190171702909,0.23840038628463667,-0.007718808471979131,0.0,0.019682823018657994,-0.07969674640522116,0.03802594832454408,-0.0017802498797952976,0.029400804226768062,0.10681940903530164,0.0,0.0,0.06698095331290897,0.0,0.0,0.0,0.0,0.0,0.0
0.3902139443505937,0.25687557644519327,-1.8835627015930065,0.0853395852310369,0.0014682575546735297,0.028237548245106117,0.6233433264104619,0.18338660248779604,-0.00786453981622109,0.16188888178631555,0.005133783405453594,0.002286248309829829,0.26532012163134505,-0.0035389294470639506,0.0,0.0005821961199790023,-0.10799359325584619,-0.005516375585732435,-0.0017800806582304349,0.012881690645226691,0.07499721927537856,0.0,0.0,0.07616063934036456,0.0,0.0,0.0,0.0,0.0,0.0
0.3902139443505937,0.48911901549746434,0.4337418486618555,0.09142176431371694,0.010937191588590685,-0.013267031505801148,-3.5922606055351776,-1.1652368723674282,-0.2798676713956467,0.06665990270870667,0.001472248423245389,0.0005384719564611282,0.21526347169271406,-0.006448293644629285,0.0,0.00588036565728514,-0.12192660783208058,-0.027315075255227025,-0.0010942809830373939,0.005022336015630549,0.008619561721984798,0.0,0.0,-0.0928464059202082,0.0,0.0,0.0,0.0,0.0,0.0
0.3902139443505937,-1.0372741507941985,1.077657581415318,-1.431245361987812,-0.2820400766509811,-0.08106407043724087,-1.822639081696799,-0.7355813263564572,-0.14069070870360864,0.09444207365874958,-4.31129723113004e-06,0.0002979692540020806,0.21100037248858822,-0.008636786357527536,0.0,0.012453454428726283,-0.2991201523455226,0.061326925353651585,-0.0008781661354413575,0.02597476090649665,0.14054258768416403,0.0,0.0,0.1651936199268373,0.0,0.0,0.0,0.0,0.0,0.0
0.3902139443505937,-0.9018325515554665,-1.1567172015659306,-0.508057242235659,0.0014740594471840441,-0.1665316849745911,0.6279560549525041,0.14530210421134093,-0.010681830649136735,0.07515320316614507,0.003625136000421401,0.0016939852721262643,0.24347838673974193,-0.015529442211449905,0.0,0.012285004066498632,-0.06537520998068427,0.025171781788488418,-0.0011881264666336337,0.030260834229448284,0.1418487947166385,0.0,0.0,0.03364372370514565,0.0,0.0,0.0,0.0,0.0,0.0
0.3902139443505937,-0.5565137425643114,-1.1219721320349758,0.12181259674449461,0.007644633845108351,0.005456979661092865,-0.5304198445692111,-0.1716414061785631,0.027335649998722136,0.044600676635400745,-0.008662616904995753,-0.0002425616799230087,0.21134254026153837,-0.016759219775521177,0.0,0.011927027142813957,0.03392958055843277,-0.28230301412544845,-0.0011034318329357707,-0.02383800319554063,-1.0437202493473388,0.0,0.0,-0.8614000005175558,0.0,0.0,0.0,0.0,0.0,0.0
0.3902139443505937,0.7382833979166895,3.6441076775785683,-0.2499168403541742,0.022699455831712425,-0.07508411494429916,1.2846407644905058,0.43855125377727205,-0.06128558823417807,0.10771045521116428,0.0020831236797026194,0.0010073361108038895,0.25627836066640264,-0.0039840982272152815,0.0,0.0034924696562377102,0.38021809610563395,0.02726620728813073,-0.001532541530372005,0.026542588277334633,-0.0006936823577731091,0.0,0.0,0.04375472088328646,0.0,0.0,0.0,0.0,0.0,0.0
0.3902139443505937,1.6357542709542632,0.7306994444759694,0.5507317692874124,0.010589224040550347,0.050700927044800025,1.5824840394004753,0.2434280882723453,-0.07240770731031011,0.12883084537484205,0.003569584685375824,0.0013761881765761155,0.313760949593775,0.4080737348002818,0.0,0.00221121891366983,0.04982118059422962,-0.041685208122853104,-0.0015746065379463126,0.019538730492605755,0.03892129489357005,0.0,0.0,-0.05974630513179024,0.0,0.0,0.0,0.0,0.0,0.0
0.3902139443505937,-0.650053771425004,-0.5856313429921862,-0.2915776605824989,0.006713495569197692,-0.031593689738165676,-0.7922919761286628,-0.19163559233418187,0.2931306455098654,-0.23902870808197416,0.002093743641877437,0.0002127129749813168,0.22234432041334887,-0.011457793167822704,0.0,0.008698158332338009,0.2630371565814024,-0.004028459151687521,-0.004780320029972139,0.09676959776924254,-0.1050314945126175,0.0,0.0,-0.3377581734242628,0.0,0.0,0.0,0.0,0.0,0.0
0.3902139443505937,-0.05994171257845612,3.156596878247476,0.11795676346296165,0.04648510358659393,0.39694091610009874,-0.5633447114933149,-0.5545405473774514,-0.1301896597717667,0.07176296936109336,0.001021343712447933,0.00018801627006889476,0.22508745086042586,-0.009002254893386316,0.0,0.0126139148296842,-0.17370426845214368,0.04702474768450535,-0.0008973624932492876,0.023331513366818834,0.1722910820455421,0.0,0.0,0.2690322296835846,0.0,0.0,0.0,0.0,0.0,0.0
0.3902139443505937,-0.9481601637778344,-0.9040231011176585,-0.3692421797472243,0.00651273988884919,-0.0026546141311363596,-0.5949456193712105,-0.1895327694331114,0.24435208464488006,-0.37370164867211225,0.0038089365064659917,0.0006192594850604754,0.20272156751207215,-0.01277331745874719,0.0,0.01817841414714497,0.023398491173079586,-0.0011858509124046204,-0.004738672453706168,0.011748569838575713,-1.9147438641910601,0.0,0.0,-0.2242946632083269,0.0,0.0,0.0,0.0,0.0,0.0
0.3902139443505937,-0.6411669640436229,1.373683365062005,-0.45641947670309796,0.013912011424271056,-0.08941571255419681,-3.2170212907342797,-0.7491790520006997,-0.21513393728831703,0.07837291383484168,0.0006316698039205415,0.00014906722037928143,0.19870970250326947,-0.00912464039502765,0.0,0.013092778216835733,-0.19452772848861713,0.03957587933003961,-0.0009036724798293234,0.022078558680464967,0.040322187979679,0.0,0.0,-0.07807801075212001,0.0,0.0,0.0,0.0,0.0,0.0
0.3902139443505937,-1.0354733076941105,-1.2481159210247719,-0.5216688750169425,0.006443483561282343,-0.050449951376178366,-0.5679414476937538,-0.1879058331869789,0.01657889573365049,-0.006102355209747421,-0.004686850807165586,-0.0009973654358719905,0.18903060861968604,-0.0202704600891714,0.0,-0.0043682006477414985,-0.3511592032038548,-0.23688204278972835,-0.0011783676664351502,-0.38008758569929696,-0.5895639787456043,0.0,0.0,-0.7562648894696545,0.0,0.0,0.0,0.0,0.0,0.0
0.3902139443505937,1.436664546031548,-0.6481118172694393,0.02379536257194331,0.0014881373983877918,0.021728402242329477,0.012746002197509283,-0.1373482524300611,-0.0317792187924786,-0.36598704754781525,0.006971682514090469,0.0034330512936454655,0.28683730233156957,-0.012071308220545593,0.0,0.009970735555527252,-0.0020323640943322495,0.0040487539596946445,-0.004397204100088246,0.023890931142827594,0.8723470212219095,0.0,0.0,0.4148265379432381,0.0,0.0,0.0,0.0,0.0,0.0
0.3902139443505937,-0.21664479200063236,0.7394201915294698,-0.09972518061645266,-0.018347766525932837,0.006066922963416561,-0.6408124153002976,-0.13943842166440495,0.027393459246580515,0.15804915019590865,0.000841016890996681,0.0005229860438777643,0.2549028986437538,-0.014417869743328546,0.0,0.017234225655172877,-0.068871812518446,0.10629094446056057,-0.0013328165113015297,0.023036891224088966,0.1748086896126534,0.0,0.0,0.3589496466446713,0.0,0.0,0.0,0.0,0.0,0.0
0.3902139443505937,-0.38365471971853876,-1.6656996030017186,0.23879653738163412,0.11027854318783838,-0.040438259150985374,0.024103174537847303,0.12756367260869014,0.008608129600040261,0.11982940005153507,0.003940680660827545,0.00175537400335252,0.2545486240228713,-0.008493401721603757,0.0,0.01711120202072486,-0.005636980399221368,0.027401066429703,-0.001099652533900197,0.01716575048164244,0.16322036487499014,0.0,0.0,0.07000037572366913,0.0,0.0,0.0,0.0,0.0,0.0
0.3902139443505937,0.2876009360120437,3.0112924617029404,1.1363780385610762,0.059672616041506366,-0.03532664394721913,-1.23214139134524,-0.33896811415193046,-0.127720742046879,0.08583686866397973,0.0005769535702401939,0.0002191783356390697,0.23233582073268563,-0.008380859387284993,0.0,0.013400233642575832,-0.19999083844619603,0.04863910813185993,-0.000864710956641241,0.02072521354844209,0.15621509600818836,0.0,0.0,0.20366170890057256,0.0,0.0,0.0,0.0,0.0,0.0
0.3902139443505937,-0.6230764865647817,-0.6050528458241028,-0.2906460195506764,0.0056766538659156745,-0.007440222151518727,-0.8815953958466042,-0.20022327502285706,0.2431291647440985,-0.305609062213802,0.004126924072560181,6.090347927691866e-05,0.2247799458628624,-0.011322141841785368,0.0,0.008367877178720388,0.31859315265189625,-0.12550034992639364,-0.004779314453340563,0.08448675808291928,-0.2815523700605814,0.0,0.0,0.16267532933553366,0.0,0.0,0.0,0.0,0.0,0.0
0.3902139443505937,0.20187801845616885,-1.3402223839839411,-0.5052278759197044,0.006222383301636669,-0.05245448535062879,-0.296016828949024,-0.08795748920671222,0.15938340800503728,-0.38206884069553904,0.006160834638944898,0.0020201737222029586,0.2373024413132623,-0.010961503537218672,0.0,0.03516979896801935,0.12599129086713226,-0.3409270872579976,-0.005912417586691891,-0.05537025783252814,0.26653284540013356,0.0,0.0,-0.5431068590507363,0.0,0.0,0.0,0.0,0.0,0.0
0.3902139443505937,-0.45083567775294087,-1.014970269873862,-0.16288975498694705,0.0033670481853103,0.014300772671983247,-0.3797728477553906,-0.16566952746620772,0.04915930982067986,0.036012077179045615,0.001631254964541439,0.0011138215900959837,0.21694806974921216,-0.01439969937082787,0.0,0.0041654727995465825,0.04300630428232008,-0.31199070429354075,-0.001220338401850408,0.033643261015613025,-1.4076531419062517,0.0,0.0,-0.21523237149429117,0.0,0.0,0.0,0.0,0.0,0.0
0.3902139443505937,-0.6591165017028158,-1.3522510286758913,-0.4914235831392531,-0.004158782181734702,-0.008704125009118263,0.24539956927193327,0.11662121675617616,0.006269202348558171,0.10163424546215788,0.004921410956184097,0.001840401773272089,0.24230228053791864,-0.013676637925255211,0.0,0.012631907786930425,-0.23564076962264563,0.03404341415873,-0.0011952652667991755,0.023112736477228342,0.11035696209298684,0.0,0.0,0.060252651236224856,0.0,0.0,0.0,0.0,0.0,0.0
0.3902139443505937,-0.2811051676302291,-1.4506914649691662,-0.13422883504980088,-0.0019957394835913465,0.014897023868386457,0.6646575244806625,0.12767099399170645,0.0006007194993214464,0.12458328053943359,0.0037133807772957374,0.0011160253326508596,0.26033631049947575,-0.021233158106717193,0.0,0.01040015547738055,-0.04507905708274152,0.07510978594234174,-0.001157089981296925,0.017976273086411705,0.09961654904539584,0.0,0.0,0.008761296623444825,0.0,0.0,0.0,0.0,0.0,0.0
0.3902139443505937,-0.6438733945282827,5.489002859511762,0.06113667380242083,0.016597241335489447,5.893795290767494e-05,2.066166782015218,0.5364401030560949,-0.03013122760914479,0.1236741259614306,0.0012499909151494684,0.000580529335008679,0.2519473740767723,-0.007219119495828108,0.0,0.017723606009810808,0.0032865939037051155,0.046992772037988545,-0.0019310771421621553,0.023960560854484166,0.06779421670390617,0.0,0.0,0.03826318211017468,0.0,0.0,0.0,0.0,0.0,0.0
0.3902139443505937,-0.7857818536583879,-1.2313976980036196,-0.5812914596758544,0.00035632034101572686,0.03407251377323398,1.0751425086893216,0.15339099092170191,0.004441425395463273,0.12816902460462593,0.005119159121881601,0.0018888889409042478,0.24667519102991617,-0.011110687008999927,0.0,0.022661638723639622,-0.09976759372057939,0.03455050082835645,-0.0025328270548785935,0.025147233425630147,0.107739916612082,0.0,0.0,0.05859860708071767,0.0,0.0,0.0,0.0,0.0,0.0
0.3902139443505937,-0.6346831982025049,-1.350044085366739,0.05599892144012877,0.0036541687332023926,0.003341584756260613,-0.36040794490872363,-0.17104975914756382,-0.09857204960814894,-0.3150165359217187,0.004273015266961625,0.0009482101919099476,0.24536774249897286,-0.013034904612895923,0.0,0.01122957993566862,0.18274863948721393,0.620675597627494,-0.0039498460113390164,-0.08239874955574922,-1.8378128176870943,0.0,0.0,-0.423582788152079,0.0,0.0,0.0,0.0,0.0,0.0
0.3902139443505937,-0.07356330306021956,-1.285388015089232,0.31424327935854174,0.004229055592627851,-0.002197862468766496,-0.37123451881844094,-0.1560726140986032,0.022410582495427003,0.10688828423781517,0.003199367963716181,0.0007660085612051215,0.2442783796223438,-0.01396999490795054,0.0,0.006800877409760098,-0.015499568766483188,0.1618353202633311,-0.0013383291264418176,0.017497997568360128,0.8539989998913199,0.0,0.0,0.5181315442221188,0.0,0.0,0.0,0.0,0.0,0.0
0.3902139443505937,-0.2646365691331123,3.9296559575144054,0.44683648244866403,0.016147228625103174,0.09465297353411659,1.6315222860119747,0.404638724870909,-0.04064860458510302,0.11468447489774641,0.0008437721035641107,0.0009884335438140742,0.25963254005001457,-0.0052538601724830365,0.0,0.016675352910334194,-0.05532841330563599,0.039152360013118157,-0.0012347713864217836,0.021272463390412128,0.10346228063475046,0.0,0.0,0.04374949496621073,0.0,0.0,0.0,0.0,0.0,0.0
0.3902139443505937,-0.09496025582050854,-1.4351123214957524,0.15665765102624898,0.004995152689188381,0.0029750912837042285,-0.29137802888482955,-0.15713427499159432,-0.034099817332560775,-0.5060704776733875,0.0006183027374344023,4.515829550855579e-05,0.2548181070363376,-0.014752642265651329,0.0,0.012526579726652148,0.16501460261822368,-0.3656443603885611,-0.004107307243535359,-0.010098748441516564,0.15980931314131833,0.0,0.0,-0.2493728595935555,0.0,0.0,0.0,0.0,0.0,0.0
0.3902139443505937,0.17818394298468615,-1.2059735674426135,-0.5897522188832208,0.005845323863986472,-0.060033783987745955,-0.3888736724122687,-0.12310357714976938,0.13469232211857948,-0.26155435726434373,0.00645201023991369,0.0018493962141300753,0.23892367320518706,-0.012206715839107287,0.0,0.028689737602263714,0.12071395483966046,-0.26479423570987703,-0.005886953593454991,-0.09181571365908912,-0.425786624104517,0.0,0.0,-0.16442953909875602,0.0,0.0,0.0,0.0,0.0,0.0
0.3902139443505937,-0.8778551375858624,-1.1897412003377685,-0.5081953334367478,0.0006982663181390869,-0.18044891076687283,0.6218013644362123,0.12040473272965659,-0.013055506973198079,0.1311950500141783,0.003760346546403274,0.0017019091365756583,0.24574961184630817,-0.011573082730604927,0.0,0.006591766666992414,0.11942164570347558,0.027167408171304225,-0.0013983222094299634,0.026680359311924508,0.1378774657379177,0.0,0.0,0.004588195112818374,0.0,0.0,0.0,0.0,0.0,0.0
0.3902139443505937,0.9357720316697615,-2.2199900849643543,-0.3736449200226395,-0.00904487834810526,-0.04833354842739949,0.33449928644834465,0.11193626148186647,0.0006331671598512002,0.08221223642778606,0.0049410424251309275,0.0018393305282653348,0.25653002896332994,-0.005842975984406741,0.0,0.010608758540052065,0.2281773002242196,-0.004758302454710776,-0.0013567768751915972,0.015183702227347945,0.06795474643437997,0.0,0.0,0.01786560360324644,0.0,0.0,0.0,0.0,0.0,0.0
0.3902139443505937,0.5051647374872732,-1.5094734060549704,0.1866362189449837,0.0073830430956724445,0.005359074724581528,-0.3337322737624956,-0.15484321814629218,-0.030483168738740133,-0.41621605562669184,0.003533780023765173,0.0017836109830574596,0.25959018361522523,-0.008392971197597656,0.0,0.004857312347028334,0.0739665395820195,-0.018330081721889855,-0.0053310146179519746,-0.019633428766369518,-0.17382495476585688,0.0,0.0,-0.11866907009824143,0.0,0.0,0.0,0.0,0.0,0.0
0.3902139443505937,-0.8778551375858624,-1.1897412003377685,-0.5081953334367478,0.0006982663181390869,-0.18044891076687283,0.6218013644362123,0.12040473272965659,-0.013055506973198079,0.1311950500141783,0.003760346546403274,0.0017019091365756583,0.24574961184630817,-0.011573082730604927,0.0,0.006591766666992414,0.11942164570347558,0.027167408171304225,-0.0013983222094299634,0.026680359311924508,0.1378774657379177,0.0,0.0,0.004588195112818374,0.0,0.0,0.0,0.0,0.0,0.0
0.3902139443505937,-0.34695597906968756,-1.8344878879521525,0.06434082172085977,0.0009602927882641563,0.01898010136345823,0.4275398780718894,0.09380328801240806,0.015329706894042157,0.13254720425094307,0.005044711069267873,0.0019409141966124483,0.2614802709254914,-0.0257888525054177,0.0,0.00802256049237643,-0.21567705487129854,0.02974870120570095,-0.0011003292058201896,0.007706003188298226,0.15740021070143687,0.0,0.0,0.035973753281528874,0.0,0.0,0.0,0.0,0.0,0.0
0.3902139443505937,0.035110107936093156,-1.127172850271707,0.4579496908464901,0.0011970069372008092,0.00989113806677387,-0.6583922118484183,-0.1922563674169897,-0.05399488988925952,-0.3003475539536746,0.003956144433843288,0.001143103179360218,0.24909796671999748,-0.009126882447963974,0.0,0.016888293541742976,0.016222409777733413,-0.15929929172855622,-0.004267610060239087,0.47595980164503426,0.09071307904063663,0.0,0.0,0.15779127665937512,0.0,0.0,0.0,0.0,0.0,0.0
0.3902139443505937,-0.7026501390924574,-1.1952949843564964,-0.3891212778325049,0.005587014738194822,-0.11879417224267966,-0.6047699035704537,-0.18420456787410028,-0.011348773982692444,-0.055481189911191914,-0.009759871401390693,-0.004067427507698904,0.20540552108005436,-0.017491715090807273,0.0,0.004192521480278565,-0.2926561248894953,-0.12192733850706312,-0.0012225333521619526,0.11044795151256093,0.1808110462957089,0.0,0.0,-0.192897972971799,0.0,0.0,0.0,0.0,0.0,0.0
0.3902139443505937,0.03358703847323537,3.3088951868827103,0.4639943800312073,0.00014752278394834412,0.01937564258403809,2.168709390273641,0.4166646515258775,-0.05720026261458665,0.1294168657212086,0.0007767030986013827,0.0009872070565532494,0.2594306469188742,-0.005136263086118408,0.0,0.020136325385949328,-0.12005520913019906,0.03731137688155404,-0.0015993321928276212,0.023881047131591775,0.10250542414454426,0.0,0.0,0.03877754756999966,0.0,0.0,0.0,0.0,0.0,0.0
0.3902139443505937,-0.32824488737901236,-1.7825629453519256,0.12917755323997485,-0.007887856211030816,-0.021191723186093626,-0.08092438284770301,0.09375158920423646,0.013161933539626696,0.11532669735677928,0.004369844932206242,0.0020282699027903183,0.2540808335602517,-0.011542114730542214,0.0,0.011328463014086262,0.02550229027973378,0.02754657685293176,-0.0011003292058201896,0.007459515650656733,0.15065391230639671,0.0,0.0,0.03417003136178924,0.0,0.0,0.0,0.0,0.0,0.0
0.3902139443505937,1.229725413426843,4.1063409820510435,0.07017352417874068,0.01834916272373281,0.011432451855918737,1.866384322770105,0.4674717315767957,-0.04708489971279044,0.09954140683552874,0.001285540490564448,0.0006973316997467185,0.26660978936298424,-0.00535427109854936,0.0,0.005636864071020644,-0.020167322004030624,0.008922247187263171,-0.001363332598107019,0.013657783345709183,0.04770294126663046,0.0,0.0,0.006210982867222696,0.0,0.0,0.0,0.0,0.0,0.0
0.3902139443505937,-0.673230810423731,-2.8071788499122845,0.19331220573421404,-0.0030470695045882014,0.014493787432762629,-0.7043592420157816,-0.24321172606452784,0.04634467466851307,-0.029316692131058027,-0.0013719907313117384,-0.00039310281708513045,0.22185345995151337,-0.023520573925165104,0.0,0.0006312394453363362,0.00361106654354128,-0.05938327248038917,-0.0011871431839373368,0.03165718911374701,0.15005667363329311,0.0,0.0,-1.1126756915849807,0.0,0.0,0.0,0.0,0.0,0.0
0.3902139443505937,2.439399889102872,-0.33242528944611555,-0.10948680306190005,0.005045479263595571,0.037215698246135825,0.8394346520343222,0.1864991801147057,-0.011021060635297146,0.12442212765579923,0.005111768850734594,0.0022304836647883295,0.3001268214758868,-0.0045915263721397525,0.0,0.005326779849390448,-0.027983777703995773,0.002896242764407419,-0.0018130951044720842,0.017343932537780292,0.08359902981862016,0.0,0.0,0.011721944598343598,0.0,0.0,0.0,0.0,0.0,0.0
0.3902139443505937,0.1568488199312388,3.967446991605233,-0.10300626253034825,0.008460769110498301,0.02299295619181774,1.9813456691994262,0.2777605926800793,-0.025487935436882807,0.1066377301131765,0.0014257613877117436,0.0005917055027808516,0.24329840646319614,-0.007439243670747894,0.0,0.019015872337783353,-0.047373591279184085,0.03956093052433648,-0.0017802498797952976,0.028799819500262076,0.12761694467859142,0.0,0.0,0.09541876406138874,0.0,0.0,0.0,0.0,0.0,0.0
0.3902139443505937,-0.32824488737901236,-1.7825629453519256,0.12917755323997485,-0.007887856211030816,-0.021191723186093626,-0.08092438284770301,0.09375158920423646,0.013161933539626696,0.11532669735677928,0.004369844932206242,0.0020282699027903183,0.2540808335602517,-0.011542114730542214,0.0,0.011328463014086262,0.02550229027973378,0.02754657685293176,-0.0011003292058201896,0.007459515650656733,0.15065391230639671,0.0,0.0,0.03417003136178924,0.0,0.0,0.0,0.0,0.0,0.0
0.3902139443505937,-0.8778551375858624,-1.1897412003377685,-0.5081953334367478,0.0006982663181390869,-0.18044891076687283,0.6218013644362123,0.12040473272965659,-0.013055506973198079,0.1311950500141783,0.003760346546403274,0.0017019091365756583,0.24574961184630817,-0.011573082730604927,0.0,0.006591766666992414,0.11942164570347558,0.027167408171304225,-0.0013983222094299634,0.026680359311924508,0.1378774657379177,0.0,0.0,0.004588195112818374,0.0,0.0,0.0,0.0,0.0,0.0
0.3902139443505937,1.8837908894646003,0.56402737060049,0.2680791227833081,-0.0001148009280545859,0.001623744970840094,-1.3116098704539727,-0.2792157753596672,-0.02769250087281654,0.09038623493508223,0.00651540413734175,0.0016142000539361683,0.2559168907201558,-0.007358744702356951,0.0,0.015503825905392421,-0.09637659904396431,0.027954722142927567,-0.001537068739440227,0.012637929083092046,0.08344768437699612,0.0,0.0,0.12087025959180334,0.0,0.0,0.0,0.0,0.0,0.0
0.3902139443505937,0.43789134380960953,3.1833294102110665,0.2330880992030321,0.024284597764573507,-0.05107003826804594,-0.9197059353354344,-0.6410014319043355,-0.1706128242805309,0.13866897239517814,0.0013373496370035353,0.0006226968384392828,0.2448897550356891,-0.003538823717895993,0.0,0.007785431448483549,0.4957024172937892,0.05243900780472029,-0.0013202746597451016,0.034894720241427035,0.026830527916992596,0.0,0.0,0.16851754843903655,0.0,0.0,0.0,0.0,0.0,0.0
0.3902139443505937,-0.2680868818249144,-0.6359849077935027,-0.008529275626520108,0.003918253960369183,-0.05146145753242482,-0.16414135076370823,-0.15103740494746623,0.12828522082207308,0.049602572538012576,0.002244177274781716,8.854789730095331e-05,0.2631074664888062,-0.011945116455072778,0.0,0.014227095783782258,-0.09299973996709482,2.243822137429751,-0.0010695287889911445,0.03713772534600222,0.2970085166750274,0.0,0.0,0.2754537997402244,0.0,0.0,0.0,0.0,0.0,0.0
0.3902139443505937,0.02715581621946911,-1.2051653826912985,0.45323437689646895,0.004237325942115695,0.020329242573749354,-0.34634143166502857,-0.173366306762327,0.018238216023784674,-0.033382388079132,0.0016280295556651244,0.00205533438131895,0.23626774089391206,-0.01625650469737552,0.0,0.021433538794983286,-0.043310064242145,-0.03855693066055742,-0.001040386859892545,0.28925631035288996,0.06635946155463561,0.0,0.0,0.12474499877134963,0.0,0.0,0.0,0.0,0.0,0.0
0.3902139443505937,-0.10648615808787622,2.7629260215681484,0.22070442162556733,0.027064620093283615,0.018673862965827476,-0.06342389517602189,-0.24861777557351916,0.940565763589821,-0.7754235275284067,0.0009752332365887079,0.0005127002122705671,0.26183576331018055,-0.00915155707780871,0.0,0.01066168495417439,-0.27171974891269113,-0.27207827549061575,-0.003347046915738454,-0.015131899468243268,-0.4337570166872723,0.0,0.0,-0.3934122280965829,0.0,0.0,0.0,0.0,0.0,0.0
0.3902139443505937,0.005450337882220593,-1.2443107916905287,0.22491050563698264,0.002996007514545401,-0.000578946086022819,-0.3294507246325476,-0.16579477837919385,-0.016884306157257598,-0.34275014924611763,-0.003745878595113918,-0.0016512622064689985,0.2633602711550799,-0.014244373460158138,0.0,0.4969577142230585,0.22397934578653955,-0.05936004837282927,-0.003902392760357812,0.07809051380556868,0.3201610672998225,0.0,0.0,-0.11743872308511122,0.0,0.0,0.0,0.0,0.0,0.0
0.3902139443505937,0.02365669028164909,3.6561592027665735,-0.09924938877053412,0.0038612179385999275,0.017483356994442638,2.1114202783890854,0.3470076422698402,-0.03202589468302837,0.10740875685982804,0.0014126687065486932,0.0005907417490690174,0.2459608133946136,-0.007440891102201249,0.0,0.02047374301814702,-0.027379432408850612,0.037394477076048295,-0.0017802498797952976,0.030469725801235963,0.11703838378457126,0.0,0.0,0.10290481531576372,0.0,0.0,0.0,0.0,0.0,0.0
0.3902139443505937,-1.7306303798075027,-0.6835671320821913,0.07912970102830344,0.003803309062145495,-0.006189090656378879,-0.6921881533305367,-0.2879782197536457,-0.09447439017299018,0.10910407295311671,-0.000657816427558599,0.0005755876680529487,0.23560434807621397,-0.011604965660874123,0.0,0.011416471394760782,-0.22513166929323777,0.012732122563499036,-0.0012888927959186225,0.02479050031372296,0.18801963359499957,0.0,0.0,0.18896047925965276,0.0,0.0,0.0,0.0,0.0,0.0
0.3902139443505937,0.8892671723576895,2.5392182207623426,1.0056376499898327,0.024994245037011007,-0.009274448972930378,-3.2856424555643526,-0.5724502793219275,-0.20302574233423173,0.07439899177732187,0.0011906155887899668,0.0005610251055662816,0.21981784815393704,-0.0060344993035621845,0.0,0.00846972728296032,-0.14925612821663525,-0.017093089386366604,-0.0011045375090995772,0.014441228972003796,0.02754474582951368,0.0,0.0,-0.026775801099034022,0.0,0.0,0.0,0.0,0.0,0.0
0.3902139443505937,-0.9105439129708719,-1.3506165456550352,-0.5655501725578358,0.0073234998359707525,-0.024398214420580815,-0.5957622586686666,-0.1856425900069701,-0.11756854842655846,0.0006996281354059033,-0.006769649439257877,-0.001180911286354104,0.19880646170964417,-0.017766791201156328,0.0,0.010354608598150516,-0.10464474185088465,0.04257522559853414,-0.0011519841757657706,-0.020761052062813222,-0.02744472770304856,0.0,0.0,-0.02220542030137543,0.0,0.0,0.0,0.0,0.0,0.0
0.3902139443505937,-0.2228706603502367,-1.7453643767298401,0.2830258538614102,-0.0004495004422467965,0.03126299103239528,1.2277601885679892,0.20070318877006396,0.014363175306084589,0.16993170049359577,0.005040320777517733,0.0020918276936677705,0.26785498612681513,-0.009694747681618416,0.0,0.012930894168982682,-0.05959554907043997,0.03132646503141101,-0.0016448049473263716,0.012503854609390522,0.16224274351779405,0.0,0.0,0.0390553452696433,0.0,0.0,0.0,0.0,0.0,0.0
0.3902139443505937,0.4564866626352634,-2.0688553774083034,-0.5294187188077816,-0.005205125913232826,0.00017454030715006845,0.24344945027906942,0.1168427918385985,0.004313928509675789,0.10241117807824433,0.00740167024452068,0.0022595612804237023,0.25273839517441093,-0.00884324985175561,0.0,0.004650995693695945,-0.22030141511821766,0.020645286222584932,-0.0014038911206415586,0.017536433803241422,0.013377831468546786,0.0,0.0,0.05800962184880012,0.0,0.0,0.0,0.0,0.0,0.0
0.3902139443505937,-0.12779310923487652,-1.0642853283729306,-0.26242052004514665,-0.006516805275311978,-0.03721591653114965,-1.0150027725680066,-0.21663447084760812,-0.10055034280428357,-0.4264498836099275,0.0010887725672821399,-0.0008983728870037051,0.2280873888554315,-0.007931334806757624,0.0,0.005417834069103489,0.1484608188741438,-0.34089617813925066,-0.004644767355720675,0.01807231387414691,-0.3997288173884052,0.0,0.0,-0.40365686290873815,0.0,0.0,0.0,0.0,0.0,0.0
0.3902139443505937,-0.9018325515554665,-1.1567172015659306,-0.508057242235659,0.0014740594471840441,-0.1665316849745911,0.6279560549525041,0.14530210421134093,-0.010681830649136735,0.07515320316614507,0.003625136000421401,0.0016939852721262643,0.24347838673974193,-0.015529442211449905,0.0,0.012285004066498632,-0.06537520998068427,0.025171781788488418,-0.0011881264666336337,0.030260834229448284,0.1418487947166385,0.0,0.0,0.03364372370514565,0.0,0.0,0.0,0.0,0.0,0.0
0.3902139443505937,-0.172910036660324,4.4611991388183325,0.191906250503767,0.015373108750110677,0.045983705400730095,1.073559886015245,0.5179531585061703,-0.06295031333568786,0.12700568423781425,0.001126365921065146,0.00048286462008796216,0.253014899995717,-0.0054293915592711515,0.0,0.018936206335939055,0.03184142824108342,0.04042276531386968,-0.002099079507182031,0.028595252831087405,0.10544943328034849,0.0,0.0,0.05021019892392734,0.0,0.0,0.0,0.0,0.0,0.0
0.3902139443505937,1.6492494194979972,0.7941648109558618,0.5266832052254601,0.007906102837805191,0.051947220395025424,1.5871339998364393,0.2527448403173625,-0.07064678699921582,0.10579013415025673,0.0036631705729496854,0.0014170102941022367,0.310744974435316,0.5676103355636766,0.0,0.004480968015910425,-0.028446353396878645,-0.04379665453443239,-0.0013696456716867837,0.0166797425336375,0.04000033821620072,0.0,0.0,-0.050391973526091434,0.0,0.0,0.0,0.0,0.0,0.0
0.3902139443505937,-0.3464813475896536,-1.4259155257026732,-0.252853198709585,-0.004576453462557044,0.042983096957252054,0.6320692337357496,0.07213692572273338,0.020195277866270463,0.22196263057951457,0.0029006201540584674,0.0008552871981044097,0.26941169194471987,-0.017313293374655238,0.0,0.007630295004368441,0.25688282496479387,0.051947530221758374,-0.001370401620873461,0.01009715616827204,0.08310545862069414,0.0,0.0,0.1383642360804682,0.0,0.0,0.0,0.0,0.0,0.0
0.3902139443505937,1.2121574447023893,-0.1442355972648829,-0.44787890866391084,0.009259722205949424,0.06172826451682196,1.3856871313153434,0.20374275065491673,0.0005270215226915083,0.1249486857339129,0.005835442437815091,0.001758479883185581,0.26270467959945043,-0.006691133703541398,0.0,0.0236401990173731,0.008850603978612304,0.024949436724928425,-0.0027949308926615143,0.019222755369992465,0.037605192654237826,0.0,0.0,0.09561902737565924,0.0,0.0,0.0,0.0,0.0,0.0
0.3902139443505937,1.2831863661468426,2.0691873992613594,0.1624395688459918,0.01780170042176892,0.16981367499038627,-1.0696146140963865,-0.4697380133275237,-0.19621846989253428,0.07111457644743238,0.0017623400370661271,0.0008574834359125909,0.22776352546193743,-0.006268365483117477,0.0,0.008633012261905073,-0.11432716212656338,0.059056117261889335,-0.0011567766927401408,0.012359898724927121,0.03940893817292633,0.0,0.0,0.19335675014459117,0.0,0.0,0.0,0.0,0.0,0.0
0.3902139443505937,0.2265894145218815,-1.9258235117372835,0.20985098318630305,-0.004692130311235575,0.034191300009830276,0.47030102673855456,0.18460472410899337,0.008115624029854312,0.1466769932197157,0.006514343077394977,0.0023855725644413538,0.2769307886092357,-0.007763186997742175,0.0,-0.003919793753689951,0.12329031117659454,-0.004075890642608314,-0.0015381328116408398,0.008720012231955763,0.04498321121866264,0.0,0.0,0.07396286607349548,0.0,0.0,0.0,0.0,0.0,0.0
0.3902139443505937,0.20472849292429154,-1.3244153896830608,0.12531324685094997,0.002964142445950497,-0.005844469369557943,-0.3853094301297346,-0.1781717345833409,-0.011515048064801098,-0.31838877747339434,0.005838100055445519,0.0019619213047924384,0.2653781041742008,-0.00792390001898581,0.0,-0.022385846590955095,0.030736511306849047,-0.2503811983462033,-0.005883840435119625,-0.03791625124382973,-0.19116947898310416,0.0,0.0,-0.14622716350814294,0.0,0.0,0.0,0.0,0.0,0.0
0.3902139443505937,0.5498399154869558,-2.2677546871403362,0.05924653560796574,0.0014149780013972954,-0.00018379016844003064,-0.7026439106986343,-0.22792787083473848,0.007051532729407869,-0.0009332568539672392,-0.0028646345291455048,0.00031203286464621054,0.2336102639184736,-0.01593125982629288,0.0,-0.015421858790983472,-0.03617864694062334,-0.3442565569793044,-0.0025104424951801563,-0.2519388966318076,0.12970734888133542,0.0,0.0,-0.04572960899243063,0.0,0.0,0.0,0.0,0.0,0.0
0.3902139443505937,-0.14657768509261618,2.5686944250084753,0.291286086302147,0.022016276711245765,-0.007356201444512122,-2.6860785580722912,-0.6664782404121494,-0.18941381628566406,0.08706295838058849,0.0004115463179079573,0.00023920910655793527,0.2126029912565292,-0.007392208678067699,0.0,0.015434633271267878,-0.2607847873557163,0.03610259084997202,-0.0008735800182873485,0.016710578318938078,0.10434590720683279,0.0,0.0,-0.061888224123835156,0.0,0.0,0.0,0.0,0.0,0.0
0.3902139443505937,0.29303302886952426,2.8447969695875743,0.9548026357336387,0.041694065585946634,-0.053764120633986084,-0.44873821697650984,-0.018734696955110788,-0.07051024449602879,-0.8646071418949184,0.000319214498578809,0.000552466619178453,-5.3588720926063536,-0.0057922931401837895,0.0,0.007213835655340581,-0.1520435386111126,0.02237425999320296,-0.004165147877905153,0.010014510617082887,0.009755201349969154,0.0,0.0,-0.09664741298776644,0.0,0.0,0.0,0.0,0.0,0.0
0.3902139443505937,-0.824730182572174,4.508047465832907,0.37095565849861833,0.019303941956173996,-0.006896721505836462,2.1015701850208055,0.5113722321040157,-0.03468427744645467,0.13135148884198325,0.0008063394559214163,0.0005905696397940335,0.25590825872397965,-0.004885581326298346,0.0,0.019372508496742855,0.011202642412077909,0.03833294448343268,-0.0015993321928276212,0.030019146315844483,0.0982508626834146,0.0,0.0,0.06195047752913487,0.0,0.0,0.0,0.0,0.0,0.0
0.3902139443505937,-0.33205274104276555,-0.9522142259973831,-0.11765043587076095,0.003215923744491497,-0.02325118374519018,-0.49730494043904194,-0.15788662751845678,0.04512676902552137,-0.005540093914380118,0.0006934207431763102,0.0005009537485523288,0.22615359195619864,-0.015344061306294997,0.0,0.016896382925776606,-0.18182274274347812,-0.10659063596055927,-0.0010667067073087697,-0.024004986079637226,0.2650784449389453,0.0,0.0,-0.8524931413313517,0.0,0.0,0.0,0.0,0.0,0.0
0.3902139443505937,-0.719413361349583,-0.9560476937154081,0.19356888869925065,-0.0014302948611095783,0.03190795772880469,-0.6590667800947271,-0.16718938639134906,0.06542814861158563,-0.35942084378637207,-0.0025291488452336393,-0.00031003277245416835,0.23891776710207513,-0.00698378913481865,0.0,0.03133744216131816,0.10635284666073695,0.5472128714174161,-0.004322362930980277,-0.006680791129432413,0.2014732959747127,0.0,0.0,-0.3644194106151616,0.0,0.0,0.0,0.0,0.0,0.0
0.3902139443505937,-0.3798245730348423,-1.4063092205740295,-0.1945653584461285,-0.00600818188754139,-0.04271294958328274,0.46438234310771537,0.11331003346226654,0.0075757917497285875,0.1511965002263562,0.0037359067659200147,0.0010986356854634047,0.25741534279958755,-0.00637799056563427,0.0,0.004636126965536274,0.1977768549878477,0.05247710712269353,-0.0013577352066696034,0.004260671676042486,0.11395504924260562,0.0,0.0,0.028234321597255425,0.0,0.0,0.0,0.0,0.0,0.0
0.3902139443505937,-0.35924498821041173,-1.4918213659148107,-0.396546308872368,-0.0029361616475732455,0.034454288002528165,0.9753314429405149,0.16672902300538936,-0.0012448451894439346,0.14975610244324158,0.0036593854482203703,0.0011316266156695916,0.25390941383675386,-0.015925207493730196,0.0,0.02112400498666147,-0.09257217736554192,0.07651454811948413,-0.0020245023255847,0.0205899467620488,0.09594729106540746,0.0,0.0,0.001339598492680516,0.0,0.0,0.0,0.0,0.0,0.0
0.3902139443505937,-0.48684510545748194,3.620367821039057,0.12099472578610374,0.02275082556081184,-0.03067435839000321,-0.2973242226696346,-0.6420894672146849,-0.11830464191165392,0.11069103413717811,9.219424682451545e-05,0.0003261948148730134,0.23594229335056996,-0.007285929329393022,0.0,0.01355156094221469,-0.10290846474553271,0.0596168846318074,-0.0008838742054852124,0.02494757736341954,0.16431908785339933,0.0,0.0,0.3134587654801774,0.0,0.0,0.0,0.0,0.0,0.0
0.3902139443505937,1.6592340035072077,1.2533874215602163,0.08650390514610323,0.006866537486086713,0.03570717351984803,-1.1693879565523697,-0.1862772080635512,0.4111496252256091,-0.32378918779190374,-0.15986975943918202,-0.07017526583003084,3.6424472312275387,-0.006021416081354826,0.0,0.2451568702612144,0.22437376925093308,0.040175825495639424,-0.006005169890921267,0.1059458116020274,0.38005188448691596,0.0,0.0,0.07890378972146997,0.0,0.0,0.0,0.0,0.0,0.0
0.3902139443505937,1.724627552966796,1.5014371755711173,0.021522434565751477,0.06467389061765158,0.040301480876591404,0.6499286605500704,0.2960576578489221,0.6479434786201127,-0.3823455484624511,0.001969390928674243,0.0013734473712606206,0.26352276018093573,-0.005425865697244686,0.0,0.03028810944403334,0.13977040325077725,-0.18420868127886267,0.3438703948957573,-0.027622796891735135,0.2623156045427088,0.0,0.0,0.41148188856337925,0.0,0.0,0.0,0.0,0.0,0.0
0.3902139443505937,0.675440381322885,-1.35003702809299,0.6764617872709207,0.007741258437340965,0.0025174229663100195,-0.18368011144763968,-0.13705885067818666,-0.04487567892026498,-0.4612214532652764,0.006969740332279056,0.004687464427250029,0.283441992400615,-0.0069035541648937064,0.0,0.02778467511916386,0.11810216369259109,0.06646113564866299,-0.004436286937014356,0.004776111901401881,0.15794634825127343,0.0,0.0,0.24016834626308425,0.0,0.0,0.0,0.0,0.0,0.0
0.3902139443505937,-0.4140958678374601,-1.5529641042339037,-0.046554223404542225,-0.0037743492242419104,0.014152660967597173,0.5064686881932492,0.0968554552032843,0.008878477037825183,0.12237817130206995,0.0023739672672134205,0.000941466915727233,0.26785134834677155,-0.032172723876238686,0.0,0.00687279706088587,-0.24048738755921653,0.07856414715455122,-0.0011248608326939495,0.019623453276579238,0.15689792598332553,0.0,0.0,-0.03202972296830844,0.0,0.0,0.0,0.0,0.0,0.0
0.3902139443505937,-0.21832146368177924,-0.6234864297985706,0.034724048434192266,0.0029515787745423945,0.011019552139919996,-0.3561505566665034,-0.1761204884365897,-0.05127851204012488,0.004887968358483679,-0.002036599976435507,-0.0008840583331485285,0.23265264331896693,-0.020180699934600668,0.0,0.005966721187676728,0.010947505270238925,0.1114061091519266,-0.0011691140042776537,0.1681800444174849,0.23948337160849595,0.0,0.0,0.4315651481195376,0.0,0.0,0.0,0.0,0.0,0.0
0.3902139443505937,-0.3798245730348423,-1.4063092205740295,-0.1945653584461285,-0.00600818188754139,-0.04271294958328274,0.46438234310771537,0.11331003346226654,0.0075757917497285875,0.1511965002263562,0.0037359067659200147,0.0010986356854634047,0.25741534279958755,-0.00637799056563427,0.0,0.004636126965536274,0.1977768549878477,0.05247710712269353,-0.0013577352066696034,0.004260671676042486,0.11395504924260562,0.0,0.0,0.028234321597255425,0.0,0.0,0.0,0.0,0.0,0.0
0.3902139443505937,0.05611478407083466,3.24580468509204,0.1281555757767538,0.0031886662767315853,0.017064492596949664,1.7530946209411948,0.2543972264396895,-0.05581472105839519,0.10775087496978979,0.0012529272916756802,0.000996639911892052,0.25558427113043103,-0.00814191915300406,0.0,0.010792251657620308,-0.11387550995414497,0.0360863082763334,-0.001202735760280283,0.012305110644526673,0.10100344120376008,0.0,0.0,0.02345436216469177,0.0,0.0,0.0,0.0,0.0,0.0
0.3902139443505937,-0.3560345324668647,-1.6910976108538274,0.32220652918044834,0.1811532893316784,0.004864210596838922,-0.21636507876798564,0.13030632001450818,0.005202471688329344,0.15769753378734258,0.004099046517949243,0.0017163074305179844,0.25734169822316333,-0.006578288792770478,0.0,0.013605112754272699,0.07171207809271866,0.026111411819565673,-0.0013144754442359907,0.00903050524045024,0.15467816709794757,0.0,0.0,0.06408960298003209,0.0,0.0,0.0,0.0,0.0,0.0
0.3902139443505937,0.8809980377695666,4.070781867799082,0.4060269176080633,0.01485576821505126,0.1029491093287959,0.4957875167559081,0.47952306297325514,-0.09228591237820206,0.10777400680906009,0.0012810979045893372,0.0005001072361334827,0.259847129368901,-0.004041319742165537,0.0,0.014095349131627912,-0.0015043158562843431,-0.013937774635076498,-0.002248170928116956,0.020665156358667187,0.04189104321415337,0.0,0.0,-0.036725445638354795,0.0,0.0,0.0,0.0,0.0,0.0
0.3902139443505937,0.18927154132768192,3.3776232676216247,0.2806741060744592,0.04017099908914905,0.01839087386645104,-0.8311979184283108,-0.26337199198371414,1.606805976480607,-0.43984953811391414,0.0018655309318252274,0.0007282336854602838,0.2559452134017855,-0.007287159714367641,0.0,0.010013164684509867,0.7332806054059738,-0.0947594173881761,-0.003880730601388106,0.13210389708723982,0.47888533622843643,0.0,0.0,0.6237164367146789,0.0,0.0,0.0,0.0,0.0,0.0
0.3902139443505937,-1.2950000192653852,2.2232068092519794,0.30025250110604274,0.04629041768103361,0.009219623133694463,-0.7736318559730758,-0.6877960179108753,-0.18332432261048656,0.10234400765688283,5.511126682882563e-05,0.0005740557309206746,0.231820546515669,-0.007676534665214955,0.0,0.013137395396027847,-0.22888641074709826,0.056021296112597416,-0.0008838742054852124,0.026298009209579237,0.14967876225338794,0.0,0.0,0.273575850980979,0.0,0.0,0.0,0.0,0.0,0.0
0.3902139443505937,0.5207168738847584,-1.2805660946074777,0.4831470895522189,0.0030975148569014257,0.024649851488593937,-0.8521213330998474,-0.1503848912247033,-0.037073723863939353,0.1337893589230989,0.009826117945484993,0.004782670693461113,0.23921626220273706,-0.004715388939452769,0.0,0.02299551178850947,0.12129204336303666,0.008648574493085185,-0.002645464641766249,0.13214498728927596,0.15271491172217724,0.0,0.0,-0.17587620236847246,0.0,0.0,0.0,0.0,0.0,0.0
0.3902139443505937,1.4728781077958337,-2.17422384088348,0.2376834694868719,-0.03290906856027272,0.018095446891211786,-0.3136377638341311,0.20029037755753723,-0.0052313415007291504,0.09894122943926315,0.003182172531504144,0.002028165906812231,0.27227064141336516,-0.006006022976984596,0.0,0.0025519883732210637,-0.0207990441067335,0.0077784936140276135,-0.001467044819303322,0.00994488112453406,0.09650066918501256,0.0,0.0,0.027945109405851102,0.0,0.0,0.0,0.0,0.0,0.0
0.3902139443505937,-0.008667325324049315,-2.0517828361982864,0.21706929311449122,5.780048434229744e-05,-0.0249141623330941,0.3099754026912704,0.1557800813560533,0.0024527950162117336,0.16423554587138958,0.004236183286549598,0.0018931694632896045,0.2746523623006359,-0.006643352841512227,0.0,-0.00507809235830933,0.29862793404333876,-0.015537654649583444,-0.0015466588274068655,0.009305228881202556,0.057838129821154625,0.0,0.0,0.06550180574422428,0.0,0.0,0.0,0.0,0.0,0.0
0.3902139443505937,-0.6130919269742175,-1.1975915424474206,-0.24072355710371218,0.0028369810864736795,-0.05273911068251605,-0.33230758840976726,-0.17038506154687832,-0.022915129441427755,-0.020173109192760517,0.0016134793631778753,0.0003147314961385665,0.22058124280329364,-0.015430399040947552,0.0,0.01433086240852181,-0.06087829974290532,-1.0135194246540764,-0.0010408183037437545,-0.0021070621058547822,0.16684346225592742,0.0,0.0,-0.16657828036587866,0.0,0.0,0.0,0.0,0.0,0.0
0.3902139443505937,0.0820418846646553,3.3754763630642453,0.31764181301690536,0.02796863139381408,0.012993209810921466,-0.14806025371803463,-0.3205323551601141,1.0534647724574548,0.1979846949413864,-0.006572956602083795,-0.0021305803862460538,0.2462409825752041,-0.009903643917634136,0.0,0.0053980663704627,-0.34029693718097215,0.06703902238631476,-0.0009076318007647168,0.0860601803856645,-0.019216851488501142,0.0,0.0,0.6177896230533724,0.0,0.0,0.0,0.0,0.0,0.0
0.3902139443505937,-0.5049582139821789,-1.0422071645970674,0.4483636116707447,0.0005695892012391568,0.049921469714037235,1.3075330108398544,0.2163820578022436,0.003755826578102799,0.1757156129245916,0.0038368072122392377,0.001674836413376909,0.2669489747403428,-0.007826710375781492,0.0,0.027225525351135975,-0.006347701234402544,0.031778776741081864,-0.0020150308657753357,0.025923202631136042,0.16722282635671015,0.0,0.0,0.05239560573301193,0.0,0.0,0.0,0.0,0.0,0.0
0.3902139443505937,-0.48802167004071717,-0.7051527464752354,0.15555831152028907,0.002711760043298849,-0.0008029759125604812,-0.7168635192920237,-0.20623163780819534,0.051770546153056304,0.0859746796453668,-0.005270512288139057,-0.0013103409403561685,0.22211678373691635,-0.018608639175236107,0.0,0.01226448338567517,-0.04718043799111345,-0.37335987875279364,-0.001082176976233656,-0.04480117214893805,-0.9172499101859334,0.0,0.0,0.0008005477397399714,0.0,0.0,0.0,0.0,0.0,0.0
0.3902139443505937,2.5595828346889755,3.477100217388184,0.6924327749547495,0.02653614305533568,0.006066430358437384,-0.28373307058908126,-0.32473865428686816,1.2228622039276793,0.16617771567620618,-0.006950336029681589,-0.001684342127745664,0.2673247855593724,-0.0067172776220459085,0.0,0.00027279525254516934,-0.08345927783412105,-0.08577845996881066,-0.001117603081079469,-0.278793128938349,0.26373716230836397,0.0,0.0,0.17160071695371992,0.0,0.0,0.0,0.0,0.0,0.0
0.3902139443505937,-0.7701477785915652,-1.453026791921918,0.02323384908716412,0.005097733838412222,-0.002832245299303317,-0.400088764651414,-0.1420657347991711,0.05268463559266465,-0.0036131372686314515,-0.0022262944447215267,0.0009727731441470432,0.22490238593079087,-0.014851201737055371,0.0,0.007389484279113074,0.1825489654927137,-0.2967690884313359,-0.0012586641801003422,0.02114167220451296,-0.17192372294769562,0.0,0.0,-1.1012167028981503,0.0,0.0,0.0,0.0,0.0,0.0
0.3902139443505937,-0.5297973026552636,3.919216395123105,-0.17101732713753953,0.012586573726577423,-0.1542730134639937,2.34078538651328,0.34469110507366285,-0.03754354855613347,0.09876119849226953,0.0013922967251378704,0.0005668190171702909,0.23840038628463667,-0.007718808471979131,0.0,0.019682823018657994,-0.07969674640522116,0.03802594832454408,-0.0017802498797952976,0.029400804226768062,0.10681940903530164,0.0,0.0,0.06698095331290897,0.0,0.0,0.0,0.0,0.0,0.0
0.3902139443505937,0.31990547773571104,1.3031377495995802,-0.2400093944678251,-0.10115666603632023,-0.07760143839879338,-2.5487230475041103,-0.7190788349099703,-0.10337749037220736,0.10396770708142426,0.0001654892234824165,0.00011845030861747843,0.2075737167559888,-0.008613711397923482,0.0,0.013702245279511444,-0.3175805940996499,0.06410517902835286,-0.0008396953003287724,0.028375330543602743,0.1939522653514948,0.0,0.0,0.10989193176567302,0.0,0.0,0.0,0.0,0.0,0.0
0.3902139443505937,-0.2884923258635172,4.291030410814155,0.48684052587495985,0.00952747730425861,0.029806626330806784,1.5251020191107156,0.4272747314065278,-0.03504187210219597,0.10206705640317294,0.0008476625141969697,0.0006999833357076605,0.26742411746348393,-0.009202930576349806,0.0,0.013626547455865893,-0.0685482951704671,0.04548682701518984,-0.001038346366276586,0.022214270294494833,0.10878073634922887,0.0,0.0,0.05243018127823597,0.0,0.0,0.0,0.0,0.0,0.0
0.3902139443505937,0.7344129785862786,-1.6681827895271688,0.03406455541572414,0.0006913831885194054,0.015968433665469475,0.46906397072434314,0.18064340638650983,0.0037862595982181913,0.11531992865238586,0.006271273638523946,0.0022186423560637547,0.2609427651911065,-0.006248374750256874,0.0,0.006276905075475497,0.04865305483324288,0.003691309519345416,-0.0015418443099179332,0.01569273164230128,0.0768495612744016,0.0,0.0,0.11149778156109762,0.0,0.0,0.0,0.0,0.0,0.0
0.3902139443505937,-0.7129151552408973,-1.2038795176933677,-0.4550516393306505,-0.015104895200975969,-0.10057590448043909,-0.22642552448673564,0.12038975163140049,-0.014214421271028767,0.09040552141054194,0.0035584479192765114,0.0016858650109905008,0.23177174323301253,-0.009608161020254056,0.0,0.012510329809656044,-0.02847962066213659,0.025265679303760974,-0.0013983222094299634,0.024156588881596906,0.1348171428744323,0.0,0.0,0.004483414346011866,0.0,0.0,0.0,0.0,0.0,0.0
0.3902139443505937,-1.1855636153469629,-0.4616951193962315,-1.2581992646417848,-0.26808187414505047,-0.10182694355064172,-2.695633374517095,-0.9376699382628844,-0.15954630824396349,0.08684980001187216,0.0002382882610912623,8.454301965926787e-05,0.19928145467884123,-0.00927200346729605,0.0,0.012685168383846259,-0.3366517926999912,0.04141098914924408,-0.0008397676024822828,0.024452345262680825,0.13021995674464773,0.0,0.0,0.07180775688249758,0.0,0.0,0.0,0.0,0.0,0.0
0.3902139443505937,0.17289061874788925,-1.416628974805161,-0.35746951816702555,0.006628238449936522,0.05824055987126422,-0.3161359732584444,-0.12679113200744996,0.164014717274441,0.05471468046038587,-0.0048801491487305915,-0.0006866287518205797,0.22591684937209014,-0.012608261650436686,0.0,0.020993685708140922,-0.033927747361586165,-0.37930292853092434,-0.002804855683840537,-0.20877547946792663,0.22384013220506144,0.0,0.0,-0.4207194869809412,0.0,0.0,0.0,0.0,0.0,0.0
0.3902139443505937,-0.5857403381604509,-1.469572532233964,-0.5267349223455781,-0.016162875745462633,0.004687554194427904,-0.5634447176102753,0.09810812688702239,0.0012530763146583112,0.11767486749919041,0.004631401976295902,0.0018056527016985424,0.23063795823892874,-0.009880289063215057,0.0,0.014718347771063655,0.05997057682580334,0.033955378074488514,-0.001405506433574094,0.01780554571009252,0.1019618317672184,0.0,0.0,0.03995295114236475,0.0,0.0,0.0,0.0,0.0,0.0
0.3902139443505937,0.03358703847323537,3.3088951868827103,0.4639943800312073,0.00014752278394834412,0.01937564258403809,2.168709390273641,0.4166646515258775,-0.05720026261458665,0.1294168657212086,0.0007767030986013827,0.0009872070565532494,0.2594306469188742,-0.005136263086118408,0.0,0.020136325385949328,-0.12005520913019906,0.03731137688155404,-0.0015993321928276212,0.023881047131591775,0.10250542414454426,0.0,0.0,0.03877754756999966,0.0,0.0,0.0,0.0,0.0,0.0
0.3902139443505937,-0.9100290998560783,-1.0179850352163324,-0.38071916271489303,0.003383448222079316,-0.08193675041886415,-0.13048772214270535,-0.18858425906533158,0.14323045151769326,-0.4099504726091572,0.004627525489526146,0.00310080557077824,0.22418333585374514,-0.016094846720590257,0.0,0.015126525028062268,-0.29462273591665944,-0.10196937310726704,-0.004149832746390427,-0.1059184854582858,-1.027960414464218,0.0,0.0,0.29219533711032947,0.0,0.0,0.0,0.0,0.0,0.0
0.3902139443505937,0.15749538531320012,-1.3555508884587388,-0.37139434627427514,0.005913587549423333,-0.09797601991987855,-0.3619141072906061,-0.08620846354764984,0.08451885769159236,0.059627758100289543,0.007481400189365698,0.0020108974336286636,0.23320652994461036,-0.01116776138722262,0.0,0.029571696714826623,0.09229167056354452,-0.1090472238988304,-0.003163933062441532,-0.031112325696686465,0.2884373289115644,0.0,0.0,0.1492526997985937,0.0,0.0,0.0,0.0,0.0,0.0
0.3902139443505937,-0.5694976358705887,-0.25661044444258657,0.3117600588396769,-0.0011904756562534276,0.07699370366752582,1.2927694747683176,0.2415733432429429,-0.017974155573162322,0.17470888354545366,0.0019717415870589418,0.001096353261851447,0.2746474053712738,-0.007494352227406229,0.0,0.02157205461114478,0.00967128272611429,0.02578776773365542,-0.002188368902692308,0.03428581339434407,0.1607483430439424,0.0,0.0,0.08173316406473903,0.0,0.0,0.0,0.0,0.0,0.0
0.3902139443505937,0.7465612964560984,-1.9969738672683783,-0.6747207442948732,-0.008317926514998094,-0.026818313726530953,0.04253866747923433,0.11682835122117802,0.003249246319449977,0.09731772737091099,0.007004768399284613,0.002252869389536715,0.24758133956829412,-0.005982463105496958,0.0,0.009668617410938597,0.04205116168980816,0.020246794352653044,-0.0014038911206415586,0.017491421918684694,0.012541955682361347,0.0,0.0,0.056163880632093814,0.0,0.0,0.0,0.0,0.0,0.0
0.3902139443505937,0.2800477270178545,-1.9353959877892877,-0.36449646121014134,0.0024578158926223653,-0.012844319265588303,-0.5293817112987359,-0.2228925192649203,-0.04841871690561931,0.0284723940243145,-0.3266469938267555,-0.1486778322495847,0.20765461964756465,-0.014776678818258487,0.0,-0.012880907540415626,-0.07302942308402594,-0.6261492110991387,-0.0021608158461739317,-0.04773959255804063,-0.950939849537462,0.0,0.0,-0.39052824642666656,0.0,0.0,0.0,0.0,0.0,0.0
0.3902139443505937,-0.19337970593140247,-1.4059816450176545,0.13175216034843537,0.003906807309292688,-0.001408937856365511,-0.4654369775121876,-0.18938256783160284,-0.049889524562910674,-0.048844954171305785,0.0027711079005583983,0.000953225719847224,0.22347208175602104,-0.016880307044202583,0.0,0.009773105194033363,-0.09591310476675458,-0.18907477092850325,-0.0011197339019713276,0.01769695493723431,0.2072745517738602,0.0,0.0,-0.3350961112202882,0.0,0.0,0.0,0.0,0.0,0.0
0.3902139443505937,-0.23722964912862485,-1.5189818209427037,-0.14554887723758725,-0.02981350906725481,0.03317472425814859,0.5250114297802729,0.21816553054631668,0.010367832172412645,0.14334981441946487,0.00447044965830088,0.0017382521491974329,0.2546806596887109,-0.00865225540462312,0.0,0.016295349750887537,-0.05448636455013484,0.034619629273379825,-0.001292686636489263,0.020593963810865132,0.16998289169485598,0.0,0.0,0.07947288858233406,0.0,0.0,0.0,0.0,0.0,0.0
0.3902139443505937,-0.7129151552408973,-1.2038795176933677,-0.4550516393306505,-0.015104895200975969,-0.10057590448043909,-0.22642552448673564,0.12038975163140049,-0.014214421271028767,0.09040552141054194,0.0035584479192765114,0.0016858650109905008,0.23177174323301253,-0.009608161020254056,0.0,0.012510329809656044,-0.02847962066213659,0.025265679303760974,-0.0013983222094299634,0.024156588881596906,0.1348171428744323,0.0,0.0,0.004483414346011866,0.0,0.0,0.0,0.0,0.0,0.0
0.3902139443505937,0.5081510440170053,-1.210728128884021,0.15620902754340582,-0.00027755432853398306,0.0036535492520576515,0.362703129526423,0.0972475866344568,-0.04584081461894897,-1.2597953523156005,0.004390823541748121,0.0014999508832413645,-5.61672278750384,-0.003614748915981664,0.0,-0.013947360620709007,0.04805989354196494,-0.03529490394078572,-0.017731264000756215,0.0073508750892088215,-0.023802961239090946,0.0,0.0,-0.12606141482654923,0.0,0.0,0.0,0.0,0.0,0.0
0.3902139443505937,-0.6561510453033783,-0.7460070237223756,-0.339184287249053,0.005514018329438568,-0.014468894408025375,-0.8682152297564566,-0.20639116630737786,0.16242044914420167,-0.3351533729263314,0.0034369415110677274,-0.00016078424619311507,0.2207655697680554,-0.0121937320852977,0.0,0.0006017625695648437,0.2966799628103069,-0.2370032234602453,-0.0046677434798101285,0.06543841113048604,-0.012936450623826664,0.0,0.0,0.12198108559782457,0.0,0.0,0.0,0.0,0.0,0.0
0.3902139443505937,-0.31587225492224963,-1.5651852237448651,0.13444229075577924,0.0020785463501827067,0.03728808174928137,0.819991936115955,0.20229252823213073,0.004818503077214103,0.1571071085501172,0.005020123780737958,0.0019186061169443093,0.26505757633351584,-0.009299013866643713,0.0,0.013496848271472078,-0.006380459988122488,0.03507615841247204,-0.001652498266645348,0.018856925646914827,0.16343471934587986,0.0,0.0,0.04667522024847793,0.0,0.0,0.0,0.0,0.0,0.0
0.3902139443505937,-1.4485558406179477,-1.4590349394862439,-0.005267978174304128,0.00243724390651401,-0.026097711250440542,-0.5937665338039617,-0.14245435965536649,-0.01575868751577049,-0.25532775172715005,0.002355768249714387,0.001798602911923071,0.22949121535187403,-0.016058416427377303,0.0,0.017067516332538567,-0.08104083671643984,-0.5214881054242474,-0.0038270794444053933,-0.08091793446492092,0.16924416577404405,0.0,0.0,-0.6858607565388448,0.0,0.0,0.0,0.0,0.0,0.0
0.3902139443505937,-0.3699035849198589,3.670045687997079,0.5347696782940651,0.034357619921633845,-0.013205919660627462,-1.0441219974498743,-0.5034264038643241,-0.1270328952209797,0.11117663466027404,8.061217724283427e-05,0.00031440912342887214,0.2380123190032968,-0.007171467772581964,0.0,0.013833772341298177,-0.2135508197977069,0.06605909546755755,-0.0008838742054852124,0.026599424806173125,0.1591521860414637,0.0,0.0,0.3173357245336171,0.0,0.0,0.0,0.0,0.0,0.0
0.3902139443505937,0.3287833029813602,-0.9647396187335392,-0.013110998168036386,0.0028744809738000367,-0.004126385466060463,-0.2403601148162585,-0.12950428927732036,-0.0020244988088382937,-0.426940040963253,0.006186368616034344,0.0015580443303176567,0.2574491056250951,-0.013338450501138108,0.0,0.012652833028197301,0.04385493840343629,-0.1777288610669059,-0.006102604315407928,0.0378689137716001,-0.06828625221627452,0.0,0.0,0.21910021984873956,0.0,0.0,0.0,0.0,0.0,0.0
0.3902139443505937,-0.4985694532438844,-1.212303778572198,0.1428874871983813,0.004908837461344464,0.002860622778117323,-0.894896680570393,-0.1734448879034568,0.3032266863667455,-0.43983367364533255,0.0028732114301064787,-0.0002060528969108947,0.2256382991314488,-0.010082304480700898,0.0,0.00980927005578233,0.2132825179669028,-0.43629771784577365,-0.004823236228100776,0.010978071574471936,-0.6542253316359069,0.0,0.0,-0.7084432708989323,0.0,0.0,0.0,0.0,0.0,0.0
0.3902139443505937,-0.10960672656627755,-1.2225274670826483,0.1419609422611722,0.00078372047700927,0.009401276087191067,-0.6876090588946201,-0.18621125134316668,-0.06472706397736108,-0.3536340773203735,0.007575127131755968,0.0021581337234513227,0.24189613473566174,-0.010609833852405664,0.0,0.0017060718777201609,0.05337469775113763,-0.17716633524347764,-0.004300740979553449,-0.0490500305560212,0.19466399566979534,0.0,0.0,-0.21642406966658256,0.0,0.0,0.0,0.0,0.0,0.0
0.3902139443505937,-0.5231250578469686,3.894864622235593,0.39586595707396693,0.06409389561510326,-0.03795779419605279,0.033628479583739046,-0.5702187002086413,-0.10776419865355943,0.11220231822498615,7.529830115168831e-05,0.00026417386782367396,0.2392121597038909,-0.007450920733402582,0.0,0.013021252098524382,-0.13945328451819053,0.05503647140484868,-0.0008838742054852124,0.02537275913093251,0.1595309037928987,0.0,0.0,0.3020300728499201,0.0,0.0,0.0,0.0,0.0,0.0
0.3902139443505937,0.17714403191631412,2.7966820988990375,0.8548284985097792,0.026028627567101063,-0.012045740592499618,-2.706960101412328,-0.6592282911050958,-0.1964831060169555,0.08526731175087522,0.0004098990532367756,0.00033682165632562536,0.21697606744039508,-0.00867970635104988,0.0,0.014688810227225185,-0.24809221705079434,0.03143078352388817,-0.0008643266631692982,0.01165133779579012,0.11732693924244486,0.0,0.0,-0.0355039826295307,0.0,0.0,0.0,0.0,0.0,0.0
0.3902139443505937,-0.4344168086424226,-1.3817791035496119,-0.1755438971061139,-0.0022082320462562107,-0.060438851278919486,0.5675213071639633,0.13605682465212646,0.011779857638898094,0.10057267987053581,0.003728676511070108,0.0010707381895572435,0.2557244880401037,-0.011915714898974682,0.0,0.011250957384312572,-0.06941861082546287,0.04989961564063466,-0.001150414965511703,0.017179666698368228,0.11382960205532122,0.0,0.0,0.04599131499936907,0.0,0.0,0.0,0.0,0.0,0.0
0.3902139443505937,-0.13221188753674204,-0.673245955812525,-0.10272193755912008,0.0020804414916810194,-0.03230020837578763,-0.6253142700857598,-0.1420519445209895,0.09133566982153651,-0.3007479124398771,0.005050173495732001,0.000800260590027971,0.24347861543258126,-0.006416315167230881,0.0,0.012019393614768038,0.10402561121011104,-0.13714554347452595,-0.004561524873422444,0.04305185667574097,0.2936439048303283,0.0,0.0,-0.30097356932233094,0.0,0.0,0.0,0.0,0.0,0.0
0.3902139443505937,-0.17448179044045792,-1.1540592238532734,0.14739189365583996,0.003064976609567616,0.008770107561955702,-0.6818926759567292,-0.18721994867952277,-0.17445544207848576,-0.3315133995501282,0.006736566494777419,0.0011277169025595162,0.24351024999594492,-0.009124895560032216,0.0,0.008469927839601366,0.009315450389004356,-0.046037395831534586,-0.0046085676819247814,-0.0034837821476887422,0.1194020920048659,0.0,0.0,-0.26725236805918806,0.0,0.0,0.0,0.0,0.0,0.0
0.3902139443505937,-0.32824488737901236,-1.7825629453519256,0.12917755323997485,-0.007887856211030816,-0.021191723186093626,-0.08092438284770301,0.09375158920423646,0.013161933539626696,0.11532669735677928,0.004369844932206242,0.0020282699027903183,0.2540808335602517,-0.011542114730542214,0.0,0.011328463014086262,0.02550229027973378,0.02754657685293176,-0.0011003292058201896,0.007459515650656733,0.15065391230639671,0.0,0.0,0.03417003136178924,0.0,0.0,0.0,0.0,0.0,0.0
0.3902139443505937,0.6989705238731714,-1.6502221991071537,0.33392212407955313,0.004532012454048445,0.013312562588405087,-0.6916625283555848,-0.21243473431294643,-0.03837931028695305,0.09418889606416256,0.0013982723009224284,0.000621315350078668,0.2442428594462367,-0.010857801207201374,0.0,0.4125392377625972,0.110685109862148,-0.4291872103549285,-0.002787074742239786,-0.11032936003982602,0.11149696459778465,0.0,0.0,-0.37274286025402786,0.0,0.0,0.0,0.0,0.0,0.0
0.3902139443505937,-0.38017128576829046,-2.675174611295082,0.03281542594259173,0.00363967521508506,0.013784165936013044,-0.5750139227987973,-0.22655277882737843,-0.29179077539398485,0.01600245647105484,-0.004008626648122713,-0.0015850576533789184,0.22127077664431935,-0.019203602772168215,0.0,-0.014190075041191266,-0.09838378164576653,0.042158537628763024,-0.001155302590943673,0.06983383134682206,-0.10951333022413907,0.0,0.0,0.054975107976751314,0.0,0.0,0.0,0.0,0.0,0.0
0.3902139443505937,-0.4414491475451387,4.423659202126665,0.14440003364073833,0.006731532374896985,0.04930527492812562,1.1664797056172833,0.5283709123104701,-0.038268712686964454,0.12752730968569007,0.0011299212597514657,0.0004857078694179772,0.2566788085468305,-0.005972034002651216,0.0,0.018762667519658043,-0.001001562856333321,0.04364790050166914,-0.002099079507182031,0.028404369497603086,0.11728268837757015,0.0,0.0,0.06016327429664885,0.0,0.0,0.0,0.0,0.0,0.0
0.3902139443505937,-0.09321096550916919,-1.0861054379425903,0.06797137275463903,-0.003224193554687884,-0.005326542744725694,0.4707091041855969,-0.029638411170140135,0.01430278354140336,-0.39821159656347216,-0.005876560815467813,-0.002078632591560422,3.609604468462509,-0.013819523630966623,0.0,0.2300181610324204,0.16488020946214513,-0.18179655243059598,-0.004064526207245564,0.10752494320766012,0.01150241702141636,0.0,0.0,1.19614340173,0.0,0.0,0.0,0.0,0.0,0.0
0.3902139443505937,-0.2599294081221809,-1.7799110890737098,0.16254204215883905,0.001909015733594559,0.029038065977475422,0.7542742126998029,0.2006783835678558,0.014552827220555117,0.151983917429062,0.005044049540544824,0.0019762559898831226,0.2634682711767565,-0.01084415320322533,0.0,0.010501894522277715,-0.03046308316947647,0.03091368319592229,-0.001290892444625403,0.008977108842388684,0.15877604475018323,0.0,0.0,0.03925681790390478,0.0,0.0,0.0,0.0,0.0,0.0
0.3902139443505937,-0.9555464015506903,-0.016276001766925726,-0.7801709964780233,-0.16461830275101874,-0.037247343037586415,-1.8752778551883138,-0.44206878519299814,0.299750331322716,-0.4851775371018093,-0.0021830499094031095,-0.0011605329082971488,0.20685319834068872,-0.008463407126507758,0.0,0.00613722539680196,0.3916765094091136,0.09013164240036282,-0.004076811602359575,0.0452669546063094,-0.5213424964644118,0.0,0.0,-0.517100784895404,0.0,0.0,0.0,0.0,0.0,0.0
0.3902139443505937,-0.32824488737901236,-1.7825629453519256,0.12917755323997485,-0.007887856211030816,-0.021191723186093626,-0.08092438284770301,0.09375158920423646,0.013161933539626696,0.11532669735677928,0.004369844932206242,0.0020282699027903183,0.2540808335602517,-0.011542114730542214,0.0,0.011328463014086262,0.02550229027973378,0.02754657685293176,-0.0011003292058201896,0.007459515650656733,0.15065391230639671,0.0,0.0,0.03417003136178924,0.0,0.0,0.0,0.0,0.0,0.0
0.3902139443505937,-0.25928202864331273,-1.646753479930252,0.11877252412053446,0.0004749937371292548,0.045445694929995,0.6618312772265992,0.17800043808679447,0.0015776045864488533,0.20953318927661646,0.00504667785302092,0.0019057396912783384,0.26387033935862914,-0.007599172854565261,0.0,0.008832315624952085,-0.04988324837958587,0.043939046903344985,-0.002104820604133075,0.008645143154285042,0.15482757727886778,0.0,0.0,0.04452724195286255,0.0,0.0,0.0,0.0,0.0,0.0
0.3902139443505937,-0.404068891512282,-1.6915753358408734,-0.11392457697843228,-0.004745116176137034,0.025604742202939165,0.2694339571360765,0.11129420979255168,0.0025736113089477913,0.19114710176690813,0.004950503891698624,0.0019244048313441136,0.26093851339603313,-0.008574550895713033,0.0,0.004573989127812714,0.13156200353967626,0.03841931491061136,-0.0013760410150938734,0.008065980783343453,0.15295156561995932,0.0,0.0,0.04228606224611723,0.0,0.0,0.0,0.0,0.0,0.0
0.3902139443505937,0.25284433049542093,3.1148921969978733,0.415264788095029,0.046386426535385376,-0.001328228314795588,-1.1377042133357482,-0.2569624499452172,1.4792817877183753,-0.3845524056730458,-0.004563785212236336,-0.0007590274564114133,0.24393267000994612,-0.00795922135940436,0.0,0.01687784089369286,0.7048055187155745,-0.08179665128749668,-0.0037197218113765996,-0.03477454122786769,0.23513598574946798,0.0,0.0,-0.49595968609564745,0.0,0.0,0.0,0.0,0.0,0.0
0.3902139443505937,0.3771804609535636,-1.8049187201204648,0.22516872548552685,-0.013571700069441821,0.01228193841097012,-0.4103218075839599,0.168147886650757,0.00396621439802724,0.1132121408226061,0.005812264703440242,0.0023792928410704545,0.25966036285221805,-0.005888006040142571,0.0,0.0009432118992469425,-0.10341949300741028,-0.003670486044222204,-0.001548389337703023,0.009882750628289314,0.05116603787922314,0.0,0.0,0.08252650900129643,0.0,0.0,0.0,0.0,0.0,0.0
0.3902139443505937,-0.02915306238616329,2.5159740724648287,-0.3769096652182339,0.03055558757244239,0.28812859826787035,-0.9735846589092149,-0.5563751882551277,-0.15439116382220658,0.0741969347425234,0.0010292285246390768,0.0001924019626733295,0.22567913448490728,-0.008771512287462448,0.0,0.012969979000660346,-0.08769446378144476,0.046627152905258956,-0.0008973624932492876,0.023225848430412834,0.15679138216781507,0.0,0.0,0.2534511015819395,0.0,0.0,0.0,0.0,0.0,0.0
0.3902139443505937,-0.39921889498969165,-1.18057477966195,0.40470874600623075,0.005517620163720504,0.0017960705646695,-0.7296847174314575,-0.17572570558008832,-0.09245968079864521,-0.365616198576767,0.000281664555736721,-0.0025439220359072885,0.24873421494005657,-0.009942261335805594,0.0,-0.4335160895558942,0.2700207177722291,-0.46430549300035145,-0.004094282173526924,0.2684825589046605,-0.3261932757450431,0.0,0.0,-0.13969389198162066,0.0,0.0,0.0,0.0,0.0,0.0
0.3902139443505937,-0.6859426372405063,-0.9454807644944143,-0.49803535715198105,0.0070983741049606575,-0.044217349062757004,-0.34186194899881145,-0.16948263444374304,0.1611677938436308,0.0249477258984827,-0.0036386171713277144,0.0003930482723343655,0.21356963210147825,-0.018800117792293285,0.0,0.010823392209268376,-0.05559977243541832,-0.24087610590538683,-0.0012387264684794762,0.019256960280537402,-0.012756354365223327,0.0,0.0,-0.062464926862010425,0.0,0.0,0.0,0.0,0.0,0.0
0.3902139443505937,2.696213295972325,-0.4473121411938075,0.014289698483233668,-0.061996686393926234,0.040308426201860315,0.8965672068518249,0.21640832081276223,-0.00916322352409634,0.1517998680586001,0.005565768522964902,0.0020897602955190693,0.3102079304475397,-0.005337002355250904,0.0,0.004304348153671157,0.08978421154218516,0.006708752894597505,-0.0015841491534141047,0.012684501663588872,0.06685349043738066,0.0,0.0,0.04811365448659673,0.0,0.0,0.0,0.0,0.0,0.0
0.3902139443505937,0.7470784470775842,-1.2270188389869312,0.4204195612678908,0.010258643796148093,0.0033734863026893963,-0.24339964859892238,-0.17824823127380274,-0.009420802242030462,0.11684789647815348,0.005680298392514017,0.0024760567939535114,0.2612435820311901,-0.008300541211546296,0.0,0.0044643975609886515,-0.015517907362171334,0.037734691718954265,-0.0015077993528038638,0.014957820395466831,0.0632950650979414,0.0,0.0,0.2961276840925717,0.0,0.0,0.0,0.0,0.0,0.0
0.3902139443505937,-0.7424693450403708,-1.2452624010719489,-0.3890699679857965,0.0028361174482538277,0.03444372399559116,0.9117886477496143,0.15337251855715367,0.005288479508068852,0.11568370661550663,0.005121114903851066,0.0018700399013809102,0.24964719967631402,-0.011597449922554053,0.0,0.016678725881327724,-0.04071214624673744,0.035368670282358405,-0.0018618397307360159,0.023833002222285782,0.10998262643684592,0.0,0.0,0.06010518029403284,0.0,0.0,0.0,0.0,0.0,0.0
0.3902139443505937,-0.3560345324668647,-1.6910976108538274,0.32220652918044834,0.1811532893316784,0.004864210596838922,-0.21636507876798564,0.13030632001450818,0.005202471688329344,0.15769753378734258,0.004099046517949243,0.0017163074305179844,0.25734169822316333,-0.006578288792770478,0.0,0.013605112754272699,0.07171207809271866,0.026111411819565673,-0.0013144754442359907,0.00903050524045024,0.15467816709794757,0.0,0.0,0.06408960298003209,0.0,0.0,0.0,0.0,0.0,0.0
0.3902139443505937,-0.10341876603984201,5.293760950163243,0.1990633577888827,0.019094184970948003,0.05330246486921123,1.2357133014130361,0.535378921117675,-0.038620140605829925,0.12299981544171415,0.0011288898622983073,0.0004792995721980762,0.25454392075699833,-0.005740508379012878,0.0,0.018587965628858113,0.030570345046086637,0.040567224331752694,-0.002099079507182031,0.0282646604643992,0.11065321097899912,0.0,0.0,0.045933867197336865,0.0,0.0,0.0,0.0,0.0,0.0
0.3902139443505937,0.9458617029606351,-0.7834386141647467,-0.15974323133393006,0.0011289485558680602,-0.014607629090558592,-0.5176769296513966,-0.11484321296713419,-0.044614033921346365,-0.525847695723857,0.0058346262634895495,0.0024464412302922555,-5.418672350967036,-0.004392219399137577,0.0,0.019987511532134364,0.14063431913852742,0.09123031605199275,-0.005223368862543547,0.14524402913966278,0.23923910620461028,0.0,0.0,0.03185846304044587,0.0,0.0,0.0,0.0,0.0,0.0
0.3902139443505937,-0.44460841554527875,4.619139418859344,0.4679409547729476,0.01428595659485606,0.012622129738688488,1.962866887137748,0.43970540867647706,-0.02992397206722051,0.13640321679757206,0.0008044695722790807,0.0006221488366318866,0.26011727686178987,-0.004779637139307461,0.0,0.02094288421226963,0.05221604849074915,0.03933305100043455,-0.0015993321928276212,0.02890234700852034,0.11078653857705573,0.0,0.0,0.08172880215051513,0.0,0.0,0.0,0.0,0.0,0.0
0.3902139443505937,-0.6350017850155552,-1.2993550623865908,-0.7308358971206231,0.007553383062329326,-0.0024664281736017034,-0.4304118596662824,-0.1840775852812765,0.05802062713151168,-0.011123646275016935,0.002720348986562678,0.0022942887815612357,0.20743094511165225,-0.017858669191803875,0.0,0.015141087384115686,-0.14476683790660202,-0.8760556338447012,-0.001154368758368427,0.07084442710283358,-0.21919311225618032,0.0,0.0,0.3024985938073064,0.0,0.0,0.0,0.0,0.0,0.0
0.3902139443505937,-0.15473611524734437,-0.333448668522326,0.5988411333193928,-0.004738210917995751,0.027066802148409504,1.1939767893951774,0.17809237970611896,0.028678800901156952,0.15765817043591776,0.0022642236940070477,0.0010467156714343074,0.287579228776023,-0.017644452063326113,0.0,0.014560883839142223,-0.044603036341921025,0.06388739567691339,-0.0011284499266538254,0.02523016415122411,0.14676704372733265,0.0,0.0,0.10607312746319765,0.0,0.0,0.0,0.0,0.0,0.0
0.3902139443505937,1.7700849787206308,3.3045422415322605,-0.12042213612909117,0.008415084182635993,-0.14524890635522472,2.5617560929226,0.2836564345339188,-0.06588649187724509,0.1001507019619235,0.0016121653930714311,0.0009522654430240741,0.2500586182401638,-0.005300396206678495,0.0,0.01685201401102604,-0.09909736043352649,0.010777614489437754,-0.0019916579618512943,0.016068146038156404,0.033482516167601666,0.0,0.0,0.02209440599344476,0.0,0.0,0.0,0.0,0.0,0.0
0.3902139443505937,-0.8257871012057453,-0.16959899021204364,-0.7220834558329212,-0.13943711029545175,-0.038604457051106544,-1.801246215169544,-0.46507428330649914,0.19361205687537342,-0.462331840288454,-0.002270571211214053,-0.0002270020748473927,0.2172481098488653,-0.007875718274902563,0.0,0.014431471545844368,0.39592265663445736,0.6348290493307921,-0.003976330382561027,0.016838541598017988,-0.25745099316813846,0.0,0.0,-0.3415384207245155,0.0,0.0,0.0,0.0,0.0,0.0
0.3902139443505937,-0.7129151552408973,-1.2038795176933677,-0.4550516393306505,-0.015104895200975969,-0.10057590448043909,-0.22642552448673564,0.12038975163140049,-0.014214421271028767,0.09040552141054194,0.0035584479192765114,0.0016858650109905008,0.23177174323301253,-0.009608161020254056,0.0,0.012510329809656044,-0.02847962066213659,0.025265679303760974,-0.0013983222094299634,0.024156588881596906,0.1348171428744323,0.0,0.0,0.004483414346011866,0.0,0.0,0.0,0.0,0.0,0.0
0.3902139443505937,0.13497936249868353,3.7827505794821685,0.37592215146528246,0.024612816625998516,0.005464250221135679,0.017838485572318867,-0.23465036420166585,1.0888137469218833,0.10738491064975053,-0.0035217690126540906,-0.001040734730348517,0.24561008375848672,-0.012107849753560445,0.0,0.003190083662994951,-0.18347268811377682,-0.07930198041550712,-0.000920749938923651,-0.3210856597862133,0.14840056029793955,0.0,0.0,-0.1241897635885313,0.0,0.0,0.0,0.0,0.0,0.0
0.3902139443505937,0.49543399730907045,-1.4066620339600213,0.1365849177186244,0.009893231656267204,0.004143738991620784,-0.5460139501279725,-0.20774553088527717,0.012330305985421284,0.005677399198658647,0.004735423246583405,0.0018710632109247478,0.23474820653017184,-0.010354374934909765,0.0,0.00240822209010847,-0.12994156759743572,-0.2619152274886696,-0.0025524763223619728,0.07361933905052977,-0.25975396279901947,0.0,0.0,-0.2069091769412425,0.0,0.0,0.0,0.0,0.0,0.0
0.3902139443505937,1.2063296521820426,-2.3823893704430033,-0.2203006053723665,0.0021772130242666125,0.05343655459120626,0.7932359518336372,0.15044703408959142,-0.003393734534911064,0.11001683466553396,0.005555032286570775,0.0019219890442995346,0.2714775759384253,-0.009260903338053808,0.0,0.006029096381388684,-0.10697723803946542,0.009165389048609146,-0.0013661415292688858,0.015720506305752825,0.04844195352928974,0.0,0.0,0.030304853840673548,0.0,0.0,0.0,0.0,0.0,0.0
0.3902139443505937,-0.5929541772481095,-1.2324887181690667,0.30265068333354617,-0.007926885252055356,-0.017915842752012988,-0.06270351840500234,0.14722343215012906,0.0033801896894740777,0.1253921994179694,0.0033178716929840304,0.001634844635395617,0.25430622485920035,-0.00754814708362739,0.0,0.021376944295400435,0.1360918652395,0.02638089508848035,-0.0011502715778365345,0.020954176585599678,0.15411220785006266,0.0,0.0,0.04185962502811289,0.0,0.0,0.0,0.0,0.0,0.0
0.3902139443505937,-0.6748978514716273,-1.3273436864757666,-0.36378530526666153,0.006251336843133804,-0.03139672097010009,-0.41123282192618626,-0.17889481567494686,0.0936211813068895,0.018427771269902513,-0.002184462590202906,-0.0011060047454602815,0.21438867415949064,-0.016309905964557614,0.0,0.0038971555923918,0.5614295050462931,-0.054361878723879355,-0.0013286617327101836,-0.3511347613792907,-0.11785991942795948,0.0,0.0,0.1340775968145699,0.0,0.0,0.0,0.0,0.0,0.0
0.3902139443505937,-0.11686565259966435,0.9723925907903074,-0.25274353192812626,0.01718820178785433,0.0058970157291774765,-4.100942116033404,-0.7860559890251914,-0.294190506758138,0.05725162190824419,0.0007030559411845257,0.0005853813275639576,0.20662122172229655,-0.006356088175212237,0.0,0.006790782426135991,-0.19059364235314022,-0.08152441039449407,-0.0010249235009960347,0.013253026104888717,-0.0078422198273635,0.0,0.0,-0.16095670637561424,0.0,0.0,0.0,0.0,0.0,0.0
0.3902139443505937,-0.4110803850164624,2.11806764823417,0.0712758486287263,0.03942860216769171,-0.05533725789689211,-1.85372699641384,-0.6050281629893453,-0.16788808100106709,0.09638566625282699,0.0005646134142721643,0.00020525671484143633,0.22378832473049237,-0.00906893689894318,0.0,0.01181785588897289,-0.1977149761391199,0.05218649270231671,-0.000864710956641241,0.021290168385600692,0.1376262996524736,0.0,0.0,0.1567005067414551,0.0,0.0,0.0,0.0,0.0,0.0
0.3902139443505937,-0.13325292897304977,-1.8684439174987495,0.06705829888958902,-0.00021712138921996753,-0.12374595956446209,-0.2392920082208794,-0.1184639439861108,0.08150817501345255,-0.3852342469022228,0.0034566295039649723,0.0007473173949043845,0.25621575872191077,-0.01961587878389712,0.0,0.006882272248727902,0.12663533236918634,-0.1991836270779688,-0.004404690166338514,-0.022364030682285985,0.3625007255758175,0.0,0.0,-0.2987000544740392,0.0,0.0,0.0,0.0,0.0,0.0
0.3902139443505937,-0.2518761748518463,-0.9165719161110384,-0.10510014519592506,0.003691018103479206,-0.023180004902285,-0.3331248707974128,-0.15360159342194937,-0.0015624511273472175,0.042085637770006734,0.003194948473291015,0.001217647995743679,-5.130187961321135,-0.015333309133012937,0.0,0.008725057353716977,-0.13125127994164623,0.19250974038524057,-0.001053557032570178,-0.08591324908281302,-0.28491130887607363,0.0,0.0,0.21182530844220582,0.0,0.0,0.0,0.0,0.0,0.0
0.3902139443505937,-0.2599294081221809,-1.7799110890737098,0.16254204215883905,0.001909015733594559,0.029038065977475422,0.7542742126998029,0.2006783835678558,0.014552827220555117,0.151983917429062,0.005044049540544824,0.0019762559898831226,0.2634682711767565,-0.01084415320322533,0.0,0.010501894522277715,-0.03046308316947647,0.03091368319592229,-0.001290892444625403,0.008977108842388684,0.15877604475018323,0.0,0.0,0.03925681790390478,0.0,0.0,0.0,0.0,0.0,0.0
0.3902139443505937,-0.6731182998304357,-0.8082539336359534,-0.3704091616398793,0.00276401906786663,-0.0513465051699081,-0.45062586598644094,-0.16530320230906723,0.178152825202992,-0.380558723888512,0.005878424463050121,0.002459034563917981,0.22968525336319479,-0.014029507084602866,0.0,-6.376021164049278e-05,0.23999642200818871,-0.24141612362073078,-0.004472290088418045,-0.1756216990181639,0.319632825848835,0.0,0.0,-0.1625620776554481,0.0,0.0,0.0,0.0,0.0,0.0
0.3902139443505937,-1.3105893343625334,1.196817836361482,-0.17671309818393133,0.025872833127599797,-0.032143347289686486,-2.148193200881002,-0.717689669579984,-0.20935088821826983,0.08539789257228941,0.0005739159713612145,0.00035402001360583074,0.2073934336344595,-0.009313970080801282,0.0,0.012265036384536729,-0.30309959007550985,0.05392685539014322,-0.0009040567733012662,0.022062355984451283,0.05369067758448159,0.0,0.0,0.05453675460607836,0.0,0.0,0.0,0.0,0.0,0.0
0.3902139443505937,-0.8073956031007483,-1.0424991811898079,-0.45758007333749157,-0.003906821517922888,-0.10876322331468329,0.5403009750969568,0.14529456552319647,-0.010432489600430299,0.07174254987192423,0.0038072102467872826,0.0017329363234359666,0.24383998069881868,-0.012782597360921088,0.0,0.012029322120871358,-0.08587905023147113,0.025937731149733533,-0.0011881264666336337,0.029569952360899186,0.14325499298807198,0.0,0.0,0.03354233658314184,0.0,0.0,0.0,0.0,0.0,0.0
0.3902139443505937,-0.06919271510670393,-1.9916623580432284,-0.39007015682366064,0.004973105021704826,-0.008925136669486664,0.5586850595216389,0.1023173989284453,-0.009237853932720965,0.10728876329200417,0.006847546054495634,0.0022545284873421857,0.25699665218277384,-0.010330731677546758,0.0,0.0072593807155026885,0.07612743904897565,0.023796257770111816,-0.0014399934278361973,0.017236975592778266,0.03497566674834867,0.0,0.0,0.06293978927472767,0.0,0.0,0.0,0.0,0.0,0.0
0.3902139443505937,-0.35415426079069223,-1.4785329820193962,0.0992116908971214,-0.0028563782143781673,0.03161707249171249,0.8618305455034043,0.1949508857148405,0.008303441234572962,0.1389525864933484,0.0023915017799888043,0.000976808708997907,0.2706369022405508,-0.017233808642535226,0.0,0.010470403065835262,-0.04800140701332105,0.08077611776749033,-0.0013154240714991626,0.02129275094084327,0.1592771786874341,0.0,0.0,-0.030888012130072966,0.0,0.0,0.0,0.0,0.0,0.0
0.3902139443505937,-0.25153750482079146,-1.2587008836004594,0.28810506994409574,0.0067607954571246775,-0.00911848467132342,-0.3930017346327372,-0.1660070779691791,0.04511318253847524,-0.033639083558047504,9.787405418639884e-06,0.0005807307934799394,0.2449063913209961,-0.015936564111941907,0.0,0.019897540890813997,-0.0376251600016626,-0.2752504611730779,-0.0011226027435163545,-0.040030820408442844,0.0074799758244866125,0.0,0.0,0.950942275800736,0.0,0.0,0.0,0.0,0.0,0.0
0.3902139443505937,-0.68029307402158,-0.8359019394023383,-0.36036211566312065,0.003478970809269691,-0.05556316838199459,-0.39741573972280825,-0.16798569787445974,0.19511800429497925,-0.3718784397855434,0.0056144785037675156,0.0021119562655002584,0.23717772518785504,-0.012644192775722235,0.0,0.007881897767312634,0.26555908068076023,0.15208186881064,-0.004549513052171475,-0.057984581406061116,0.4615370126857331,0.0,0.0,0.0692627490915692,0.0,0.0,0.0,0.0,0.0,0.0
0.3902139443505937,-0.2562791592376566,-1.8096438525890495,0.24278783318612926,-0.013173186457554996,0.014508106753227328,-0.38553233129209,0.14303960106154315,0.01083088567071379,0.14961941588916905,0.004316817100883019,0.0020132199791675427,0.25482093154920343,-0.007772006733127367,0.0,0.008420268743291943,0.07210059368650114,0.035891212643118786,-0.001313506461460028,0.003159808028026463,0.15220809279209319,0.0,0.0,0.04569535011740806,0.0,0.0,0.0,0.0,0.0,0.0
0.3902139443505937,0.1114453434748219,3.4183613033730342,0.5035688988045334,0.001388071638127824,0.03186802285992187,2.1429221139288837,0.3338237172101945,-0.048688543936572896,0.13011095501927877,0.0006840150419547292,0.0008911397712183614,0.2559268389199776,-0.005052934982517398,0.0,0.020464613485087896,-0.018747154984598977,0.041164833185009374,-0.0015993321928276212,0.029737039694191406,0.10662755060985786,0.0,0.0,0.09142864378809308,0.0,0.0,0.0,0.0,0.0,0.0
0.3902139443505937,-0.6639592351256786,-0.5458432302444448,-0.12208457692488252,0.004959410532219165,-0.025596179031460047,-0.28153754767048955,-0.1630845522839547,0.1821452598280228,-0.0068630840116088885,-0.000840537184397708,-0.0009253436621058049,0.22668707834386712,-0.01567180822842026,0.0,0.0062770041669794234,-0.1092265267662075,0.10072601752706672,-0.0012082855164974862,0.09685407382815205,0.4472856084652267,0.0,0.0,0.6656139452286358,0.0,0.0,0.0,0.0,0.0,0.0
0.3902139443505937,2.3616546867179435,0.5737901917225632,0.4241449679754337,-0.017989534889449967,0.05844687994203516,0.3975103005493958,0.3378270883117098,-0.08076062746550146,0.10075349738946346,0.0023633871281387004,0.0012679708375297404,0.3024672233375635,-0.00517165357717517,0.0,0.007429698203252828,0.02726580814018781,-0.030844045927854013,-0.0015073303788662885,0.012778538288182942,0.05550144104994496,0.0,0.0,-0.014807909925598006,0.0,0.0,0.0,0.0,0.0,0.0
0.3902139443505937,0.5100946655657833,-1.7302864431614617,-0.23642423503230506,-0.0023340590242963426,-0.08275590626791778,0.5862376126735234,0.07809337115285261,0.00258420860679514,0.10591633803128588,0.005148006507455241,0.0015272884176073661,0.2572901461130532,-0.005853710728674033,0.0,0.004615899242148551,0.05988238837915958,0.009708423513412232,-0.0015926067415294386,0.005396177624827251,-0.0076055891177620235,0.0,0.0,0.065616689558173,0.0,0.0,0.0,0.0,0.0,0.0
0.3902139443505937,1.0827072146601195,-2.1943507905253434,0.23442985825648868,0.002614264351928647,0.04057501623503358,0.7580333214023819,0.15647456502963444,0.0025417640842375702,0.10737089574688309,0.004359192378237912,0.00170908435234886,0.2881651953485506,0.7186445734580951,0.0,-9.902192385212726e-05,-0.11462728221880959,-0.02240194865972095,-0.0012566041231234812,0.016786371074004894,0.07222160779296079,0.0,0.0,-0.03490453025922805,0.0,0.0,0.0,0.0,0.0,0.0
0.3902139443505937,-0.5512008554306751,-1.2117559706483894,-0.24855188782207396,0.007344369468788973,0.03214331464871227,-0.35121028557590855,-0.19151565538672713,0.06484720154419182,-0.04942027020309253,0.0007648856417442421,3.1165863327982444e-05,0.2358239289254452,-0.016356472674010768,0.0,0.010729796956453083,-0.08862672959661892,1.0202527841111089,-0.0011276354413804434,-0.022135566508772356,0.42012787745517555,0.0,0.0,0.3993064045471156,0.0,0.0,0.0,0.0,0.0,0.0
0.3902139443505937,0.154810940964045,-1.090140461406573,-0.22870950976243518,0.005772668827383824,-0.0338629661037176,-0.2661544445365428,-0.08315942661578155,0.16893231136580106,-0.22880407270117292,0.009765180733899424,0.0024602917966984406,0.2515721666331468,-0.010395825981913959,0.0,0.03567945437222209,0.10755739761022377,-0.12561010791867794,-0.006038309042088591,-0.041645510966091474,0.41970614817730745,0.0,0.0,0.20142189966770177,0.0,0.0,0.0,0.0,0.0,0.0
0.3902139443505937,-0.5409997785503486,-1.3117237936147697,0.14838260552143206,-0.004977462518458846,0.035740901584942114,0.5033568746692354,0.08564734487960285,0.0006198061009854804,0.19134245646395528,0.0037093194200551647,0.0016401387616382342,0.26187260829238224,-0.007019033468925044,0.0,0.011552101569850036,0.05021733781746638,0.03286916637913941,-0.0013755579669312702,0.012940220692514366,0.15565438967942002,0.0,0.0,0.02445291186267785,0.0,0.0,0.0,0.0,0.0,0.0
0.3902139443505937,-0.6355355976831625,-1.0569203990224671,-0.3522448846955774,0.0059417579888980205,-0.09738741006328142,-0.43845662860196566,-0.15369642819669355,0.07452971523240967,0.08020664706531698,0.003151875898715853,0.0016604293569032166,0.21642715705274201,-0.0156338704202763,0.0,0.003817803397007052,0.21435669399897464,-0.0431771712236341,-0.001361264845923142,-0.05903095798135654,0.44562595176127767,0.0,0.0,-0.21885953110002848,0.0,0.0,0.0,0.0,0.0,0.0
0.3902139443505937,1.5453146235981827,0.8960047067815203,0.5083670449070381,0.005040730975209681,0.050870003465435076,1.9189435017081917,0.2736226196646624,-0.07477809131243827,0.12664809389386178,0.003759471391328849,0.0016291172842610921,0.29494493580581416,-0.006802090364206745,0.0,0.01087338993231819,0.0060290284895946865,-0.02740475857738115,-0.00238633664306068,0.019955013431387777,0.0496960784335869,0.0,0.0,0.00989338747519645,0.0,0.0,0.0,0.0,0.0,0.0
0.3902139443505937,0.2354846721418339,3.6238696684388954,0.39712013992244066,0.02303657963353984,0.008334571665706782,0.10319969085602619,-0.2578986446750594,1.1382918250519882,0.09757018990204447,-0.0015489826248641925,-0.0005301573704883519,0.24612836834811067,-0.011715838114776254,0.0,0.005241573610584985,-0.1603776601433386,0.03504763104818549,-0.0009360497777903652,0.08473223229610065,0.28418814547821836,0.0,0.0,0.37934455882551327,0.0,0.0,0.0,0.0,0.0,0.0
0.3902139443505937,-0.5857403381604509,-1.469572532233964,-0.5267349223455781,-0.016162875745462633,0.004687554194427904,-0.5634447176102753,0.09810812688702239,0.0012530763146583112,0.11767486749919041,0.004631401976295902,0.0018056527016985424,0.23063795823892874,-0.009880289063215057,0.0,0.014718347771063655,0.05997057682580334,0.033955378074488514,-0.001405506433574094,0.01780554571009252,0.1019618317672184,0.0,0.0,0.03995295114236475,0.0,0.0,0.0,0.0,0.0,0.0
0.3902139443505937,-0.2566603644171185,-0.9494003169342259,0.03381535291817702,-0.0029193190416151897,0.01844166524035263,0.577203033085744,0.10443780652417715,0.008711928434459271,0.130107082445686,0.0020418773477306955,0.0007552293895246074,0.2899846992639037,1.5354017567187235,0.0,0.006178621161408096,-0.10169310340275428,0.058475313277922256,-0.0011204224530256535,0.021797990091190114,0.14677597715811083,0.0,0.0,-0.07587775284273349,0.0,0.0,0.0,0.0,0.0,0.0
0.3902139443505937,-1.144696053628217,0.370071970104612,-0.9323291262919648,-0.027836143984680123,0.014669583704566655,-1.2441764312243215,0.10724211427570644,-0.2329629175052262,0.07828544179044826,0.00035290772561410674,0.000643667799686467,0.22315670417926464,-0.007938923659448828,0.0,0.012820907627221292,-0.11584316896803333,0.02205113517596444,-0.002067150044674416,0.023480694426549452,0.08730349351994118,0.0,0.0,0.009546958991191257,0.0,0.0,0.0,0.0,0.0,0.0
0.3902139443505937,0.8216132386378261,-1.1292441666152966,0.05304620675989675,0.008540744421663584,0.15378759578729265,0.9532730327493245,0.2652867039205306,0.00693228624089466,0.11922253155067167,0.0044638887561518304,0.0011265533463141392,0.273090435832893,-0.00565005386874435,0.0,0.00449911306124584,-0.11117798267734148,0.01329505000659469,-0.001409829165002557,0.024217625978456427,0.014374506390520757,0.0,0.0,0.10498086106894915,0.0,0.0,0.0,0.0,0.0,0.0
0.3902139443505937,0.940518680140531,-2.3556822814268927,0.16071158154045687,0.003962720769474177,0.030786985734345074,0.7345748261398632,0.1662650818649805,0.001666008408758504,0.11338109317925313,0.004941730771837708,0.002075242330579336,0.2728327264194274,-0.008451562246360213,0.0,0.0015328319719875457,-0.05175069558833105,-0.008755951794724133,-0.0014514892824521388,0.01648628002103092,0.07278367241503356,0.0,0.0,0.017719186432433618,0.0,0.0,0.0,0.0,0.0,0.0
0.3902139443505937,-0.404068891512282,-1.6915753358408734,-0.11392457697843228,-0.004745116176137034,0.025604742202939165,0.2694339571360765,0.11129420979255168,0.0025736113089477913,0.19114710176690813,0.004950503891698624,0.0019244048313441136,0.26093851339603313,-0.008574550895713033,0.0,0.004573989127812714,0.13156200353967626,0.03841931491061136,-0.0013760410150938734,0.008065980783343453,0.15295156561995932,0.0,0.0,0.04228606224611723,0.0,0.0,0.0,0.0,0.0,0.0
0.3902139443505937,0.4195210054285216,-1.406291717335493,-0.1708732914300853,0.0062374256588201,0.02058200212176438,-0.14944555401070264,-0.07721903445679881,0.3203518996646628,0.048280289570588275,0.12845532802964,0.060954990165518357,0.24168125941395047,-0.010732970090959396,0.0,0.0021322541734221058,0.05244663059733503,-0.15998316831017492,-0.002571298799511309,-0.22313553448959803,0.43032730110129136,0.0,0.0,0.6886685578840596,0.0,0.0,0.0,0.0,0.0,0.0
0.3902139443505937,-0.11778517762129329,-1.1906378633755212,0.4240797929511482,0.00631542370012399,0.007284392102116702,-0.43871090949869085,-0.16316603210786002,0.03645798622165263,-0.035354489440384905,-0.002132514146266471,-1.0059791548888324e-05,0.2379108456490914,-0.014866906752827426,0.0,0.006850024750006224,-0.1561007946886176,-0.036845275288395415,-0.0011230035441441041,-0.10972678465064718,-0.09413519341108824,0.0,0.0,0.09617869137452636,0.0,0.0,0.0,0.0,0.0,0.0
0.3902139443505937,-0.7391953968810586,-1.2888522008870649,-0.3647716180120241,-0.015754070831240353,-0.10025269219679177,-0.4330561513141805,0.12802202205534516,-0.04123158384775862,0.09822561964811512,0.0016992440097747708,0.0009149905684168661,0.23085067291211214,-0.009737599385838977,0.0,-0.1785061305180229,0.1629193658944277,0.010797050814939271,-0.0013854069508054232,0.019151096927821437,0.11955250728320989,0.0,0.0,-0.022893447977548137,0.0,0.0,0.0,0.0,0.0,0.0
0.3902139443505937,0.5592430554805458,-1.46913035552558,0.4683299608640336,0.004503982999219224,0.00619752979156667,-0.11173720865664875,-0.13444204108317365,-0.03485305845168741,-0.4100236744958164,0.005690715377933544,0.0023548762450477986,0.28215637245230873,-0.007690556614255221,0.0,0.011524918255181683,0.04873486603173345,-0.07673929584174712,-0.0051413266414367725,-0.015699537838854173,0.14516617056696127,0.0,0.0,0.4297649228250949,0.0,0.0,0.0,0.0,0.0,0.0
0.3902139443505937,2.938154952524071,3.7931283299774003,0.9134107849046583,0.023068520431334713,0.025314378952017217,-0.09771151314663096,-0.24325228010016448,0.8616154391828931,0.1510005035782342,0.04972732794466314,-0.05250478936590121,0.27271390921305777,-0.006597793594775756,0.0,-0.001302557797416955,-0.02321780805504234,0.7336014737298259,-0.0013012869876737698,0.023555913098753743,0.06909389816412839,0.0,0.0,0.43290984147904116,0.0,0.0,0.0,0.0,0.0,0.0
0.3902139443505937,-0.7193724126936054,-0.9617618418610772,-0.34914311973882306,0.002244129723265599,-0.08745340946833734,-0.6303319798603434,-0.18573660844561327,0.1789543274609686,-0.23070356003691134,0.007245752310660424,0.0010785866380167868,0.21976164689944208,-0.012043272338793324,0.0,0.00413679165534377,0.12495888106125093,0.11740092725104195,-0.004756679462925926,0.0439610342641715,0.28782235847781745,0.0,0.0,-0.7875525119624748,0.0,0.0,0.0,0.0,0.0,0.0
0.3902139443505937,-0.07067978407657288,-0.8500825418752214,0.374898651584512,-0.0034838732494091172,0.04379318852369749,1.2438238903905203,0.24076551864225182,0.025919562679060735,0.16757092067619742,0.0029039063465695404,0.0009324680210997242,0.27080384547858116,-0.014402577813361031,0.0,0.01125991522697626,-0.03900993737950379,0.06957038814669834,-0.0013483627579976517,0.015361620497361048,0.14334957672586876,0.0,0.0,0.09917177903150295,0.0,0.0,0.0,0.0,0.0,0.0
0.3902139443505937,2.8494310253048565,-0.3917761980857854,0.3883125133716448,0.005756769716077558,0.03870181961970927,-0.7283967183507564,-0.22688490659847585,0.3436881306060337,-0.002760076395465705,-0.005631730156351597,-0.0020123693233654004,0.27484257223525743,-0.008007022655068648,0.0,0.004579727070879655,0.037587141271480044,-0.14877862614993026,-0.0013438690766445522,0.06843423930236038,-0.02217805775006464,0.0,0.0,0.03575944559449583,0.0,0.0,0.0,0.0,0.0,0.0
0.3902139443505937,-0.4248192394970432,3.424809245158024,-0.10348093458175683,0.009849815367708126,0.03772656025755746,2.173503965208187,0.41166131775773124,-0.03801121814479114,0.10115121822702726,0.0014203537038763472,0.0008828548991597058,0.24176109954071198,-0.007671675570405848,0.0,0.01899847181426998,0.03302842771881695,0.03639646319833858,-0.0017802498797952976,0.028489344198112995,0.10971668369027865,0.0,0.0,0.08613055654965922,0.0,0.0,0.0,0.0,0.0,0.0
0.3902139443505937,-0.3605394792794212,-1.3963251545400917,0.30134095248150705,0.006439475517372171,-0.005368298447468685,-0.397637823699278,-0.14909381168222913,-0.043702379953183886,-0.4470717791375622,0.001178539120309135,0.00012800653642634134,0.2535866161847645,-0.01585585587657844,0.0,-0.001604738133025451,-0.0885981224692591,-0.38627479403126563,-0.003935973389500317,-0.08020892082683351,0.028384953487582222,0.0,0.0,-0.3499670157514988,0.0,0.0,0.0,0.0,0.0,0.0
0.3902139443505937,0.02401049619546279,0.16841891012056584,-0.14493259950229403,0.0007581294783415923,0.012182543876114392,-0.49446330852147763,-0.1502606305314658,-0.026712323887306825,-0.3194028478101963,-0.00206708233924302,-0.001316639715450619,0.2432987603576289,-0.01598367374511108,0.0,0.011003306407025699,0.36498261848329605,-0.07812470795675192,-0.004817673927341837,-0.02161746883564553,-0.4364875322467452,0.0,0.0,-0.1890979258635378,0.0,0.0,0.0,0.0,0.0,0.0
0.3902139443505937,-0.2746533246834169,-1.5352680432777055,0.19743037259122193,0.06372739226975604,0.02808549550897108,0.6036246595881597,0.13031893945849535,0.007827913663359179,0.2026225513336656,0.004499252724462696,0.001758090405867228,0.2703376736866494,-0.006525448505404828,0.0,0.007918205335853041,0.2712484762938845,0.03366192941718057,-0.0013144754442359907,0.00873585756254526,0.16391969083689223,0.0,0.0,0.06716526689594812,0.0,0.0,0.0,0.0,0.0,0.0
0.3902139443505937,-0.542978532951426,-0.8201752590902606,-0.31856364799909304,0.0028971915780321472,-0.05846868447386619,-0.49116490786911376,-0.13165631311397497,0.11586290044214617,-0.24395007854123765,0.005007920567031342,0.0014645230381925254,-4.958139108574568,-0.008781608717479572,0.0,-0.0002579573986639636,0.08222364535908307,-0.14230537194383736,-0.004703824658546558,-0.039046590416182136,0.13525965446879484,0.0,0.0,-0.3753808572248275,0.0,0.0,0.0,0.0,0.0,0.0
0.3902139443505937,-0.0687253590741842,-1.359122363751855,0.2868513769470036,0.005718117475986431,-0.0061165932186018285,-0.34778311369310483,-0.16697630865755814,-0.01872570110048656,-0.3680602011884573,0.001455154093782498,0.0005824045936730811,0.2624532405817843,-0.012104074932019522,0.0,0.010027833605501423,0.07378009359163153,-0.06590206382577418,-0.00391565851417663,0.09692339973066756,0.0577703370425437,0.0,0.0,0.0821026191391996,0.0,0.0,0.0,0.0,0.0,0.0
0.3902139443505937,-0.4415465289401632,-2.0216130886810357,-0.26538546937161794,0.006731276375006177,-0.021142950216847898,0.5840568945923955,0.11754243493752159,-0.013568820122607399,0.1807682082024452,0.004486330694980701,0.0016915583285791467,0.2683974184792424,0.12233604283935666,0.0,0.004484266881121263,-0.12218768612703121,-0.03460688716788641,-0.0016082078107279552,0.019912616832944735,0.04190610444725848,0.0,0.0,-0.06031467493754,0.0,0.0,0.0,0.0,0.0,0.0
0.3902139443505937,0.18799517449875816,-2.067808367475951,0.37810638323505863,-5.3547203207757364e-05,0.016537342202999225,0.7247502067704186,0.16781823837631601,-0.006235349920273607,0.12941638993401341,0.006197103028647878,0.0022604319506211953,0.2699798983010171,-0.005940317541551198,0.0,0.007058829374397687,0.1711595702870359,0.01421809740966383,-0.0018825587501473298,0.020973139428822438,0.06485575909626706,0.0,0.0,0.04113185368534478,0.0,0.0,0.0,0.0,0.0,0.0
0.3902139443505937,-0.34932032894377973,-1.4423335811175326,0.261089776078592,0.004698574689079108,-0.0033014732354321114,-0.3968563771520213,-0.1378573046452698,0.16427390331292938,-0.05028732721569241,-0.0022348794308927173,-0.0010194031107437817,0.22576375278097388,-0.013534036246466354,0.0,0.0024569183781809685,0.14733493255077965,0.03271629526822067,-0.0014080649822326157,0.14764136648507833,0.12002193706360414,0.0,0.0,0.03902002605609651,0.0,0.0,0.0,0.0,0.0,0.0
0.3902139443505937,0.9287047993644906,-0.636380481553815,-0.006506646128936719,-0.0038509223998163854,0.028120123144790718,0.8441952478587214,0.22390808901309964,0.009712298046443042,0.10234941561354516,0.0044683799594134955,0.0017602235606739812,0.28392808853400775,-0.011638781045944843,0.0,-0.0002888434069797986,0.03174847184874047,0.04053730571568112,-0.0015045954777989908,0.002451898079263723,0.10888494787974588,0.0,0.0,0.23574920250692052,0.0,0.0,0.0,0.0,0.0,0.0
0.3902139443505937,0.22473001026037756,2.932640916386383,0.18573247195222214,0.0034867811071726523,0.015103537749065806,1.9871973892662957,0.28384875679173344,-0.06866275782156415,0.10628493220430954,0.0005906988603564072,0.000996639911892052,0.2541253495393955,-0.008122934062287996,0.0,0.010763238491601577,-0.12965671940164575,0.03571541532555805,-0.001202735760280283,0.0123107323441299,0.10420409530138786,0.0,0.0,0.020877349600054263,0.0,0.0,0.0,0.0,0.0,0.0
0.3902139443505937,-0.11024984599367858,-1.321719697159916,-0.4561014960023497,0.010285828661455096,0.020600115087318797,-0.641158676994139,-0.20568310639830897,0.1202659605919515,-0.3689449394728158,0.003327777092262303,0.0010976321453331458,0.24053563234988068,-0.010295192985811254,0.0,0.024825258859698836,0.11084779456030401,-0.45400805340205486,-0.0062599313916299045,-0.08945141252239146,0.16245315856886108,0.0,0.0,-0.38615098534008413,0.0,0.0,0.0,0.0,0.0,0.0
0.3902139443505937,1.184413579825579,2.2909075375938057,0.7459760948957805,0.016529479588649334,0.0017676146471717969,-1.3458572363736485,-0.6531573759594729,-0.20915629792255916,0.07358820027472947,0.0006811293172179353,0.0004671946921602575,0.2383403064266933,-0.004162553356505274,0.0,0.00982329991571993,0.016763469216308672,0.01662948657970214,-0.0010139525881025938,0.021059475130196313,0.04924859290747215,0.0,0.0,0.07047479881097321,0.0,0.0,0.0,0.0,0.0,0.0
0.3902139443505937,-0.07451819904352676,4.266789178881368,-0.11957336932420323,0.013558712583216278,-0.19450723346923982,2.0062670944180425,0.24171710394710844,-0.0384364268145867,0.16044314675743312,0.0011854595167666954,0.0006464861125430385,0.24895141359667022,-0.006865391978037601,0.0,0.016047263298974587,0.2868405875625217,0.05367045143087416,-0.0020027257803223253,0.03522963565194751,0.12668557447965761,0.0,0.0,0.10946317506006434,0.0,0.0,0.0,0.0,0.0,0.0
0.3902139443505937,0.3898162922882456,-2.4869460854477405,0.10214118848274062,1.8340558666094408e-06,0.01603932645434681,0.420337149675354,0.09751761420252225,-0.005010256078314072,0.13133141368515852,0.0035192971672148225,0.0009756129687220825,0.26539155968911127,-0.01036453560924983,0.0,0.0016495107756373073,-0.1285252247751177,0.027147746844159836,-0.0017553267178146152,-0.007078347538010084,0.0398914705563123,0.0,0.0,0.11543318711419756,0.0,0.0,0.0,0.0,0.0,0.0
0.3902139443505937,-0.13221188753674204,-0.673245955812525,-0.10272193755912008,0.0020804414916810194,-0.03230020837578763,-0.6253142700857598,-0.1420519445209895,0.09133566982153651,-0.3007479124398771,0.005050173495732001,0.000800260590027971,0.24347861543258126,-0.006416315167230881,0.0,0.012019393614768038,0.10402561121011104,-0.13714554347452595,-0.004561524873422444,0.04305185667574097,0.2936439048303283,0.0,0.0,-0.30097356932233094,0.0,0.0,0.0,0.0,0.0,0.0
0.3902139443505937,-0.339462623428559,-1.081458307925842,0.13590606886549997,-0.002160418603242251,-0.013486613629034765,-0.7639261270075207,-0.17313414360507243,-0.016607031164622154,0.1715614717637813,0.0023427664030246584,0.0011305180965267528,0.24126268377679763,-0.008946742099178163,0.0,0.020056658272117653,-0.09834694253900267,0.08856248285593005,-0.0012523981413961004,0.025604703911617663,0.2034565200139884,0.0,0.0,0.12473417660355031,0.0,0.0,0.0,0.0,0.0,0.0
0.3902139443505937,-0.6247193529495487,-0.9753631886304845,-0.2542876695899807,0.005307053726133285,-0.020164861284674127,-0.4228044896494048,-0.1602045673802084,0.06171772482363889,-0.001418355966531768,-0.004827940495849966,-0.0027019085437542255,0.22023907112157046,-0.01572927548333475,0.0,0.003974740409614239,0.6279672987332201,-0.1673114584400014,-0.0014059542755207222,0.11379620126720068,0.17872148519826017,0.0,0.0,0.2841638283010225,0.0,0.0,0.0,0.0,0.0,0.0
0.3902139443505937,0.42701277259777143,-1.878175501223399,-0.005929401201563048,0.0029396586889796493,-0.015290385632311821,-0.34782264318224937,-0.17038985728653527,-0.010362363447857988,-0.21308567298001546,-0.5845023000776317,-0.20503078006140008,0.2501743395435534,-0.011872745704229231,0.0,-0.03885871202527648,-0.03400339771738594,-0.5352235356985433,-0.005118427237801064,-0.011572013381917644,-0.9857100618880862,0.0,0.0,0.12323111919381066,0.0,0.0,0.0,0.0,0.0,0.0
0.3902139443505937,-0.1840194187139731,-1.2897449708430155,-0.6028575804788361,0.006612146213984693,0.0030480534878507912,-0.6666026746769708,-0.21668366970244293,0.19663463884127347,-0.5352436265355703,0.005130602982880404,0.0019834894004345897,0.23830033809259915,-0.008362284873196582,0.0,0.016232705493628125,0.12778932302143242,-0.5112937372807858,-0.006229563644716556,0.03845097045216508,-0.3057886797322811,0.0,0.0,-0.2869857346840113,0.0,0.0,0.0,0.0,0.0,0.0
0.3902139443505937,-0.26300506303683185,-0.9756662744798548,0.009086039323973574,0.000993716251371181,0.047848480321282465,-0.5738823085968503,-0.16954292573772722,-0.008949687874641224,-0.3757555434291763,0.002914465265365803,-0.000730844232155446,0.237607870683489,-0.0057326907357666095,0.0,0.013863105750749607,0.24398308746089292,-0.027883334797311192,-0.00486987615823543,0.03561680798097628,-0.5184972566249112,0.0,0.0,0.08602991328109795,0.0,0.0,0.0,0.0,0.0,0.0
0.3902139443505937,-0.9431619963842607,-1.1841142444981656,-0.6350701923548063,-0.0013563551157911014,-0.2301958725083845,1.004405338983186,0.13619985509777063,-0.013867296993711163,0.0902049910899903,0.0035968900492526364,0.0017358727244888394,0.23597717645978278,-0.01142274589753377,0.0,0.02253359804012856,-0.0867771211974574,0.025990584648288843,-0.002381465079093209,0.03113303604207547,0.13325811435570392,0.0,0.0,0.028769919684033283,0.0,0.0,0.0,0.0,0.0,0.0
0.3902139443505937,-0.4565204312577671,-1.5166356809683486,0.2670964101312576,0.0061501966114974795,-0.0053823436008607695,-0.4316274958217919,-0.1635041833924022,0.14912231348696667,-0.051830960750454874,-0.00046753707436187025,0.0001416742735852115,0.21336065827264114,-0.016066294965840434,0.0,0.0031232725536117097,0.017782720354749173,-0.06258292186358524,-0.0012002229792820852,0.04272683563161375,-1.179591396679552,0.0,0.0,0.007073550085920253,0.0,0.0,0.0,0.0,0.0,0.0
0.3902139443505937,-1.1823167824146297,-0.18721803036109763,-0.7312304343406177,-0.16683937535563967,-0.05597170570769705,-1.8913648251306907,-0.46454136885906483,0.22576273252357526,-0.49262039225406257,-0.006267078135169093,-0.004448237774102007,0.20369914069695208,-0.008099979478169888,0.0,-0.287962422994055,0.3873322051883917,0.020748734294279873,-0.0039508292833516515,0.03550396722706112,-0.15290992200680717,0.0,0.0,-0.07925229479642007,0.0,0.0,0.0,0.0,0.0,0.0
0.3902139443505937,-0.19778592666028988,-1.0030958769306095,-0.09361402204193854,0.0013980023879432313,-0.0425596282190717,-1.0050346365291414,-0.16769608218428617,-0.07051237396879172,-0.34077187689216965,0.005284168459569546,0.0002835772585969741,0.22624548581356,-0.008086848090493664,0.0,0.016222721803842214,0.01846777317296551,-0.15859510279446562,-0.004699884750975652,-0.7618480059822319,0.1681387171276897,0.0,0.0,-0.5327426577385458,0.0,0.0,0.0,0.0,0.0,0.0
0.3902139443505937,-0.23636379756979634,-0.9627128213578912,-0.27344783794846,-1.3341255952313768e-05,0.014798614955307344,-0.6708219684122654,-0.1723655514030224,0.04296115419905615,-0.36921371011432114,0.003920099204802233,6.308470453497179e-05,0.23231463440504602,-0.008004958576570707,0.0,0.01216714858930048,0.190487464084442,-0.19828125357216267,-0.004510052221303062,0.030224547423843433,-0.4109503603570076,0.0,0.0,-0.657432150220974,0.0,0.0,0.0,0.0,0.0,0.0
0.3902139443505937,-1.4775919511600129,-0.08529213180860513,-0.056743402818287325,0.002799683505778146,-0.05118382325153667,-3.4288237923117157,-0.7517744952987023,-0.2421451676101654,0.07852647631672881,0.00023941334761993295,6.112847289640978e-05,0.19819239765103427,-0.009361437285089029,0.0,0.012010840815717965,-0.11400759791801021,0.03673744164776753,-0.0008643266631692982,0.02207717160985129,0.05949380194125479,0.0,0.0,-0.07703190223491191,0.0,0.0,0.0,0.0,0.0,0.0
0.3902139443505937,0.7840061626840449,-1.3956837283901806,0.04885411056088404,0.011632573221898734,-0.0032383603581981305,-0.3994055875827012,-0.1864321832145103,0.023208298374415025,-0.028913305119188302,0.004413360967756196,0.0014152885281875042,0.2390806331742672,-0.008298018319513404,0.0,0.0050880866474601865,-0.15116337193508333,0.03287350770672093,-0.0024118382557015783,0.022426310963029605,-0.33398693871398577,0.0,0.0,0.29999279496870146,0.0,0.0,0.0,0.0,0.0,0.0
0.3902139443505937,-0.38569071638417807,-1.9125766058786176,0.18438965266862425,-0.0017746168672067037,0.010202294981970506,-0.7430210764434425,-0.20257742543954943,-0.1377129811568394,-0.43489160618154576,0.0006365483859866235,-0.0013492295840014706,0.23568727327256878,-0.017096620539981507,0.0,-0.0018334125830763229,0.15323355624469437,-0.5858860679811682,-0.004375047876681655,-0.003327902499458231,-0.06419959346263317,0.0,0.0,-0.3922107460001966,0.0,0.0,0.0,0.0,0.0,0.0
0.3902139443505937,1.5940479940728558,3.177037877999549,0.10961554187190164,0.013042938420971532,0.023623546214691354,2.5616413714761195,0.6883683006894694,-0.058184327040996346,0.11286004584922531,0.001313002648249584,0.0007137169452960336,0.2665168381716736,-0.004929132520326942,0.0,0.0096639035252886,-0.04632962646349484,0.013377701272230584,-0.0017172451008079877,0.017120659713113513,0.04425843932197566,0.0,0.0,0.0072026175186336965,0.0,0.0,0.0,0.0,0.0,0.0
0.3902139443505937,-1.2485848417145045,-0.5909050270560512,0.2721339957460571,-0.0009934057252624748,0.004551594551342747,-0.5992426827749965,-0.14469714801798975,-0.009554330381232346,-0.40920765461381553,0.24380341029088595,0.060757363596222164,0.2623838912285804,-0.021768157107823493,0.0,0.0517151819154128,0.219797182211134,0.06603199811537598,-0.003845654841297386,0.11536892198602224,0.13571163196405503,0.0,0.0,-0.0602288912881711,0.0,0.0,0.0,0.0,0.0,0.0
0.3902139443505937,0.6188780943775782,2.6204230979673744,0.7478466824343827,-0.002072678142682462,0.15474883858700222,0.33446885382803654,0.40725325681203267,-0.11274670922138243,0.10699507399587706,0.0009221479469632099,0.0005001072361334827,0.25419572101791327,-0.0037266857151664994,0.0,0.014324024006959661,0.02918097073208664,-0.014686551211265133,-0.002248170928116956,0.02057179593126333,0.044083707469898495,0.0,0.0,-0.039390272154185314,0.0,0.0,0.0,0.0,0.0,0.0
0.3902139443505937,-0.1254100471424925,3.180510184270978,0.4048017625846009,-0.002184450001627082,0.023925056987724184,2.1484389058311337,0.29439231008604233,-0.05454014955035437,0.1292547040759948,0.0007882241238988209,0.0009872070565532494,0.2572933645005032,-0.0051421840916095925,0.0,0.020164811320021146,-0.1259804876981509,0.03738419881962119,-0.0015993321928276212,0.023881219652497204,0.1032632322204728,0.0,0.0,0.03893438875271164,0.0,0.0,0.0,0.0,0.0,0.0
0.3902139443505937,0.2277552787143489,-1.5337159965669929,0.5954521600767696,0.005641455646128702,0.00026941269175482087,-0.49819342714171255,-0.1990677914063141,0.012938913881212342,-0.041359059872365586,0.00570935629783746,0.004770513599308414,0.2505683263033226,-0.011043657727603925,0.0,0.009507794841349221,0.007969911143123305,0.4626925880156967,-0.001779851596420083,0.5778359790597221,0.19447701259345068,0.0,0.0,0.210046890639904,0.0,0.0,0.0,0.0,0.0,0.0
0.3902139443505937,-0.29097606487061545,-1.8806137574244173,0.10967882304474641,-0.004486368304596252,0.007169386619916325,-0.29864425582313503,-0.22786551620016351,0.03245826035133697,0.04702289747957162,-0.002599571592720459,3.1542440780033367e-06,0.26109650039742516,-0.02010406327145391,0.0,0.0019456923482462781,0.03796867861353966,0.0768457447265958,-0.004268564711092311,0.012429195808123928,-0.04930225186625098,0.0,0.0,-0.9880461311967911,0.0,0.0,0.0,0.0,0.0,0.0
0.3902139443505937,0.11487095949268324,-1.8292421541337545,-0.05364806401202223,0.005283143453628911,-0.024748881580647787,0.14115620066612403,0.1146269282137701,0.0077148845315907185,0.1159392003253748,0.005783052947684041,0.0020084210657430003,0.2583054870398432,-0.007126185772720721,0.0,0.0038387068007306817,-0.15390848406644916,-0.004858182450718023,-0.001365119690796962,0.025014922953852638,0.05211695410594153,0.0,0.0,0.06349239897767812,0.0,0.0,0.0,0.0,0.0,0.0
0.3902139443505937,-0.8778551375858624,-1.1897412003377685,-0.5081953334367478,0.0006982663181390869,-0.18044891076687283,0.6218013644362123,0.12040473272965659,-0.013055506973198079,0.1311950500141783,0.003760346546403274,0.0017019091365756583,0.24574961184630817,-0.011573082730604927,0.0,0.006591766666992414,0.11942164570347558,0.027167408171304225,-0.0013983222094299634,0.026680359311924508,0.1378774657379177,0.0,0.0,0.004588195112818374,0.0,0.0,0.0,0.0,0.0,0.0
0.3902139443505937,-0.12333973676536163,-0.9518563478645805,-0.10190584807063544,5.36961320073747e-05,-0.005422848743906049,0.3552662639644864,0.08994191277536967,-0.029296896997740334,-1.115406572006162,0.003127455298067416,0.0011049211568480196,-5.387952037712134,-0.011097911201798366,0.0,0.0020216465427086625,0.03279298000704147,0.07487998437867892,-0.01785795188675419,0.033553853120109674,0.021756953422345484,0.0,0.0,-0.1592862066678,0.0,0.0,0.0,0.0,0.0,0.0
0.3902139443505937,0.4703904822457442,-1.6048249727045958,0.2836505000729618,0.10292807955599893,-0.042673012681271556,0.3573068079618016,0.1434616641938794,0.0030019057996963218,0.10489097753863756,0.005545269665436903,0.002399192808396623,0.26124934454401183,-0.004531698935260979,0.0,0.007799644748530454,0.0299760771729077,-0.007573555510387649,-0.0013590667333910516,0.014182993384330567,0.07190211003805208,0.0,0.0,0.10181632932589045,0.0,0.0,0.0,0.0,0.0,0.0
0.3902139443505937,0.34774768377961934,-1.134715228416563,0.27679921024622295,0.010878686166967648,0.03005921701402949,-0.4814280925940474,-0.15893367394131713,0.08355858446765782,-0.005755805827865715,0.0020895711082399853,0.0027842996298524524,0.24146821542726293,-0.009720617887706635,0.0,0.014197548112789395,-0.033280612151705684,0.3237221120159087,-0.0018975408941000822,-0.015653190602272563,-0.08515414855527141,0.0,0.0,-0.4248524036871318,0.0,0.0,0.0,0.0,0.0,0.0
0.3902139443505937,0.16071804958572672,-1.311917990557776,0.5375300622980803,0.0029090588773030826,0.0881556119046065,1.2678013935564518,0.20890571242481024,-0.01131407286975032,0.1340999863478839,0.004977354954650591,0.002082070304784302,0.27164601302172176,-0.004163636646128676,0.0,0.023904797015045394,0.14627513539514844,0.019624563805566642,-0.0022552417117056153,0.022483219072888968,0.0792537582351322,0.0,0.0,0.035035210032866394,0.0,0.0,0.0,0.0,0.0,0.0
0.3902139443505937,-0.19478635093193428,-0.7966429616084022,-0.12067834257617932,0.0007087034755674599,-0.012896277100136974,-0.14684399472746523,-0.12782303636589126,0.05840472938157195,-0.3457756525607284,0.001639243827501549,0.0016922128086776307,-5.322193477281885,-0.008934451437364795,0.0,0.006495709524598718,-0.0716413275055566,-0.14738412368427423,-0.004428319672002677,-0.04186959589831588,0.07482793355765184,0.0,0.0,-0.2419946247991375,0.0,0.0,0.0,0.0,0.0,0.0
0.3902139443505937,-0.12962614280434248,-1.2216832293208688,0.43373233954672974,0.004142894818149279,0.008639545860564377,-0.5354080026824654,-0.16791156971609136,-0.07448752250287503,-0.43442614631717597,0.006181777702993401,0.0021923117481345076,0.2663560165571026,-0.010263853280854792,0.0,0.02160524862604527,0.20176026902233835,-0.21431914247913658,-0.004194233143980771,0.5132457015452712,0.4164223172312618,0.0,0.0,0.2976506743803621,0.0,0.0,0.0,0.0,0.0,0.0
0.3902139443505937,0.25687557644519327,-1.8835627015930065,0.0853395852310369,0.0014682575546735297,0.028237548245106117,0.6233433264104619,0.18338660248779604,-0.00786453981622109,0.16188888178631555,0.005133783405453594,0.002286248309829829,0.26532012163134505,-0.0035389294470639506,0.0,0.0005821961199790023,-0.10799359325584619,-0.005516375585732435,-0.0017800806582304349,0.012881690645226691,0.07499721927537856,0.0,0.0,0.07616063934036456,0.0,0.0,0.0,0.0,0.0,0.0
0.3902139443505937,-0.6990885044581548,-1.0346285832433144,-0.4905728021686313,0.005845794230177441,-9.56387144114117e-05,-0.3464983802450172,-0.19702932640899548,0.0843704903524056,-0.3150043958289251,0.0030713415119736523,0.0014001072396604846,0.2138759854435398,-0.01501236403180423,0.0,0.006839414549918496,0.034967561028643006,0.028116084839527048,-0.004356380575159031,0.04728459789902855,-1.5396760066822188,0.0,0.0,-0.016452489060367437,0.0,0.0,0.0,0.0,0.0,0.0
0.3902139443505937,-0.5081455451780709,-1.5894703106565233,-0.20788876367373607,-0.010225459956736242,0.01604906996749458,-0.23898816718480062,-0.013953378009364257,0.012971611812890834,0.191080881226676,0.002741418431471314,0.0009673723332343798,0.2648762735928569,-0.015205576963035275,0.0,0.00518190960757258,0.10034430347482207,0.08629967840471302,-0.0013223410769007391,0.0050426833218626885,0.1630855376028606,0.0,0.0,0.1898318525111042,0.0,0.0,0.0,0.0,0.0,0.0
0.3902139443505937,-0.25905737062917206,-1.6231271976019852,-0.25232805577430606,-0.015782816213815838,0.0005305772660857367,-0.4755624746575631,0.09470863526637281,-0.005815442557327528,0.12761818742768194,0.0032343984171651894,0.0010537533401594567,0.2403093878990035,-0.015109128148160891,0.0,0.009476236940397129,0.032631495693371565,0.07339513846059512,-0.0013644242978044074,0.01473373506059441,0.08696911722348663,0.0,0.0,0.0040440384897606355,0.0,0.0,0.0,0.0,0.0,0.0
0.3902139443505937,-0.27957932357684806,3.297597396618448,0.33971694335962593,0.06227184582122218,-0.011378024168534936,-0.6828171664516917,-0.11224613424666119,1.5918614454571198,-0.4450458933650547,-0.0027359638291209677,-0.001490629801301041,0.24904838811003077,-0.006799132385086668,0.0,0.017643605109047698,0.5876675730189582,-0.14122005200057772,-0.003998737174479149,-0.009159096190851574,0.1783993388658838,0.0,0.0,0.6547384705641381,0.0,0.0,0.0,0.0,0.0,0.0
0.3902139443505937,1.3123858908141641,4.038446806021705,0.7084578680963879,0.00646295489164648,0.05078677933881091,2.318000087882771,0.4044741053811514,-0.048088748956101865,0.1220603275171272,0.0011407042693289916,0.0006893846960197452,0.26950279862153587,-0.002661718998258505,0.0,0.014317950100869928,0.05348164906344623,0.019806007130104386,-0.0017360873572727763,0.020493795055011917,0.05597503120541152,0.0,0.0,0.015587422327720386,0.0,0.0,0.0,0.0,0.0,0.0
0.3902139443505937,-0.5941383537238193,-0.7362741773505789,-0.37830544305932146,0.00810864760623265,-0.04750913534308072,-0.7898643729102536,-0.19577799621783812,0.23051720623504895,-0.22309761425237915,0.00119812502139947,-9.496610562928998e-05,0.22240640447454318,-0.010547598269001405,0.0,0.004434931658859579,0.1925668954504137,-0.07866703373926087,-0.004892908786323789,0.11244316211506947,0.16348527790457001,0.0,0.0,-0.07228230917639876,0.0,0.0,0.0,0.0,0.0,0.0
0.3902139443505937,-0.3798245730348423,-1.4063092205740295,-0.1945653584461285,-0.00600818188754139,-0.04271294958328274,0.46438234310771537,0.11331003346226654,0.0075757917497285875,0.1511965002263562,0.0037359067659200147,0.0010986356854634047,0.25741534279958755,-0.00637799056563427,0.0,0.004636126965536274,0.1977768549878477,0.05247710712269353,-0.0013577352066696034,0.004260671676042486,0.11395504924260562,0.0,0.0,0.028234321597255425,0.0,0.0,0.0,0.0,0.0,0.0
0.3902139443505937,0.6500022172432568,-2.528814637784537,-0.34942876865942535,0.0020407031206214304,0.033750990080063645,0.9608542820047,0.12933576075049816,-0.00018745356427393115,0.1341595538129572,0.004977176753022718,0.002013393663945376,0.26665226547581206,-0.005775798818575491,0.0,0.009115720488411272,-0.10032631239291437,-0.0005038598896666783,-0.0018373883646528313,0.018700243381035413,0.09007097876836799,0.0,0.0,0.00728353866587507,0.0,0.0,0.0,0.0,0.0,0.0
0.3902139443505937,-0.7304883110281607,-1.1209718388829466,-0.4730813212587938,0.003829148102298604,-0.07129168008108512,-0.7449217277244735,-0.18641716549689014,0.0642865968114401,-0.1257924760096637,-0.0022852566535827945,-0.0010460475966528003,0.20009974882213005,-0.012404269552056823,0.0,-0.0016256601266886508,0.1338152038844836,-0.1816250393010618,-0.0015825958704181865,-0.3694797241733182,-0.4038044211028207,0.0,0.0,-0.1624668262917857,0.0,0.0,0.0,0.0,0.0,0.0
0.3902139443505937,-0.6421576814027603,-0.6505102883702792,-0.2611686850450926,0.006538776034630573,-0.030395848273757412,-0.7886355695756372,-0.1995265510694549,0.22815519570915962,-0.23218266357053585,-0.0016239572700141847,-0.0008094439217621915,0.21973271353258356,-0.012085984483666535,0.0,0.0005789060157231172,0.16892444969146111,-0.2719493366195624,-0.00477262571739254,0.04607452044496714,-0.008497402024876824,0.0,0.0,-0.21058770423742879,0.0,0.0,0.0,0.0,0.0,0.0
0.3902139443505937,0.3459976394214653,3.3673905655312737,0.2905929896783388,-0.0018291011171242305,0.006754089802292347,1.661571716816586,0.44548827684205416,-0.06574565510997363,0.1343155272326552,0.001052743286612201,0.0011489372061977683,0.2662819071778314,-0.008586537785558067,0.0,0.004418021639257961,0.472016763391434,0.046784619584339694,-0.0012242733858770605,0.009271213577019894,0.10565100717615052,0.0,0.0,0.04528633023118048,0.0,0.0,0.0,0.0,0.0,0.0
0.3902139443505937,-0.0342902849160562,-1.1603265468676178,0.13481085621947775,0.004140745058550497,0.001402132885863871,-0.9619087366203565,-0.17973243576665543,-0.13239728259126454,-0.4064896694271276,0.005290867630263933,0.0018974084307033143,0.2508497503094819,-0.009096957366327148,0.0,0.01749068356448592,0.15991552052033534,-0.01301128474453088,-0.004204521455635487,0.1786930574059113,0.34580291425529236,0.0,0.0,-0.3655188246565738,0.0,0.0,0.0,0.0,0.0,0.0
0.3902139443505937,-0.05994171257845612,3.156596878247476,0.11795676346296165,0.04648510358659393,0.39694091610009874,-0.5633447114933149,-0.5545405473774514,-0.1301896597717667,0.07176296936109336,0.001021343712447933,0.00018801627006889476,0.22508745086042586,-0.009002254893386316,0.0,0.0126139148296842,-0.17370426845214368,0.04702474768450535,-0.0008973624932492876,0.023331513366818834,0.1722910820455421,0.0,0.0,0.2690322296835846,0.0,0.0,0.0,0.0,0.0,0.0
0.3902139443505937,0.6451948129016316,2.8722469828905925,-0.12259139516599374,0.03272421240567657,0.26312588759307526,-0.5191843097881422,-0.4600437446866683,-0.17021351352966052,0.07470087476352433,0.001780850992933138,0.0005815810630202813,0.2324129288963185,-0.006240186602150116,0.0,0.008613353016637116,-0.06387117335265143,0.0588414223388479,-0.0011567766927401408,0.011874251890046475,0.0633247615217924,0.0,0.0,0.21182327669685885,0.0,0.0,0.0,0.0,0.0,0.0
0.3902139443505937,0.42068196064406155,-1.6608224182499376,-0.07835268685129304,0.0033535269096616094,0.0007262345873207607,-0.87080403669089,-0.14457457033896323,0.06530810510818096,-0.3517248051523223,0.007721303747313519,0.0037939007665814322,0.2541730327633084,-0.007444222439265624,0.0,0.01665667207488688,0.07377373920764715,-0.13494336827323897,-0.005358969573438958,-0.04248804842976146,-0.039462262853802506,0.0,0.0,-0.316596833003948,0.0,0.0,0.0,0.0,0.0,0.0
0.3902139443505937,-0.6157116948738874,-1.5606038081583713,-0.3829078536631132,0.005215314027764431,-0.019837834622357213,-0.480209519891663,-0.17985713777999746,-0.015424799623635134,-0.030531093308187634,0.005077533901755279,0.0006537397924378425,0.20443737743899987,-0.018059841067182638,0.0,0.014493089453025422,-0.22450149075163175,-0.6502836028032029,-0.0011884740973912406,-0.08491651760015081,-0.7341423724369781,0.0,0.0,0.21805464539761774,0.0,0.0,0.0,0.0,0.0,0.0
0.3902139443505937,-0.5380877614863507,-1.39238494398162,-0.5156548437913332,0.006878504978755915,-0.028577233745244155,-0.4767377651475648,-0.1790333132437884,0.18202198021468993,0.049520863764320446,0.011035078448410703,-0.03141946999588482,0.21342707279154047,-0.019215894438664043,0.0,-0.01223783927753694,0.451203768450137,-0.22327480043467593,-0.0013902948807457136,0.05378134268891668,0.1470121869916752,0.0,0.0,-0.6800368766527056,0.0,0.0,0.0,0.0,0.0,0.0
0.3902139443505937,1.5585775897018015,-0.4600274139019377,-0.21119011959368011,0.00025853813580580605,-0.10356655387218709,1.177939084507895,0.1515030086676566,0.001005448771935795,0.12006857465909891,0.00748353355618536,0.00230270507025963,0.26369140136131636,-0.007273217218312958,0.0,0.02140430273715724,0.032663251766972004,0.032303951439478215,-0.0024465200263249338,0.016507569431493733,0.050669914945380146,0.0,0.0,0.09073962381207862,0.0,0.0,0.0,0.0,0.0,0.0
0.3902139443505937,-0.22431414024132745,-1.3843230538811597,0.27780338383753417,0.0035502967868709587,-0.0009721971287694642,-0.3538761005399691,-0.16159577203686884,0.002296504819194893,0.019391004589318646,-0.0006381167016781046,-0.0017146809174930363,0.2315980046460651,-0.016302744319277827,0.0,-0.43920615910212435,-0.3053084291032706,-0.3184290966151065,-0.0010524577346349105,-0.0866305720547706,0.06804782745454321,0.0,0.0,0.0013169411631733206,0.0,0.0,0.0,0.0,0.0,0.0
0.3902139443505937,-0.34695597906968756,-1.8344878879521525,0.06434082172085977,0.0009602927882641563,0.01898010136345823,0.4275398780718894,0.09380328801240806,0.015329706894042157,0.13254720425094307,0.005044711069267873,0.0019409141966124483,0.2614802709254914,-0.0257888525054177,0.0,0.00802256049237643,-0.21567705487129854,0.02974870120570095,-0.0011003292058201896,0.007706003188298226,0.15740021070143687,0.0,0.0,0.035973753281528874,0.0,0.0,0.0,0.0,0.0,0.0
0.3902139443505937,0.06109413651338993,1.5759309632261556,-0.1207451960543736,0.013879170553134788,-0.051446205720623965,-2.6581816815692876,-0.68665322312476,-0.19494474330828956,0.0824520163519438,0.00040672228591200077,0.00024136111343345238,0.20933669665634644,-0.008816666515712493,0.0,0.013399064124449625,-0.16658672188995532,0.03548198994420941,-0.0008643266631692982,0.022931253762144537,0.12223296925404833,0.0,0.0,-0.014226808195208288,0.0,0.0,0.0,0.0,0.0,0.0
0.3902139443505937,-0.3710968444677615,-1.1642801975748318,0.11455121605236991,0.00326252888919727,-0.004523560660894563,-0.18058848125121235,-0.10041391962886141,0.05436537047633315,-0.2090142733993842,-0.005932433383342752,-0.0006513823564249378,-5.301493047323321,-0.010925081314034815,0.0,0.007285031224570045,-0.07729641975743802,-0.31145980582859323,-0.004446424013725926,0.015740895146472225,0.143398854365517,0.0,0.0,-0.7314677220090647,0.0,0.0,0.0,0.0,0.0,0.0
0.3902139443505937,-1.269012415746558,0.15035124085561816,0.4068234848499701,0.008948104647124321,-0.05281966118890146,-3.482915330810802,-0.8594432230519491,-0.2297463577474347,0.08303635586597445,-5.185310845129337e-06,4.282621877683257e-05,0.20174274422057709,-0.0069837587848495955,0.0,0.014996068256815393,-0.1270774339353217,0.03401237603482852,-0.0008768131301854952,0.025211541047634393,0.05656825755843195,0.0,0.0,-0.030592287168466712,0.0,0.0,0.0,0.0,0.0,0.0
0.3902139443505937,-0.12184445449153729,-1.2784439215185308,0.29858224004647,0.0009461294687099477,-0.008508022222676945,-0.7036319723163481,-0.183299807377002,-0.05638492992065203,-0.32435979248006414,0.0026893433852208594,0.0008929323482132518,0.2431786422181702,-0.009418693698395009,0.0,0.01605045565129923,0.11202777962370511,-0.06252188233011038,-0.004287139165846587,-0.07936616336743048,-0.003154577320860682,0.0,0.0,-0.22481473364022078,0.0,0.0,0.0,0.0,0.0,0.0
0.3902139443505937,0.799458081012667,-1.3135518517992903,0.1896633601615618,0.009573725157406822,-0.003331331605161347,-0.41575826082628625,-0.18819484574745615,0.012866206260179876,0.004465697577424487,0.006217554143390035,0.0019283967399951144,0.23784465975322078,-0.00803940607197407,0.0,0.005810503429412172,-0.05398335457342414,-0.08806665371327786,-0.0026756248116374904,0.04322223891883992,-0.012155363523086457,0.0,0.0,0.3465531431505392,0.0,0.0,0.0,0.0,0.0,0.0
0.3902139443505937,-0.5595519233153613,4.641972116931731,0.2529165415177837,0.015345921877331022,-0.003966623535220886,2.09129701599618,0.5536457069790275,-0.03455789558298442,0.12423743718552732,0.0012494680769323282,0.0006085434839566459,0.24909868155547552,-0.007406906979374589,0.0,0.017526774602068227,-0.006523857119696647,0.044829145461800654,-0.0019310771421621553,0.023784607236633257,0.07061516179448359,0.0,0.0,0.04526336408856607,0.0,0.0,0.0,0.0,0.0,0.0
0.3902139443505937,-0.2599294081221809,-1.7799110890737098,0.16254204215883905,0.001909015733594559,0.029038065977475422,0.7542742126998029,0.2006783835678558,0.014552827220555117,0.151983917429062,0.005044049540544824,0.0019762559898831226,0.2634682711767565,-0.01084415320322533,0.0,0.010501894522277715,-0.03046308316947647,0.03091368319592229,-0.001290892444625403,0.008977108842388684,0.15877604475018323,0.0,0.0,0.03925681790390478,0.0,0.0,0.0,0.0,0.0,0.0
0.3902139443505937,-0.34603188697856707,2.972116067969013,0.38700661847100837,0.057510745729033134,0.017222160650241746,-0.9554669606948676,-0.16246228155783418,1.3310911787913924,-0.4446233521856647,0.05278113914026568,-0.036004438963954014,0.2553938669341006,-0.0069714781118211016,0.0,-0.0020129298556295773,0.7128268376366551,-0.2697442099370412,-0.004055099349358506,0.015088857609381034,0.3347619544536728,0.0,0.0,-0.24845638977523118,0.0,0.0,0.0,0.0,0.0,0.0
0.3902139443505937,1.1133586696831335,3.6782569988128295,-0.713327952600513,-0.008131238441631966,-1.1169501612474697,-1.105429015734826,0.3337191030117003,-0.1363198058262355,0.06588261246900044,0.0017305848684838743,0.0009619627211054242,0.2270605363554172,-0.005687600168962248,0.0,0.00796702799298163,-0.03744063733037947,-0.014708217563813327,-0.0030071881436529013,0.014704942357712367,-0.0001094176619723578,0.0,0.0,-0.021177545837226072,0.0,0.0,0.0,0.0,0.0,0.0
0.3902139443505937,-0.5507352480826738,-0.8000873271483112,-0.30234082050447103,0.002771199189026215,-0.042995169126878174,-0.4896117411554685,-0.13552750405964414,0.11627900900546138,-0.256979561798748,0.0052380187838617235,0.0011887108503316796,-4.9769783562440475,-0.008608649655983465,0.0,-0.0007714729426971647,0.008231351929711663,-0.12435694136445356,-0.004755121010976712,0.04815480760464653,0.1599305640280389,0.0,0.0,-0.43522408978668037,0.0,0.0,0.0,0.0,0.0,0.0
0.3902139443505937,-0.5726890610453665,-1.2178043165556298,-0.129444374897681,0.007600641227223431,0.015489353175334066,-0.23822416723010276,-0.1782421285446983,0.06247771121958822,0.04825243815188728,0.003659870772268791,0.000950444667065736,0.2242919170723157,-0.015594185422904736,0.0,0.013281744770737293,-0.13773911033549951,-0.3362757943691466,-0.0012545377555381778,0.00023198357211645358,0.7943145811029758,0.0,0.0,0.25608774897975906,0.0,0.0,0.0,0.0,0.0,0.0
0.3902139443505937,1.3097785631545134,-2.1121282530835974,0.2509074226744368,-0.01565796089349723,0.0372924629625622,-0.05118126131889974,0.20348055889790215,-0.000441399490543146,0.10476116042537083,0.004403223214164407,0.0021054999829197667,0.27253673034345166,-0.006277046712434607,0.0,0.002477402555570327,0.0009678198782427115,0.0017376274297329901,-0.0014687753295994795,0.012988812131309924,0.07240823608264792,0.0,0.0,0.029615657127594907,0.0,0.0,0.0,0.0,0.0,0.0
0.3902139443505937,0.007695385092192208,-1.1995856312307287,-0.22051875784814895,0.0030152116875802946,-0.08701612992647055,-0.8521918248722425,-0.12206809473101883,-0.08830820311661222,-0.3987718698732994,0.0036814181462308695,0.0016083905234301377,3.711947601578537,-0.007138438617303291,0.0,0.2966648354302085,0.05774267328687397,-0.4540179555303035,-0.006236697710749894,0.1388745582323284,0.04714044142264257,0.0,0.0,0.282385816649466,0.0,0.0,0.0,0.0,0.0,0.0
0.3902139443505937,1.9498581963247423,3.158715543163263,0.09060485434859142,0.012881408342569074,0.016400752499918212,2.1546108549772423,0.531499917876866,-0.06981694709713324,0.10518133536040614,0.0013216158314653403,0.0009498548060577963,0.27576917053876937,-0.003683673154300513,0.0,0.004507704347016871,0.33792431100541664,0.024846969759299547,-0.0014040647760708942,0.01542926874606913,0.043431312238622434,0.0,0.0,0.0148090147936987,0.0,0.0,0.0,0.0,0.0,0.0
0.3902139443505937,0.027541386991869737,3.7706989243961218,0.1370402208982616,0.003706648899163249,0.035954821091121254,1.1193591986094087,0.5054358331472827,-0.04373256234339256,0.1325780246179669,0.0011267630317948185,0.0005543721556021471,0.253769616191711,-0.005839416479708063,0.0,0.018895098900412716,0.00680722347256264,0.043785352089926524,-0.002099079507182031,0.031086116237137074,0.11890364378864476,0.0,0.0,0.05808778265876904,0.0,0.0,0.0,0.0,0.0,0.0
0.3902139443505937,1.7617352688740118,-1.0770723376419482,0.08047519243487128,0.0007101085307496643,0.05716114006801329,-0.3978118482608145,-0.18287458771480525,-0.006232989529925919,-0.04131005042150381,0.007941438516165298,0.005547894013635117,0.24475690991961233,-0.014067609477809658,0.0,0.007881873311854968,-0.10247669121789986,0.38239227571820805,-0.0017187229331615116,-0.05503463896906444,-0.40883320701984016,0.0,0.0,0.20302336255489445,0.0,0.0,0.0,0.0,0.0,0.0
0.3902139443505937,1.6521291857128826,2.3885208812400553,0.27143069612580173,0.016256611936985722,-0.02989936088335399,-0.8256687821382859,-0.5409438430548208,-0.20378782527498682,0.06518058615156944,0.001190679209543976,0.0007440652916755147,0.23204874825113558,-0.006190578202762537,0.0,0.00794469637238218,-0.07655192110794629,0.03093146288873835,-0.001118154493649331,0.01653532309233759,0.025644252919038824,0.0,0.0,0.06802250402038625,0.0,0.0,0.0,0.0,0.0,0.0
0.3902139443505937,-0.020093833563772198,-1.3154334996425399,0.025771821154757416,0.002898173523449617,0.000846154728708257,-0.3388203650042986,-0.1556340152174587,-0.027853214977241227,-0.3571402648657192,0.0017074537828587733,0.000135076977443564,0.2605425685667678,-0.014796621355387972,0.0,-0.01804185575539931,0.0870208269113308,0.03933424128669744,-0.0039356635599116134,0.05096171252535287,0.11939017906313955,0.0,0.0,-0.26918952958566944,0.0,0.0,0.0,0.0,0.0,0.0
0.3902139443505937,-0.10341876603984201,5.293760950163243,0.1990633577888827,0.019094184970948003,0.05330246486921123,1.2357133014130361,0.535378921117675,-0.038620140605829925,0.12299981544171415,0.0011288898622983073,0.0004792995721980762,0.25454392075699833,-0.005740508379012878,0.0,0.018587965628858113,0.030570345046086637,0.040567224331752694,-0.002099079507182031,0.0282646604643992,0.11065321097899912,0.0,0.0,0.045933867197336865,0.0,0.0,0.0,0.0,0.0,0.0
0.3902139443505937,-1.1855636153469629,-0.4616951193962315,-1.2581992646417848,-0.26808187414505047,-0.10182694355064172,-2.695633374517095,-0.9376699382628844,-0.15954630824396349,0.08684980001187216,0.0002382882610912623,8.454301965926787e-05,0.19928145467884123,-0.00927200346729605,0.0,0.012685168383846259,-0.3366517926999912,0.04141098914924408,-0.0008397676024822828,0.024452345262680825,0.13021995674464773,0.0,0.0,0.07180775688249758,0.0,0.0,0.0,0.0,0.0,0.0
0.3902139443505937,0.02976163020424072,-0.6916212892440886,0.09077129344192349,0.003249298040895951,0.03399879379162538,-0.2967130759814803,-0.17547640499992065,0.0013556803927739498,0.00116647258170797,-0.0024216388104695624,-0.0010157805038046633,0.23839747494558153,-0.018900551812890413,0.0,0.007374689326835122,-0.008707833850689913,0.08613258418127676,-0.0011457548569449348,0.1422887136336959,0.5136852908548175,0.0,0.0,0.9946321869539658,0.0,0.0,0.0,0.0,0.0,0.0
0.3902139443505937,0.044254854252246546,-1.9583871675213615,-0.03186917472280142,0.0020582351575085356,0.010997637945417471,0.4559270767445203,0.1452601686659407,-0.0031402966650665104,0.15586471557239687,0.00577794426496827,0.002260964993539012,0.26740092882276195,-0.0028205999986314454,0.0,0.0008946228266445138,-0.18340804002033778,-0.006842090877946064,-0.0015746202994966472,0.00913453848441942,0.055869563697424615,0.0,0.0,0.048213852269527756,0.0,0.0,0.0,0.0,0.0,0.0
0.3902139443505937,-0.5339220373105691,-0.5850484189782872,-0.1336124987856057,-0.005398215438185573,0.12820482364389355,0.11602899047793297,0.08958404517057462,-0.06177022148197761,-0.6467046324793384,0.0010101811154582955,0.0005506235480566326,-5.162304390266862,-0.007799740061026853,0.0,-0.7692070262452856,0.07060779209394302,0.0650711133094818,-0.014032516181278008,0.026047674230884343,0.05541059509662289,0.0,0.0,-0.18421593221634192,0.0,0.0,0.0,0.0,0.0,0.0
0.3902139443505937,-0.9543316130709544,-1.5953108482261829,-0.3084981937443091,0.005467113304163807,0.028656684177401096,-0.6268020615831721,-0.1906106108428742,-0.10079209883026494,0.030668483700538793,-0.0012144084917872092,-0.0002904731064521052,0.19836546857969378,-0.01817296830623717,0.0,-0.0006638801050307295,-0.07707782798089258,0.23282240133360152,-0.0012290508437064413,0.03223675764703494,-0.49709240201470717,0.0,0.0,-1.0778096261753987,0.0,0.0,0.0,0.0,0.0,0.0
0.3902139443505937,-1.0217194605797928,4.350635087991507,0.2562828826274286,0.01334334389779746,-0.01313288368181484,2.201805489698395,0.5739824048495126,-0.03630181440404352,0.13073236446294334,0.0008043460221755998,0.0005835744656419986,0.25554015989933204,-0.0050282348933912,0.0,0.019584161485745412,0.03421193944935795,0.03798996875842511,-0.0015993321928276212,0.028928322448909853,0.09740035635493642,0.0,0.0,0.056966382676116464,0.0,0.0,0.0,0.0,0.0,0.0
0.3902139443505937,-0.7002784853697565,-1.1227650954486734,0.18804433494282524,-0.01153676361767429,-0.009717462353208616,-0.3607751012485366,-0.15128184445509274,0.04345680699793491,-0.0015250752722674545,0.00485720939357773,0.0018941642298411804,0.2410301170102614,-0.01518476705679441,0.0,0.021393844041867494,-0.06005700992979282,0.1494744717325474,-0.00104832196373128,-0.07650612691822026,-1.017548509199439,0.0,0.0,0.8269746115597114,0.0,0.0,0.0,0.0,0.0,0.0
0.3902139443505937,-0.09621321663240438,-0.4851060870121994,0.01581316185499354,0.001295517356539583,0.03735328047639717,-0.8759160807736186,-0.17980978446350201,0.03845210672478849,-0.4102436493867112,0.004145380485264776,-0.0003872052991973546,0.2376820358115131,-0.0072297200378995926,0.0,0.011470794709423035,0.23838397426110272,-0.16323855048979105,-0.004546951632224422,0.03505391581761827,0.14823243413865025,0.0,0.0,0.4401668911519116,0.0,0.0,0.0,0.0,0.0,0.0
0.3902139443505937,0.8374130591079507,4.019074276116438,0.2030968396206636,0.0006291048423324347,0.09429956669390378,0.8089904566158186,0.4785984190253504,-0.10046754237851845,0.10758039424596472,0.001432214661412818,0.0004903959762505009,0.25718977768432766,-0.004377962329522506,0.0,0.012720060345613442,-0.06212980590090924,-0.005750309538599399,-0.0022596763450087676,0.017750333595605933,0.043669073828144125,0.0,0.0,-0.02805601539164908,0.0,0.0,0.0,0.0,0.0,0.0
0.3902139443505937,-0.08000984955689149,-0.9951949975558317,-0.24671506890676223,0.0032753052493236737,-0.004951995597999917,-0.39662864265057063,-0.18526536855025433,0.015501444028548698,-0.0785489573927513,-0.0006995914558815192,0.0005476351742577591,0.2290860758876124,-0.020038177036460877,0.0,0.014704457693102446,-0.13706529497245848,0.09467227909905364,-0.0010751235252699882,-0.23038848789293404,-0.2761791924043125,0.0,0.0,0.041148038296976074,0.0,0.0,0.0,0.0,0.0,0.0
0.3902139443505937,-0.30366432039069285,-1.3033153489151097,0.09289769366025037,0.004053867024714887,-0.006592320784440485,-0.677665125179274,-0.18721041111005424,-0.11370370547914509,-0.3615893176363677,0.00687926197169202,0.002028219302212671,0.2432370944348082,-0.010141450043760512,0.0,0.02881787491915585,0.06302580997015549,-0.228871795033307,-0.004249071191187659,-0.17664080578068458,0.16614132597831358,0.0,0.0,-0.29279490300655536,0.0,0.0,0.0,0.0,0.0,0.0
0.3902139443505937,-0.17179738051142077,-0.7512371473866492,-0.16835110760353028,0.0002024996530924063,-0.024951577909797885,-0.5366720456345404,-0.14093317148916815,0.06903288778857035,-0.3649840007588448,0.005272229455994514,0.0006033668316704155,0.24771583924427903,-0.008582104663985428,0.0,0.009338373404093016,0.1442446749405769,-0.21619044115035552,-0.004470716223205724,0.16586736343963093,0.2531330124584298,0.0,0.0,0.05006536939533824,0.0,0.0,0.0,0.0,0.0,0.0
0.3902139443505937,0.39923064927021507,2.410828957238501,-0.14146221261724956,0.031015358997133816,-0.0216421333550209,-3.1287001289837084,-0.6543151064322311,-0.21201943594580844,0.08384941205679484,0.0012603031696684606,0.00053762237410904,0.21873183511349054,-0.004062781131117453,0.0,0.010924810057246383,-0.2553520904674663,-0.02475282136446538,-0.0011137908642176275,0.025547926316724406,0.02874421286924917,0.0,0.0,-0.049304008705159004,0.0,0.0,0.0,0.0,0.0,0.0
0.3902139443505937,-0.7424693450403708,-1.2452624010719489,-0.3890699679857965,0.0028361174482538277,0.03444372399559116,0.9117886477496143,0.15337251855715367,0.005288479508068852,0.11568370661550663,0.005121114903851066,0.0018700399013809102,0.24964719967631402,-0.011597449922554053,0.0,0.016678725881327724,-0.04071214624673744,0.035368670282358405,-0.0018618397307360159,0.023833002222285782,0.10998262643684592,0.0,0.0,0.06010518029403284,0.0,0.0,0.0,0.0,0.0,0.0
0.3902139443505937,-0.9194043944630984,4.391334632366572,0.36629420018219633,0.014014440538652032,-0.0038541437565038222,2.1135155610541134,0.42811285133483595,-0.032436421507187646,0.13030471235588764,0.0007962950795539354,0.0005905696397940335,0.25589767323174684,-0.005140722381676115,0.0,0.019512007797181194,-0.004235978503405129,0.03870011651377295,-0.0015993321928276212,0.029793221703171894,0.09895230318483986,0.0,0.0,0.05925296336441847,0.0,0.0,0.0,0.0,0.0,0.0
0.3902139443505937,-0.43540244635102393,-1.7200701292357776,-0.011945108838274042,-0.006021995628990556,-0.016166095784631032,0.047019504467648444,0.09572139335553781,0.00827046455407731,0.11488626783605205,0.0028803444449765634,0.0009512914530639864,0.25628888738619937,-0.02102503623619488,0.0,0.007143302511069038,-0.037776713260174184,0.07243554355295827,-0.0011511602985367754,0.011049237581588963,0.15747955006531164,0.0,0.0,0.0033337475106455148,0.0,0.0,0.0,0.0,0.0,0.0
0.3902139443505937,-0.33725610961800145,-1.216527273028832,0.23092832589997417,0.0037774255513700716,0.026159019754800738,-0.29004796302936575,-0.17418572145912767,-0.02285027915064779,0.03539242953246611,0.002961408589078299,0.0009007307525662095,0.2544662247087841,-0.013714622820913782,0.0,0.014031921739035955,0.3051296595290708,1.2445836037906752,-0.001224324662417415,-0.025281906945003506,0.09910521553181575,0.0,0.0,0.6553183930440035,0.0,0.0,0.0,0.0,0.0,0.0
0.3902139443505937,-0.3086984739904747,-1.020814095296202,-0.261403488589705,0.002307882135064173,-0.065594152728837,-0.527324614602624,-0.16989746058245112,0.009468233838323336,-0.0693352418222051,0.0016297418348256113,0.0003954288067967795,0.221211367583776,-0.013900134555708106,0.0,0.005842929812697939,-0.13952916500614276,0.08391430842264425,-0.0011824996065956446,0.05350187080950522,0.1112660250483631,0.0,0.0,-0.5795133275230845,0.0,0.0,0.0,0.0,0.0,0.0
0.3902139443505937,-0.4557477854762772,-0.8355779233938075,-0.5516689589337631,0.0042869393291385255,0.0011853174214040924,-0.6187765909173987,-0.1869758239463852,0.20235837785331315,-0.24283180581063857,0.0030913908010141043,0.0003582492246858028,0.2291832866083056,-0.010855927247572277,0.0,0.010109988999717013,0.20008273173408392,-0.04524350861747741,-0.004936565423615216,0.03353719669452849,-0.21867837576812252,0.0,0.0,-0.5225054245413201,0.0,0.0,0.0,0.0,0.0,0.0
0.3902139443505937,0.8009616304651931,3.6724511957058597,-0.3069717334205221,-0.07593844117660646,0.011822785758994522,2.181237351831207,0.46894403013688346,-0.04038053576938999,0.11914417242048503,0.0021130552519001457,0.0007837772886695551,0.2597074480072274,-0.005446575605565353,0.0,0.014549823511814186,-0.061167794138149136,0.022042137865836687,-0.0018347015941479223,0.016182823911349745,0.06394111381261251,0.0,0.0,0.060590184544595936,0.0,0.0,0.0,0.0,0.0,0.0
0.3902139443505937,-0.1995617409593933,3.0177478448044774,0.22912143110669592,0.01648444446705062,-0.059944233292071526,-1.0084590576270134,-0.5363461875231157,-0.14244078184340123,0.1470609684400707,0.0005889006086754543,0.00023976606731642046,0.2343959317401209,-0.00616928957790892,0.0,0.011063622612215775,0.8006897322931472,0.06294817870484053,-0.0010853917835021082,0.032888722214737355,0.15925781034480457,0.0,0.0,0.23892553235438463,0.0,0.0,0.0,0.0,0.0,0.0
0.3902139443505937,0.5059089647244721,-2.086309002402124,0.37297482111494723,-0.0001524371260730769,0.017233034322129172,0.6825685306662751,0.1632743762451961,0.005499041060495963,0.13227206224831892,0.006547714943487092,0.002284760468881324,0.27081156150251035,-0.004885266646757,0.0,0.006331963329763763,0.13151521722227597,0.005708598487337698,-0.0015529395076271082,0.02212131835284527,0.05780064450512782,0.0,0.0,0.05257418479872386,0.0,0.0,0.0,0.0,0.0,0.0
0.3902139443505937,-0.8143878444347202,-0.8941905207639963,-0.630213267404804,0.0033212789262004813,-0.04975302438184474,-0.6693146576223309,-0.20397026257319947,0.16538915622481018,-0.26743546705932136,0.002908923224057343,0.00011967505118939258,0.21001492462861174,-0.013258726931548588,0.0,-0.005353667521075439,0.20724405940209603,-0.31302698891520203,-0.004750237942144416,0.08002821993949925,-0.18837995654773793,0.0,0.0,-1.0136102579456991,0.0,0.0,0.0,0.0,0.0,0.0
0.3902139443505937,0.649398284700941,2.7530580244464207,0.27144755998515413,0.048052140600616376,-0.03080249931493716,-1.842009964783462,-0.6560351834609027,-0.19140421901203594,0.09224346843277707,0.0008542128763545275,0.0006083662610549108,0.2343857924342281,-0.00327778350037535,0.0,0.012195780637604174,-0.18404718403847622,0.007206542344756934,-0.0011174082695877172,0.027016993427971318,0.040417393248597826,0.0,0.0,0.1380597939428434,0.0,0.0,0.0,0.0,0.0,0.0
0.3902139443505937,-0.334394342960765,-0.9055008156011303,-0.3197219410177753,0.002573514911205359,-0.022323063919198947,-0.6610846796089895,-0.1413431753735112,-0.21427147736450208,-0.3723607408798265,0.0013648652270105378,-0.0001133784647395784,0.24062509731764264,-0.00790736443213049,0.0,0.01326514247561478,0.1810203201181508,-0.022026280536006717,-0.004269163523642354,-0.1392723277674314,-0.3703717064433464,0.0,0.0,-0.40618054135598486,0.0,0.0,0.0,0.0,0.0,0.0
0.3902139443505937,2.8320221118623654,0.7389516446772461,0.3580426792169108,0.010993896161168006,0.022927771372152177,1.4006363844012055,0.2626964762753102,-0.015208689252536923,0.1480265198408517,0.003346058194264591,0.0014733268900351932,0.32506443889122855,-0.0073815788260716275,0.0,0.004056356261390874,0.20627205552238648,-0.004277491618678166,-0.0015077411791306694,0.015116720778275704,0.06494592434500657,0.0,0.0,0.036335851188469576,0.0,0.0,0.0,0.0,0.0,0.0
0.3902139443505937,0.29015337227281857,-1.1770735188577115,-0.030327892434221244,-0.010461733667941526,0.003596165973483823,-1.4682283508398517,-0.20584443517032133,-0.0563320808569201,0.10661585720207954,0.0035491441555278954,0.0013228713304256664,0.23545801428761998,-0.011335755120390322,0.0,0.004041850729614712,-0.05643425555966102,-0.014642322383627806,-0.0016625180714984014,0.03872594506321588,0.03764118645471582,0.0,0.0,-0.14574903904308886,0.0,0.0,0.0,0.0,0.0,0.0
0.3902139443505937,-0.2842545197277561,-1.1131492211675744,-0.011362245010806599,-0.0013632266726034468,-0.005834611046804838,0.14697823979151733,0.05660235143996664,-0.02045384768979413,-1.0294720820913559,0.0046263786994619645,0.0017187343664170575,-5.369970676357406,-0.006104454949453424,0.0,-0.0078360295095351,0.05969259133540486,0.011352221182982146,-0.013951641438157504,0.006673263719247083,0.03772539289608909,0.0,0.0,-0.1412807216073958,0.0,0.0,0.0,0.0,0.0,0.0
0.3902139443505937,0.30293943699102727,2.4558742563294365,0.1218911808617559,0.016156135039756107,0.0589618074947939,0.21597370948293268,0.46902937602660016,-0.12050149942535271,0.11448228489843093,0.0018530093736423832,0.0009568425976576645,0.25225267633274706,-0.0031770838843205203,0.0,0.016626880582260778,-0.06376498373853791,-0.005863420999568955,-0.002339290353112311,0.025921771159578732,0.026250715433319312,0.0,0.0,0.01951404016773388,0.0,0.0,0.0,0.0,0.0,0.0
0.3902139443505937,-0.2680868818249144,-0.6359849077935027,-0.008529275626520108,0.003918253960369183,-0.05146145753242482,-0.16414135076370823,-0.15103740494746623,0.12828522082207308,0.049602572538012576,0.002244177274781716,8.854789730095331e-05,0.2631074664888062,-0.011945116455072778,0.0,0.014227095783782258,-0.09299973996709482,2.243822137429751,-0.0010695287889911445,0.03713772534600222,0.2970085166750274,0.0,0.0,0.2754537997402244,0.0,0.0,0.0,0.0,0.0,0.0
0.3902139443505937,-0.06251924011576432,-1.3105061494986254,0.3685340508805624,0.0028893866389194333,0.0030237734557830094,-0.31612158126884354,-0.1640441923549264,0.0001282751854552384,-0.359630197476468,-0.00350067508072105,-0.0010434486291126574,0.2547427938596284,-0.015551425826284698,0.0,-0.008221936406912765,0.07961238609764286,-0.3028230596775803,-0.003952387648353947,0.02527438924365304,-0.15158962407350268,0.0,0.0,-0.3719285119639135,0.0,0.0,0.0,0.0,0.0,0.0
0.3902139443505937,-0.22634707474802873,-1.1643915399128753,0.08140717780539304,0.0036771104471532623,-0.004232265958150225,-0.4695448360920593,-0.13261212549431806,-0.053228854088071854,-0.4113017806313159,0.007056841713813043,0.0025914265393881543,-5.089647256903854,-0.00727546128529701,0.0,0.022473879075442196,0.05397269398395987,-0.16548200713925837,-0.004404445591212217,-0.12396496212358914,0.16500278224044887,0.0,0.0,-0.17793672622615037,0.0,0.0,0.0,0.0,0.0,0.0
0.3902139443505937,-0.6591165017028158,-1.3522510286758913,-0.4914235831392531,-0.004158782181734702,-0.008704125009118263,0.24539956927193327,0.11662121675617616,0.006269202348558171,0.10163424546215788,0.004921410956184097,0.001840401773272089,0.24230228053791864,-0.013676637925255211,0.0,0.012631907786930425,-0.23564076962264563,0.03404341415873,-0.0011952652667991755,0.023112736477228342,0.11035696209298684,0.0,0.0,0.060252651236224856,0.0,0.0,0.0,0.0,0.0,0.0
0.3902139443505937,-0.9100483221005141,-1.8246368217705615,-0.42604594347764624,0.004244534841771346,0.00936696165277442,-0.6424944572761754,-0.188469606628217,-0.1716490653663474,0.001897445117780113,-0.002960108200276408,-0.0003784070873104552,0.19053935507609,-0.018776782526044606,0.0,0.008088001254904217,-0.2932475225893192,-0.3747455712080838,-0.0011841516389585064,-0.03625401872629411,-0.7047358326388137,0.0,0.0,-1.176838382178578,0.0,0.0,0.0,0.0,0.0,0.0
0.3902139443505937,-0.7129151552408973,-1.2038795176933677,-0.4550516393306505,-0.015104895200975969,-0.10057590448043909,-0.22642552448673564,0.12038975163140049,-0.014214421271028767,0.09040552141054194,0.0035584479192765114,0.0016858650109905008,0.23177174323301253,-0.009608161020254056,0.0,0.012510329809656044,-0.02847962066213659,0.025265679303760974,-0.0013983222094299634,0.024156588881596906,0.1348171428744323,0.0,0.0,0.004483414346011866,0.0,0.0,0.0,0.0,0.0,0.0
0.3902139443505937,-0.7144984651779571,-1.3476046647206779,-0.5082857479191654,0.00356252372951954,0.001538217356270472,-0.5258843588769382,-0.18241336342080286,0.08198918883018795,-0.02418851576246994,0.003302272897370659,0.002266978605751395,0.20375579499919974,-0.017134141208724845,0.0,0.01435527596547776,-0.4034366562387741,-0.039316475805298,-0.0011728839257700448,-0.11940623955369953,-1.6441559498174732,0.0,0.0,0.11417718975401023,0.0,0.0,0.0,0.0,0.0,0.0
0.3902139443505937,-0.00951803654546806,2.085081641696772,0.3299827641050252,0.026535005669697354,-0.08777478539927204,-2.0157860106053356,-0.7906605785148785,-0.18792301793098415,0.0911596391177043,0.000761928703103756,0.00019025345815156157,0.22211842101746687,-0.008220156755753502,0.0,0.012490102849843553,-0.1456548188894203,0.05707204795242745,-0.0009040567733012662,0.02015086408585281,0.11247500703618546,0.0,0.0,0.11167256598397184,0.0,0.0,0.0,0.0,0.0,0.0
0.3902139443505937,-0.5694976358705887,-0.25661044444258657,0.3117600588396769,-0.0011904756562534276,0.07699370366752582,1.2927694747683176,0.2415733432429429,-0.017974155573162322,0.17470888354545366,0.0019717415870589418,0.001096353261851447,0.2746474053712738,-0.007494352227406229,0.0,0.02157205461114478,0.00967128272611429,0.02578776773365542,-0.002188368902692308,0.03428581339434407,0.1607483430439424,0.0,0.0,0.08173316406473903,0.0,0.0,0.0,0.0,0.0,0.0
0.3902139443505937,-0.28771499678617324,-1.4770016859077724,0.4166747547743157,-0.00693264693118916,0.02306493085022957,0.6634029526600185,0.15680933304876357,0.0051978860806893845,0.21358665969058452,0.002429286719379148,0.0010439849476676735,0.2808285752660367,-0.01768175606027522,0.0,0.00221616644123406,0.3930310494578243,0.09823100219788611,-0.0013376633441503673,0.016719733979066873,0.16965673548997706,0.0,0.0,-0.004675692593812231,0.0,0.0,0.0,0.0,0.0,0.0
0.3902139443505937,0.8070541021125267,3.8787024618496133,0.3952696333387869,0.03858289436761476,0.01147673471140386,1.8770377298123284,0.48566477432319166,-0.043749773164252104,0.11936009801823773,0.0016001018863403163,0.0007366489415736876,0.2613021732152104,-0.00504998895780672,0.0,0.008895972809064403,0.024011886920501827,0.0070321901970318,-0.0014429466062105625,0.017277804450929163,0.04531151264709819,0.0,0.0,0.04633074972820308,0.0,0.0,0.0,0.0,0.0,0.0
0.3902139443505937,1.2518347508128618,-1.9415292818746834,0.3121997338101753,0.16916604128155646,-0.01394227846385435,0.43011815424461014,0.19262589491784962,-0.013853859386461378,0.10752309862719751,0.0030084789429986633,0.001566526787721764,0.278122135839189,-0.008936112247291409,0.0,0.006420550846929393,-0.030348139537607385,0.029625389816645583,-0.0015207719812557019,0.014801531097050472,0.0647167449620666,0.0,0.0,0.026577285358317694,0.0,0.0,0.0,0.0,0.0,0.0
0.3902139443505937,-0.3763244776875196,-0.6653438226869987,-0.0894597281867202,0.007401995992129447,0.03482543746205962,-0.7618979133173782,-0.14653713022349768,0.38086510073676194,-0.30966532897280813,-0.11952580361220205,-0.08006038564153745,0.24689614952322553,-0.010802370711922162,0.0,0.23263382758162282,0.34707425998664626,-0.21727185047724804,-0.0047867309933839405,0.10190731735503207,0.3743654790259185,0.0,0.0,0.09124164279917638,0.0,0.0,0.0,0.0,0.0,0.0
0.3902139443505937,-0.2599294081221809,-1.7799110890737098,0.16254204215883905,0.001909015733594559,0.029038065977475422,0.7542742126998029,0.2006783835678558,0.014552827220555117,0.151983917429062,0.005044049540544824,0.0019762559898831226,0.2634682711767565,-0.01084415320322533,0.0,0.010501894522277715,-0.03046308316947647,0.03091368319592229,-0.001290892444625403,0.008977108842388684,0.15877604475018323,0.0,0.0,0.03925681790390478,0.0,0.0,0.0,0.0,0.0,0.0
0.3902139443505937,-0.6845919135881603,-1.2086921858350974,-0.36555097241000606,0.0013116194695602496,0.02250920179235741,0.7245916217949425,0.09812310798527846,0.0032858459279849414,0.17099462361717324,0.00523416659844114,0.0018692904943340839,0.2564015508999359,-0.01090581195876975,0.0,0.009799665938982328,0.13060538664580604,0.038400334051298134,-0.001405506433574094,0.02060069580553854,0.10925642225754433,0.0,0.0,0.042067212023377695,0.0,0.0,0.0,0.0,0.0,0.0
0.3902139443505937,-0.048579021516589264,-1.2904430289392108,0.25050234728371684,0.04535913742059904,0.037420600556477314,1.340380567828482,0.21579438702095213,0.020228990332594992,0.1856306025097246,0.002467290108311952,0.0009305271453606671,0.26628075079910335,-0.01557885258547426,0.0,0.021754718567791258,-0.03499039632230674,0.0997766857047722,-0.0016618035804561355,0.06233181958467398,0.15901422161865575,0.0,0.0,0.0974699371142648,0.0,0.0,0.0,0.0,0.0,0.0
0.3902139443505937,-0.30781894742868854,3.825175822098042,-0.16479112188940764,0.016032700755247348,0.10383773104590706,1.7301745079590087,0.3997225565176618,-0.03925701066966185,0.10814146402077364,0.0015624683282295364,0.0009848756894560058,0.25117850369513595,-0.008265013510983518,0.0,0.012220027413690512,-0.08097898530617191,0.0488838504981395,-0.0012600898180195777,0.01945936339881797,0.06886897919995943,0.0,0.0,0.030489965373805085,0.0,0.0,0.0,0.0,0.0,0.0
0.3902139443505937,0.24050507841078525,0.7216319396281448,-0.005825022933692555,0.013528438914756406,-0.02448849968327431,-2.7060902474384316,-0.544253290311506,-0.26012534291622363,0.08582192302097445,0.0003516587356860482,0.0005084760115147126,0.20532252615424684,-0.007615854264390858,0.0,0.015372102590487529,-0.27302388849202847,0.03197783411112354,-0.0008735800182873485,0.01628825864532461,0.08470495470531106,0.0,0.0,-0.08619014130053257,0.0,0.0,0.0,0.0,0.0,0.0
0.3902139443505937,-0.4690966332207436,-1.3895430301608145,0.04439359381862705,0.005261840208542365,-0.014818599452785207,-0.33568786772376946,-0.1756787971860254,-0.06475777573179087,0.12635003973610176,0.0041175456650913815,0.0010150919860124584,0.23304900628674718,-0.01505092427491551,0.0,0.015137657935181119,0.3164000170648292,-0.23363556878213088,-0.0013374895321869589,-0.07047506444736583,-1.193343447561236,0.0,0.0,0.9921470745610653,0.0,0.0,0.0,0.0,0.0,0.0
0.3902139443505937,-0.10072170000530514,-1.172280951522298,-0.10745738971204893,-0.0006425726261683624,-0.00615164399554113,-0.6470423262824202,-0.14313134436756317,0.11225880721922911,-0.37445068950121346,-0.0014543933067228591,-0.0016559584050704138,0.23271348062024422,-0.018041656356214963,0.0,-0.0019651337509544843,0.15759315937108295,-0.5966198889145874,-0.004504689080826843,0.11396952087608432,-0.23682928528036573,0.0,0.0,-0.3686939586571995,0.0,0.0,0.0,0.0,0.0,0.0
0.3902139443505937,0.3459976394214653,3.3673905655312737,0.2905929896783388,-0.0018291011171242305,0.006754089802292347,1.661571716816586,0.44548827684205416,-0.06574565510997363,0.1343155272326552,0.001052743286612201,0.0011489372061977683,0.2662819071778314,-0.008586537785558067,0.0,0.004418021639257961,0.472016763391434,0.046784619584339694,-0.0012242733858770605,0.009271213577019894,0.10565100717615052,0.0,0.0,0.04528633023118048,0.0,0.0,0.0,0.0,0.0,0.0
0.3902139443505937,-0.3235025770950744,4.374546707638641,0.45560023157340623,0.00952577057335547,0.012587329463015611,1.9581568806383138,0.45363117676030956,-0.03495359258650604,0.13330189676246124,0.0008333397308597042,0.0007210593712967901,0.261657995446,-0.0049163961518870316,0.0,0.021365688309205003,-0.10287015596755712,0.039068745133993325,-0.0015993321928276212,0.024292284464749604,0.11100401716782388,0.0,0.0,0.04530494820988413,0.0,0.0,0.0,0.0,0.0,0.0
0.3902139443505937,0.6953104646124942,-1.730948834823692,0.5659926985665078,0.006914234751944709,-0.010194059413781901,0.7910355191320415,0.16128891013349098,0.005747231313606324,0.24696029600550345,0.005600049265929304,0.0019582837363528306,0.28222666355774295,-0.00904015887898062,0.0,-0.0008687843267782372,0.3810006680816047,0.014793181487885899,-0.001548389337703023,0.020902764842924925,0.045481267378839674,0.0,0.0,0.08630910297988374,0.0,0.0,0.0,0.0,0.0,0.0
0.3902139443505937,-0.19454336940479472,-0.7523876009441622,-0.16882379564306374,0.0011287938705854261,0.01720557108947841,-0.10388142680069676,-0.1032072303971159,0.010106886575785078,-0.05623447637468046,0.0013200331210744274,0.0007397756767971131,-5.477630276828917,-0.006457867002144825,0.0,0.013857000608787744,-0.06611179056070147,0.12568616771579882,-0.0044245175178882655,0.07557270633023466,0.15440670475689827,0.0,0.0,-0.466356628093606,0.0,0.0,0.0,0.0,0.0,0.0
0.3902139443505937,-0.28934472605367983,-1.4376020798385962,0.11573393219936443,-0.008501048738085947,0.0017445315684814081,0.11685288266937852,0.10731361425004232,0.02331139278826357,0.13849375134234648,0.002835932402409109,0.0009082799839199307,0.259786265005494,-0.020358603898078077,0.0,0.007183891851335901,-0.015521381405768435,0.06282465315397057,-0.0011503925787392075,0.011120640096374713,0.12553310747811935,0.0,0.0,0.08025728484864945,0.0,0.0,0.0,0.0,0.0,0.0
0.3902139443505937,-0.8576240561489447,-0.8517326847220931,-0.5460036244628731,0.003304289424155569,-0.027099646906841624,-0.6491440292945573,-0.19822367839987498,0.17827227262654768,-0.32883873645461936,0.004656527966292566,-5.757508506004386e-07,0.21002194989869302,-0.0136432426180891,0.0,-0.005293404454895446,0.2822201553260206,-0.3744468364983996,-0.004832029726964983,0.07712203435559864,-0.6132915940622304,0.0,0.0,-1.026131127886097,0.0,0.0,0.0,0.0,0.0,0.0
0.3902139443505937,-0.7310704901210483,-0.9196830183669343,-0.3693116924556711,0.006875562217208605,-0.04122642754518518,-0.32680843081052785,-0.17133720778060438,0.14171620470699084,-0.06190080431112129,5.895764123233806e-05,0.00023304638091535356,0.21395919470999947,-0.01635627663113242,0.0,0.005947214858964616,-0.053495607049601115,-0.033571090872546415,-0.001231311047103089,0.07907739439695183,-0.02865952938233233,0.0,0.0,0.10938622202494162,0.0,0.0,0.0,0.0,0.0,0.0
0.3902139443505937,-0.5610220921525498,-1.535501579508953,-0.45172707233407483,0.00517398657291656,-0.003197862360511482,-0.5218855652890021,-0.20819587828030317,0.17344830161240993,-0.029334392772574838,-0.08781916824474256,-0.032215235530075124,0.20286570956095495,-0.019238182146907607,0.0,-0.0180606625596098,-0.12491868708310744,-0.16003136958334335,-0.0012917357920470744,0.061568280025840395,0.08695827270124142,0.0,0.0,-0.9895428759028904,0.0,0.0,0.0,0.0,0.0,0.0
0.3902139443505937,-0.4390919483904437,-1.4664120304422787,-0.363582097484587,-0.002601677111976019,-0.14080481653529003,0.9158726055909491,0.09787567224661849,0.010180250236045478,0.12229035263146881,0.003597039802651795,0.001105193852628943,0.24680766410145533,-0.006933930442776129,0.0,0.024075368048638548,-0.10926573499280504,0.04785693080766837,-0.0018736041341796362,0.0177777617556517,0.10943471728866395,0.0,0.0,0.03450990005428331,0.0,0.0,0.0,0.0,0.0,0.0
0.3902139443505937,0.7829620934667331,-0.08207161003789792,-0.3896618552610863,-0.0019521444189446332,-0.08139922415852525,-0.49811785175390966,0.18757425389533977,-0.06397945091403054,0.12070376449943615,0.003799165388695681,0.0014939671382646384,0.25299233144080835,-0.004984585507186562,0.0,0.010641630824303241,0.015826110503331083,-0.01594187939438196,-0.001652408439233532,0.025319454562108837,0.03140536276842792,0.0,0.0,0.02926797391854249,0.0,0.0,0.0,0.0,0.0,0.0
0.3902139443505937,-0.2562791592376566,-1.8096438525890495,0.24278783318612926,-0.013173186457554996,0.014508106753227328,-0.38553233129209,0.14303960106154315,0.01083088567071379,0.14961941588916905,0.004316817100883019,0.0020132199791675427,0.25482093154920343,-0.007772006733127367,0.0,0.008420268743291943,0.07210059368650114,0.035891212643118786,-0.001313506461460028,0.003159808028026463,0.15220809279209319,0.0,0.0,0.04569535011740806,0.0,0.0,0.0,0.0,0.0,0.0
0.3902139443505937,-0.3120270085942102,-0.4249945078710608,0.257428652355333,0.051669128334839706,0.05481415121546233,1.1247820558008415,0.21505576551307268,0.028001296216690914,0.1918723906627493,0.0029484169001041216,0.0010705752242035455,0.2676593353153423,-0.015087528255512652,0.0,0.019620484138025383,-0.11528472954312066,0.07972343440103874,-0.0016517695245294953,0.01637299141741445,0.1188430493418106,0.0,0.0,0.22198097512684992,0.0,0.0,0.0,0.0,0.0,0.0
0.3902139443505937,-0.48227440592913157,-0.909778226155261,-0.22701784945785208,0.005675274910882539,-0.008606392953272318,-0.8213168781557643,-0.19291635910598715,0.22843755689814246,-0.34297379428980135,-0.24600672875202476,-0.02525583966429947,0.22367910007653635,-0.012113406631407388,0.0,-0.018983243413597015,0.2766216289372903,-0.1779015825498899,-0.004792868612532964,0.05189832425364627,-0.47052353022441623,0.0,0.0,-0.1751766484329129,0.0,0.0,0.0,0.0,0.0,0.0
0.3902139443505937,-0.38840880160345,-1.8946869011483394,0.13169514353506392,-0.0021914282320326522,-0.01576175117756184,-0.7821029143712599,-0.06420303598272334,-0.0691078119076966,-0.9894204638496995,0.0006394137451936196,-2.476042140857967e-05,-1.231183199642622,-0.013919640467198732,0.0,-0.9933291078585167,0.06028104221217836,-0.21777755554381414,-0.028027611811066902,-0.276274287782842,0.07469368201832088,0.0,0.0,-1.2862981164260625,0.0,0.0,0.0,0.0,0.0,0.0
0.3902139443505937,1.4565035513230435,-1.734367232717374,0.41681865978781374,-0.0030692851858836285,0.036320494081612226,1.2959161174457516,0.2613929843374295,-0.009321069041510833,0.11101631173121777,0.0024810738836165357,0.0013275648774725207,0.2866597607961063,-0.011433011622603835,0.0,0.001289396389334839,-0.027248071901688868,0.03928747949434016,-0.0014775191143263577,0.02956907418612813,0.07588687254537,0.0,0.0,-0.009214115648250825,0.0,0.0,0.0,0.0,0.0,0.0
0.3902139443505937,-0.41183208570161645,-1.7874802315329195,-0.07425271983032003,-0.00596657536852531,-0.12551314545638761,-0.6243256771645845,-0.07540891838472044,-0.10392565087050802,-0.8844918483942252,0.0013776980641869347,0.0005439406807757586,-0.4412360675187334,-0.014316495572934317,0.0,-1.2528882630238087,0.20837016041376366,-0.24402142703772153,-0.026961102224025098,-0.2629850329159083,-0.06468443396053632,0.0,0.0,-0.8718861726397161,0.0,0.0,0.0,0.0,0.0,0.0
0.3902139443505937,0.31168897039871835,-0.9762524238317728,0.1500249577647835,0.0002852491539350895,0.001972530946203947,-0.30216904494407687,-0.14824322931440406,-0.020367498756201346,0.1990931296926751,0.003946686991522202,0.00124715787252714,0.25010281493057607,-0.009432968574450676,0.0,0.011815821111880204,0.13354025595318036,0.08537387991377161,-0.001456911569293503,0.007744403652364176,0.21514995805445739,0.0,0.0,0.2567994795206157,0.0,0.0,0.0,0.0,0.0,0.0
0.3902139443505937,-0.2768039648747241,-1.4566277151463514,0.1457981049811891,0.0032477385973428276,-0.015745790282876704,-0.4675791076456274,-0.18483005988996615,0.022195129609965114,-0.05137565025369615,-0.00028210250885788313,0.0008348273709120857,0.22357264442536134,-0.01889848051841987,0.0,0.014463890461967605,0.014351629479055437,-0.39651594185323336,-0.001094777212777023,-0.040250513588242685,-0.055410899905146076,0.0,0.0,-0.7748295256160517,0.0,0.0,0.0,0.0,0.0,0.0
0.3902139443505937,-0.18612462387454573,-1.0380519173598255,-0.006930018373640043,0.0004691652670871892,0.0053096812510150535,-0.5344816051538985,-0.1348586175138047,-0.0669611866944554,-0.3729252785312597,0.0033175686807109246,-0.0009018071008780816,-5.039528169972332,-0.0069289680257204715,0.0,-0.2237264278361069,0.05750747794921284,-0.5054869284256687,-0.004325024908493148,-0.07673677458068624,0.21150943012230253,0.0,0.0,0.0020792333968510344,0.0,0.0,0.0,0.0,0.0,0.0
0.3902139443505937,-0.9018325515554665,-1.1567172015659306,-0.508057242235659,0.0014740594471840441,-0.1665316849745911,0.6279560549525041,0.14530210421134093,-0.010681830649136735,0.07515320316614507,0.003625136000421401,0.0016939852721262643,0.24347838673974193,-0.015529442211449905,0.0,0.012285004066498632,-0.06537520998068427,0.025171781788488418,-0.0011881264666336337,0.030260834229448284,0.1418487947166385,0.0,0.0,0.03364372370514565,0.0,0.0,0.0,0.0,0.0,0.0
0.3902139443505937,3.005827765915693,-0.26307091013105344,0.12404654978138546,0.006169916701598787,0.029793435296253928,-0.37874329529296213,-0.16151942693131013,0.2966361331688309,0.030925497585226367,-0.015668430795306016,-0.01620018164250494,0.28095895522416536,-0.009505304591853512,0.0,-0.010943217124720213,0.036867454246609324,0.10252046005703552,-0.0023219643928001354,-0.18355434180915065,0.2972193766300614,0.0,0.0,0.013807986092143381,0.0,0.0,0.0,0.0,0.0,0.0
0.3902139443505937,-0.08114066374051075,-0.8136803884284833,0.18383016818862344,-0.003646088905328473,0.051585574828105926,0.926805384392044,0.22760673805145995,0.015118845315157945,0.24759039159867324,0.002855869245720497,0.0009511705431649886,0.27995572605356506,-0.011528777606224427,0.0,0.01227432910758113,0.06599194873546349,0.08942205665453551,-0.0015307840907528166,0.011547933990364849,0.14797585420558196,0.0,0.0,0.1290491263438955,0.0,0.0,0.0,0.0,0.0,0.0
0.3902139443505937,0.695238871270407,-1.906752389778762,0.3456346573546906,0.00485552845552418,0.02084985721991682,0.7949477980592429,0.1851950438221524,0.005190990359167363,0.13027840145656316,0.00633327308946148,0.002500008173968476,0.2709846814376678,-0.007928165754238117,0.0,0.0008516273944057001,0.10791597852797874,-0.0026053584501369905,-0.0015311032905556822,0.019998388364425357,0.061383154408875616,0.0,0.0,0.10055349310093144,0.0,0.0,0.0,0.0,0.0,0.0
0.3902139443505937,-0.2195826240508656,-1.2299746865870238,0.10520169793441357,0.001440412148435334,0.005305514998030978,-0.6429489703838103,-0.1867160855718983,-0.10512562433888246,-0.3582177688945783,0.006720679228029912,0.0011891017863763969,0.24442209869934667,-0.01054362197998572,0.0,-0.0005049790667921521,0.05548727486502827,-0.2196739527092292,-0.004338414179103031,-0.11755990843547963,0.20424093065159402,0.0,0.0,-0.27187616018040955,0.0,0.0,0.0,0.0,0.0,0.0
0.3902139443505937,-0.3745621051710137,-2.257529763751836,0.1631983686075895,-0.0031985588905923176,0.02167477123255252,-0.7548975866308756,-0.24588199059588164,-0.17508431356582121,-0.005953387747493108,-0.005580931498555099,-0.0015811183309720673,0.21042948050325014,-0.022360530570215146,0.0,0.001047760656184696,-0.0037056745080146425,-0.025810249857614858,-0.0011890911209662604,0.029699474535991716,0.004571616505446124,0.0,0.0,-1.3551222966766132,0.0,0.0,0.0,0.0,0.0,0.0
0.3902139443505937,-0.20525775066832047,-1.763038541021261,0.2870760264010368,0.00051957849913308,0.007827192456496388,-0.07649553624154366,-0.19959604335249131,0.05836800159399784,0.24604502499173714,0.00038141775977568675,0.0003874850768588676,0.27660285398960127,-0.018315126609108605,0.0,0.00235646733175688,0.07169157714134905,-0.20260290790788307,-0.0040312376106456565,0.04105687627394667,-0.012641025608235466,0.0,0.0,0.056541414376130084,0.0,0.0,0.0,0.0,0.0,0.0
0.3902139443505937,-0.10810171075651581,-1.6917380131907027,-0.5196601801955473,0.0031850123112037916,-0.16628340654180737,0.9399969569842427,0.13507315349691992,-0.01662007084522188,0.11175318476995036,0.005997602857814105,0.0020636409352613517,0.24524402130320602,-0.007492308612338496,0.0,0.02696443251778578,0.033943902933619936,0.02355486920218919,-0.002456776552387117,0.007257061805604547,0.04103679006745667,0.0,0.0,0.05669637129733044,0.0,0.0,0.0,0.0,0.0,0.0
0.3902139443505937,-1.2883267931999902,0.19819356671014474,-0.832361714552516,-0.17695102473209628,-0.057008890689602985,-1.2766204694857821,-0.44134743419166816,0.025559134196843806,-0.5186459858032402,-0.003397903247638058,-0.001206422214970011,0.1989759846002777,-0.009228794616229037,0.0,0.006961573832228089,0.280584366124207,-0.4567333409685103,-0.003974967430519039,0.05633336667147856,-0.38867996560856116,0.0,0.0,-0.27999409736725783,0.0,0.0,0.0,0.0,0.0,0.0
0.3902139443505937,-0.19969930192037572,-1.673200563382394,-0.2610920168412345,-0.000880168064663581,-0.064570527824452,-0.20707418176356993,-0.1768980311784323,0.07094801891892652,-0.14282707574463432,0.003820312136874622,0.0031129917143709693,0.259925033792083,-0.01874894595559213,0.0,0.016506440517660866,-0.18729192942695558,-0.5088708581229912,-0.004009186889831055,-0.005323287875234757,0.7899034909560446,0.0,0.0,0.0670656649943441,0.0,0.0,0.0,0.0,0.0,0.0
0.3902139443505937,-0.6608602003433947,-1.2878870842465229,-0.4597314252070524,-0.004224164913400883,0.018707956991683712,0.5015736090173881,0.09812074633100956,0.0034696845401493114,0.16526762918634577,0.005041951506825763,0.0018474356770477858,0.2526308806234017,-0.010216367283362447,0.0,0.008536597001147854,0.2675702342851042,0.03934717997494889,-0.001405506433574094,0.01961675294570064,0.10771120792813013,0.0,0.0,0.04157996611345999,0.0,0.0,0.0,0.0,0.0,0.0
0.3902139443505937,-0.07022477620824046,4.1124130103814425,0.8665644551227406,0.05778314187057004,-0.024245268880526222,0.15775065094408505,-0.35524773491336953,-0.08367276903292424,0.10680353582115101,0.00010892590044684299,0.0004260099821493202,0.24649252876293778,-0.008312304333991787,0.0,0.012649007898234657,-0.17300398688787008,0.05780306151414269,-0.000874620850367162,0.02083426543838344,0.18067184965733205,0.0,0.0,0.33901461812734257,0.0,0.0,0.0,0.0,0.0,0.0
0.3902139443505937,-0.1415227658174684,0.7501581904697394,-0.028578957193401033,0.01121518697429754,-0.0455850109950591,-3.4129729726018945,-1.0961547819989825,-0.23252283928399917,0.0993643077873252,0.00014098288740359567,0.00014679148018841137,0.208787254587516,-0.0070764722463388646,0.0,0.01483859474473148,-0.1849555698966766,0.06403957672197924,-0.0008735800182873485,0.025307353102314523,0.141649490728351,0.0,0.0,0.038257173127735036,0.0,0.0,0.0,0.0,0.0,0.0
0.3902139443505937,-0.2562791592376566,-1.8096438525890495,0.24278783318612926,-0.013173186457554996,0.014508106753227328,-0.38553233129209,0.14303960106154315,0.01083088567071379,0.14961941588916905,0.004316817100883019,0.0020132199791675427,0.25482093154920343,-0.007772006733127367,0.0,0.008420268743291943,0.07210059368650114,0.035891212643118786,-0.001313506461460028,0.003159808028026463,0.15220809279209319,0.0,0.0,0.04569535011740806,0.0,0.0,0.0,0.0,0.0,0.0
0.3902139443505937,-0.4409054211121271,3.63164663067717,-0.1424624348876399,0.005060295897687821,0.026409408318087944,0.4157010931208798,0.3401585380644469,-0.049349264853100476,0.1402627934027423,0.000928040333724098,0.0005998752380363366,0.24358052394656846,-0.006614965762962187,0.0,0.007083655919362389,-0.2115845968358996,0.03674443939129012,-0.009918459952629279,0.021219836004901942,0.11083302401197061,0.0,0.0,0.03882914474515708,0.0,0.0,0.0,0.0,0.0,0.0
0.3902139443505937,-0.7994820138957274,4.940695462009866,0.11131241729762015,0.018994496590811382,0.011993360102136013,1.916794110607506,0.4519254837548527,-0.03326146783927876,0.1319204505342146,0.0010893925738967073,0.0005930148026417011,0.25832555480871766,-0.005427986682136939,0.0,0.017861645626886583,0.005706991630073695,0.03959105300901878,-0.0015885777254888672,0.026037045704945715,0.10780469400204307,0.0,0.0,0.0630180543768905,0.0,0.0,0.0,0.0,0.0,0.0
0.3902139443505937,0.40495818859803595,0.7469955328502093,-0.8246833163802667,-0.05814231705341179,-0.04409364670495374,-3.117133134352898,-0.7870007964701011,-0.19253212895550145,0.10567152115273011,0.00032171593290945247,0.0002047050315163116,0.20105913621773852,-0.00895957526143476,0.0,0.014031360101044731,-0.2720428715332959,0.05390635543893416,-0.0008396953003287724,0.026324309514960634,0.14510222552792432,0.0,0.0,0.04796781370136859,0.0,0.0,0.0,0.0,0.0,0.0
0.3902139443505937,-0.9050383959615641,-1.262046330895837,-0.6667048443044017,0.0025581994561754318,-0.26894099176243935,0.5679222953358858,0.13610470700204824,-0.013298743539314458,0.07368367649024932,0.00359863932271937,0.0016981693049125353,0.23455450114700926,-0.012050703016287226,0.0,0.015301258657039811,-0.02444664402959412,0.026063656441147963,-0.0018513100130143414,0.029931765790598586,0.13514539289802283,0.0,0.0,0.030395143732021786,0.0,0.0,0.0,0.0,0.0,0.0
0.3902139443505937,0.8562476980601809,-1.4623822297622773,0.25596778800756137,0.0074499939900631905,0.020648212564035213,-1.0396310811833378,-0.27887028520751467,-0.04356099536507318,0.09615706719301752,0.004870648749640546,0.0018754063576728256,0.2506339504261813,-0.006084439388202367,0.0,0.009818374313949397,0.012473096271416562,0.013732835357295128,-0.0013936340269915483,0.015198181023532719,0.09278518524092075,0.0,0.0,-0.0009534041468621176,0.0,0.0,0.0,0.0,0.0,0.0
0.3902139443505937,-0.35219552774058965,-0.7910160581255712,-0.14213948436396281,0.0048160921612939115,-0.024576619747736603,-0.4008374247589002,-0.16958353639493642,0.040581305652692815,0.032762738929283976,0.0035616776368128373,0.0016816319571460261,0.2239296206306395,-0.012211731342166611,0.0,0.010552545013718766,-0.00956847808732093,0.1386149978429763,-0.0011269200278881722,-0.07533090942772774,-0.38979152221815483,0.0,0.0,0.551625340339753,0.0,0.0,0.0,0.0,0.0,0.0
0.3902139443505937,-0.32593218017548886,-1.2738923058552323,0.003701196978521321,0.003975168254875608,-0.03823570017284398,-0.4697851001255742,-0.16109880199242735,-0.022586800333807798,-0.3435953169746025,0.005665411477810695,0.0011910653499659519,0.24397134806566714,-0.01515278089667813,0.0,0.007914614246965192,-0.14063354268923536,0.09793192764038862,-0.004059873608820618,-0.05444876577640866,-0.15224282174903261,0.0,0.0,-0.7594447729933165,0.0,0.0,0.0,0.0,0.0,0.0
0.3902139443505937,-0.6013993995261002,-0.9624007696320139,0.25792501132057394,0.00718678347538125,0.012007878865245998,-0.6524793540873642,-0.20461840693344183,0.018181742974905934,-0.08806277102118863,0.0004728030374316225,-0.0001507361433090157,0.2268155341194911,-0.01583218509533243,0.0,0.011242262320228203,-0.11353732512160383,-0.08756234775536897,-0.0011336931274068603,0.021044971859737586,0.18324157198054128,0.0,0.0,-0.35216153660579114,0.0,0.0,0.0,0.0,0.0,0.0
0.3902139443505937,-0.41491252540939116,-1.1580243850653016,-0.7067830160783365,0.006925589093517108,-0.006927833794783526,-0.34615914065184517,-0.15967564775883156,0.10281924311482585,-0.4524104262029,0.0015231343166616225,0.0013272433109661422,0.2391318532244554,-0.01776630025482254,0.0,0.03064879266938458,0.2154921505314775,-0.19739507729843445,-0.004293720996837258,-0.0536818093661746,0.15593375976607854,0.0,0.0,-0.3544843723621523,0.0,0.0,0.0,0.0,0.0,0.0
0.3902139443505937,-0.5955260122591134,-0.9135278359691829,-0.3621173882039787,0.004244743391716073,-0.0357250116856004,-0.27850875326845237,-0.1454238691971162,0.14577033543875828,-0.25370865782974905,-0.001871488258496123,-0.0005377156613616701,0.2392247750592223,-0.016854626670916827,0.0,0.16679336930244223,0.27662908603549163,-0.015511246002846852,-0.004290503013481196,-0.057352746801717376,0.4378860257414752,0.0,0.0,-0.14331857179436985,0.0,0.0,0.0,0.0,0.0,0.0
0.3902139443505937,-0.3418680134883199,-1.7988021374386305,0.16226895384121126,-0.003347746863393133,0.008958619972751667,0.2778098581052688,0.09376602982165694,0.015571030020303007,0.12819214838685047,0.004938679542898237,0.0020056333545161436,0.25954172812740517,-0.019594590834054387,0.0,0.00664174437897267,-0.3829290676342314,0.030188262471811732,-0.0011003292058201896,0.00803935329403244,0.15586583258652054,0.0,0.0,0.036130068695765585,0.0,0.0,0.0,0.0,0.0,0.0
0.3902139443505937,-0.30366432039069285,-1.3033153489151097,0.09289769366025037,0.004053867024714887,-0.006592320784440485,-0.677665125179274,-0.18721041111005424,-0.11370370547914509,-0.3615893176363677,0.00687926197169202,0.002028219302212671,0.2432370944348082,-0.010141450043760512,0.0,0.02881787491915585,0.06302580997015549,-0.228871795033307,-0.004249071191187659,-0.17664080578068458,0.16614132597831358,0.0,0.0,-0.29279490300655536,0.0,0.0,0.0,0.0,0.0,0.0
0.3902139443505937,-0.12184445449153729,-1.2784439215185308,0.29858224004647,0.0009461294687099477,-0.008508022222676945,-0.7036319723163481,-0.183299807377002,-0.05638492992065203,-0.32435979248006414,0.0026893433852208594,0.0008929323482132518,0.2431786422181702,-0.009418693698395009,0.0,0.01605045565129923,0.11202777962370511,-0.06252188233011038,-0.004287139165846587,-0.07936616336743048,-0.003154577320860682,0.0,0.0,-0.22481473364022078,0.0,0.0,0.0,0.0,0.0,0.0
0.3902139443505937,-0.731018645784469,5.2034198326806855,0.0829891610544418,0.016628643956212687,0.0032422431253701146,1.983760704605807,0.5682777458995842,-0.03239165168163165,0.12842617288339578,0.0010873914708806858,0.0005738047434720576,0.25700685952396024,-0.005839533503546366,0.0,0.01749048118314782,0.016208584497837224,0.04046780249445613,-0.0015885777254888672,0.02617468122260479,0.10063088885156495,0.0,0.0,0.053867016555977816,0.0,0.0,0.0,0.0,0.0,0.0
0.3902139443505937,-0.23567256264583694,1.9192349291852024,-0.08239461846206256,0.030354805422688612,-0.033775249918197005,-1.9072390076056032,-0.7230091438765409,-0.20452585656864553,0.10008709541146203,0.0005591439326117362,0.00022086556677034953,0.22571183032413217,-0.008118724833131797,0.0,0.013174644900711782,-0.16636511817030772,0.047540035292573224,-0.0008739643117592913,0.01385907487172047,0.1226963201303921,0.0,0.0,0.094196711785381,0.0,0.0,0.0,0.0,0.0,0.0
0.3902139443505937,0.20472849292429154,-1.3244153896830608,0.12531324685094997,0.002964142445950497,-0.005844469369557943,-0.3853094301297346,-0.1781717345833409,-0.011515048064801098,-0.31838877747339434,0.005838100055445519,0.0019619213047924384,0.2653781041742008,-0.00792390001898581,0.0,-0.022385846590955095,0.030736511306849047,-0.2503811983462033,-0.005883840435119625,-0.03791625124382973,-0.19116947898310416,0.0,0.0,-0.14622716350814294,0.0,0.0,0.0,0.0,0.0,0.0
0.3902139443505937,0.9534275662332342,-1.0614085120121661,0.3571729294134554,0.001128306807506157,0.00457373387513931,-0.7714342850072731,-0.17700008983644394,-0.05846732593522135,-0.4125111880124685,0.007480059972519671,0.002661458202183577,0.2753030180481011,-0.008009998521689448,0.0,0.008670604073170093,0.06746991063091133,-0.20375702939321486,-0.005221274934999226,0.0837210645431612,0.15714426485706692,0.0,0.0,0.04040650625527354,0.0,0.0,0.0,0.0,0.0,0.0
0.3902139443505937,-0.2822955981515694,-0.8076644547349456,-0.32901173780725573,0.00016644052147330525,-0.012202027085048545,-0.6880748787633169,-0.16758591776603293,0.08424589893714993,-0.3913155252453392,0.0023815353587659685,-0.00010465653840727983,0.23303483950432494,-0.009013650123443667,0.0,0.006837657972140742,0.16368327190191387,-0.3066429542272589,-0.0043922235892788295,-0.14254232871437783,-0.5143441301447532,0.0,0.0,-0.5977368879533921,0.0,0.0,0.0,0.0,0.0,0.0
0.3902139443505937,-1.2884205790583165,0.33252185230572856,-0.5254514661248698,-0.16553594814558625,0.03859468231439895,-1.2196093054309909,-0.4079241384079083,0.11260345889996316,-0.5125832039964379,0.0013641281721842404,0.0007393336435078129,0.20884066068961352,-0.009187189618348166,0.0,0.010949163406621745,0.26529594767897113,-0.30628160430477375,-0.003978203021415137,0.09774965409344502,0.4908455030461971,0.0,0.0,0.032325956585344894,0.0,0.0,0.0,0.0,0.0,0.0
0.3902139443505937,-0.21379612079511026,-1.6532039306684452,0.39808790403953703,-0.003629119573656461,0.03787633041050833,0.7379521255871335,0.1430522205055303,0.012856657845464626,0.21319638749804742,0.004910869259499055,0.0021180879877897895,0.27869519887499866,-0.010464321024714233,0.0,0.003235533223366056,0.4284194516987886,0.043742513237458466,-0.001313506461460028,0.001911306330442164,0.16472700603727858,0.0,0.0,0.05524422537102937,0.0,0.0,0.0,0.0,0.0,0.0
0.3902139443505937,1.654200993830359,-1.3911097141403845,0.37660352092178545,0.002379075581208837,0.00827113753706888,-0.16943845734589016,-0.1700437894828439,-0.03443840366205341,-0.459061729910053,0.00956781680024652,0.005817910953386159,0.26631263511174935,-0.012256316753909051,0.0,0.01383730786222457,-0.07888630410042226,0.13182172511711837,-0.004578586812528635,-0.04880233349339758,0.15851829798588138,0.0,0.0,0.16664451121066617,0.0,0.0,0.0,0.0,0.0,0.0
0.3902139443505937,-0.4390919483904437,-1.4664120304422787,-0.363582097484587,-0.002601677111976019,-0.14080481653529003,0.9158726055909491,0.09787567224661849,0.010180250236045478,0.12229035263146881,0.003597039802651795,0.001105193852628943,0.24680766410145533,-0.006933930442776129,0.0,0.024075368048638548,-0.10926573499280504,0.04785693080766837,-0.0018736041341796362,0.0177777617556517,0.10943471728866395,0.0,0.0,0.03450990005428331,0.0,0.0,0.0,0.0,0.0,0.0
0.3902139443505937,-0.5297973026552636,3.919216395123105,-0.17101732713753953,0.012586573726577423,-0.1542730134639937,2.34078538651328,0.34469110507366285,-0.03754354855613347,0.09876119849226953,0.0013922967251378704,0.0005668190171702909,0.23840038628463667,-0.007718808471979131,0.0,0.019682823018657994,-0.07969674640522116,0.03802594832454408,-0.0017802498797952976,0.029400804226768062,0.10681940903530164,0.0,0.0,0.06698095331290897,0.0,0.0,0.0,0.0,0.0,0.0
0.3902139443505937,-0.4558159433785349,-1.6351250155810906,0.045971044594173664,-0.0034501605764525652,0.008354902685961802,0.14885433696779818,0.13149612038565467,0.005766086372243728,0.13185041308697912,0.00490552367174458,0.001929435484644889,0.2572399208792142,-0.014240709835820627,0.0,0.009022704570086415,-0.1077762794175295,0.03437527109881897,-0.0011507546259991377,0.01650338048871834,0.1594270864920391,0.0,0.0,0.046631121911534165,0.0,0.0,0.0,0.0,0.0,0.0
0.3902139443505937,0.39173134140814303,-1.8300656166804425,-0.2374660507430969,-0.003235507531237862,0.009794127426542273,0.8251041923814904,0.15578435152675746,-0.007033232346631159,0.11120418391879366,0.0054413721392271176,0.001545286015737478,0.2620908853539726,-0.012586412835071854,0.0,0.002848804079636904,0.0781703157119757,0.028571459083620406,-0.0016053623131628597,0.01057024755543311,-0.014506963790340431,0.0,0.0,0.03547143014467519,0.0,0.0,0.0,0.0,0.0,0.0
0.3902139443505937,-0.8778551375858624,-1.1897412003377685,-0.5081953334367478,0.0006982663181390869,-0.18044891076687283,0.6218013644362123,0.12040473272965659,-0.013055506973198079,0.1311950500141783,0.003760346546403274,0.0017019091365756583,0.24574961184630817,-0.011573082730604927,0.0,0.006591766666992414,0.11942164570347558,0.027167408171304225,-0.0013983222094299634,0.026680359311924508,0.1378774657379177,0.0,0.0,0.004588195112818374,0.0,0.0,0.0,0.0,0.0,0.0
0.3902139443505937,0.7304341683489038,3.7327067670828695,-0.31064357345783733,0.022909525288611527,-0.07506786966542246,1.3138656056975244,0.4174891247827166,-0.06380627581718146,0.10774669139482644,0.0020831236797026194,0.0010073361108038895,0.2569905986735854,-0.003978974848960824,0.0,0.0034890866130848843,0.361598950361995,0.027488731587690315,-0.001532541530372005,0.026542588277334633,-0.0006454510793905695,0.0,0.0,0.04443133411845989,0.0,0.0,0.0,0.0,0.0,0.0
0.3902139443505937,-1.7097819216107317,-0.771453046207894,0.3914985681835777,0.0037755194111188067,0.0023680863702390943,-0.3853969123470713,-0.0996627454626911,0.1636569333665228,-0.36165499848538224,0.0010846820330744637,0.0006522962482291972,0.2341235447584212,-0.01784029690053917,0.0,0.010768897745417894,0.1720447228880542,-0.3677963513073145,-0.00426841918043876,-0.051422190400884527,0.27980133015915853,0.0,0.0,0.10481237435615612,0.0,0.0,0.0,0.0,0.0,0.0
0.3902139443505937,0.7741211793041043,-2.3236930861307106,-0.37666124198121126,-0.00027215011906327804,0.02607981262734316,0.7774304380782132,0.15446217129605486,-0.003768359603122583,0.11805175372417161,0.003658590869526244,0.0020304371201402723,0.26796092851977915,-0.0048756047389959915,0.0,0.0057335012948182005,-0.10733379061585813,0.004047017611268294,-0.0014822282526997174,0.018638202313755327,0.11190643044462927,0.0,0.0,0.01428129991317766,0.0,0.0,0.0,0.0,0.0,0.0
0.3902139443505937,0.26466272569321836,-0.8427105465228111,-0.32173662547374354,0.029547803376592047,-0.039977334814887806,1.0501691272792002,0.1270418741973246,7.287128243860158e-06,0.1299139207581591,0.005726407491643343,0.0016589920759232306,0.2597984521950992,-0.008889970665134993,0.0,0.014311780245339087,-0.07563149082060816,0.0053172215811742056,-0.0014573691045820963,0.028018349757447398,0.022738455724477302,0.0,0.0,0.10145195287205376,0.0,0.0,0.0,0.0,0.0,0.0
0.3902139443505937,-0.23092496953343683,-0.9690450613219558,-0.1422948997104175,0.002270110414974191,-0.02062488844231896,-0.3641674973448623,-0.17031192401968295,0.025133208946401055,-0.021167806485873467,0.0028182250209443558,0.0005576605749787089,0.22499571890521586,-0.013425046987806263,0.0,0.011522707015764216,-0.13221857101283313,-0.11474270118928133,-0.0011550323998720051,0.033140786316973606,0.1398740788515497,0.0,0.0,-0.4169801188557019,0.0,0.0,0.0,0.0,0.0,0.0
0.3902139443505937,-0.5081882778069566,-1.2584994336242974,0.3224885685002798,0.003523635502381445,-0.03154786319548662,-0.33284176427915707,-0.16293053727264734,0.009039887518158535,-0.36830540351493685,0.004180155252359342,0.0016493198559723457,0.23300362452317472,-0.01569023772685627,0.0,-0.0034718409776496213,0.08216164588407386,-0.27389465912529853,-0.0038539439102211782,-0.07725909498621893,-0.7775791272410507,0.0,0.0,-0.85929092304065,0.0,0.0,0.0,0.0,0.0,0.0
0.3902139443505937,-0.2059048356442348,-1.2625731264832307,-0.716824368745367,0.006282959308406406,0.0081239754911043,-0.6375438760541469,-0.19349372509207538,0.1951937922032252,-0.47937462144085874,0.0049816975143887055,0.0021090204879457048,0.24134998233083682,-0.00793187091823489,0.0,0.027529275042986488,0.16531701977430419,-0.5095020293949667,-0.006084137580398544,-0.09408548644428247,0.0011744399350262066,0.0,0.0,-0.1480673869024593,0.0,0.0,0.0,0.0,0.0,0.0
0.3902139443505937,-0.6905174621905508,-0.5718697180738486,-0.5012790393979342,0.004358301372430616,-0.04357726933516497,-0.16360382294100256,-0.16378604924376594,0.1633105498442823,-0.27864678289969724,0.0049331871537885265,0.001245163774760588,0.23867303746605445,-0.015734839877803455,0.0,0.006142574663078126,0.3332402186531619,-0.13646185611900452,-0.004436860457724345,0.048168677125920795,-0.2053585291990813,0.0,0.0,0.12732860116250225,0.0,0.0,0.0,0.0,0.0,0.0
0.3902139443505937,-1.4775919511600129,-0.08529213180860513,-0.056743402818287325,0.002799683505778146,-0.05118382325153667,-3.4288237923117157,-0.7517744952987023,-0.2421451676101654,0.07852647631672881,0.00023941334761993295,6.112847289640978e-05,0.19819239765103427,-0.009361437285089029,0.0,0.012010840815717965,-0.11400759791801021,0.03673744164776753,-0.0008643266631692982,0.02207717160985129,0.05949380194125479,0.0,0.0,-0.07703190223491191,0.0,0.0,0.0,0.0,0.0,0.0
0.3902139443505937,-0.3197349984454689,-1.6961372531948549,0.1655472248607571,7.591337341896955e-05,0.0038633516402090833,-0.21187469382534768,-0.15243242083482483,-0.09042755245849662,-0.31576401580974045,-0.00042851801853691443,-0.00040697816099666365,-5.328653652759409,-0.013350640397419311,0.0,-0.0002572683268919481,0.2247841259176931,-0.29610438619280466,-0.004490937795667008,0.07351499632665098,-0.4237720231874429,0.0,0.0,0.18312495809224671,0.0,0.0,0.0,0.0,0.0,0.0
0.3902139443505937,0.03298642323161361,3.366672232319085,0.48352112326837005,0.0034799387418136592,0.007578245079272777,1.7125400697951938,0.44308839100579717,-0.055520871240441666,0.1004748102854577,0.0008038342393299199,0.0009661310209641197,0.26415435695498024,-0.009372387298551737,0.0,0.013067214926536001,-0.07070018717455825,0.03593212489582705,-0.001038346366276586,0.021175825374301384,0.10015816160205701,0.0,0.0,0.04462690138048989,0.0,0.0,0.0,0.0,0.0,0.0
0.3902139443505937,-0.30018025749443994,-0.0880564537450839,-0.1968149463668083,0.007864409791777051,-0.02467465296470451,-3.7483302641878877,-1.1366075082172102,-0.27664076070524485,0.0882888199182597,0.0004204305279469381,0.00023221393240590001,0.20185833349189403,-0.007587127409278775,0.0,0.014753602206849362,-0.23829338445476056,0.0281865329591962,-0.0008735800182873485,0.015705641496487784,0.09482648141175068,0.0,0.0,-0.10842509148916812,0.0,0.0,0.0,0.0,0.0,0.0
0.3902139443505937,0.3563121053885818,4.02479204985727,-0.1686361286794392,0.00830999788616894,-0.006361617820327134,1.8130113119663707,0.4211688889196136,-0.04481100846718392,0.11813324210062366,0.001979716591977676,0.0007991929724196051,0.25578955851686214,-0.004531942192641367,0.0,0.012956154965964518,-0.045552863300257075,0.004811646205054461,-0.001818532045356963,0.01303988461572065,0.040772402128453955,0.0,0.0,0.028046955009922794,0.0,0.0,0.0,0.0,0.0,0.0
0.3902139443505937,1.666858607495464,1.9520438705153624,0.6018690177173913,0.011226734403796696,-0.04181056172458666,-1.5266850164491694,-0.6096525449774315,-0.22293735761366568,0.07386944367005101,0.0012747458752632745,0.0008626166013354093,0.23298973662810477,-0.004809689467369944,0.0,0.009549342003502855,-0.07199734057838211,0.03478256913210334,-0.0011071517435255341,0.019016193617113823,0.03689673717008863,0.0,0.0,0.10164032130460565,0.0,0.0,0.0,0.0,0.0,0.0
0.3902139443505937,1.2933538484797011,4.748456778049026,0.18636214948467342,0.014717317513486254,0.02974945902451,2.4697354798238735,0.6364823257148114,-0.051965752423248725,0.11277737326192884,0.0013155265894827456,0.0007137169452960336,0.27065124134469676,-0.004835303096974368,0.0,0.0096639035252886,-0.03486860907526259,0.01379086693481562,-0.0017172451008079877,0.017116939222204027,0.04655433111082928,0.0,0.0,0.008510180419169303,0.0,0.0,0.0,0.0,0.0,0.0
0.3902139443505937,0.990140475844712,3.7243141991866167,0.1394609053167756,0.021568630172355985,0.008166562290265477,-0.0315589543431402,-0.2334253491256116,0.838608580180356,0.1010801582901685,0.0005626453205271608,-0.00026956589699896874,0.25056141275765564,-0.00836618300159385,0.0,0.0020118069539094563,-0.10348789610286058,0.003785205157948691,-0.00224185868653084,0.05864883248607372,0.10146356339171761,0.0,0.0,0.5745156796105205,0.0,0.0,0.0,0.0,0.0,0.0
0.3902139443505937,-0.5494684415276816,-0.8071072328348928,0.44727940514326514,0.006957085313647165,0.016386938245217295,-0.45732516707168475,-0.19421718649253003,0.18097988532909043,-0.040623701097744186,-0.001279027375808366,-0.0002618172000523094,0.22988389971812148,-0.015534029222397643,0.0,0.007594079689850444,-0.08105764520423976,-0.09671638002533765,-0.001161094239572303,-0.28432490819744544,0.10697029455218071,0.0,0.0,-0.1523601495705994,0.0,0.0,0.0,0.0,0.0,0.0
0.3902139443505937,1.0819794509426826,-2.3195441610645227,-0.3138735093825544,0.0017198305241701145,-0.20822655282144503,0.8898369241911086,0.14117999542938955,-0.004576661513839808,0.14081788251881033,0.005783840092658091,0.0018892482075008837,0.2690753796250405,-0.005881589683725928,0.0,0.003963579529136166,0.1867591534515874,-0.0034809336353348315,-0.001564612085794568,0.017475896199582282,0.06516192279566795,0.0,0.0,0.008779725708698047,0.0,0.0,0.0,0.0,0.0,0.0
0.3902139443505937,-0.4034280581331667,4.032950202795924,-0.45816508224657004,0.00986295787429341,-0.009309082136954621,1.9334332844340159,0.4764339091334484,-0.037800609703201905,0.1222697908099432,0.0015463261057027445,0.0007211543737907321,0.24807238228283376,-0.007884588206434564,0.0,0.018300281099677088,-0.12829743497699372,0.046731896192595566,-0.0019310771421621553,0.02036627294790176,0.06518463574573442,0.0,0.0,0.028386445625654896,0.0,0.0,0.0,0.0,0.0,0.0
0.3902139443505937,0.5193866592777455,-2.226034447631079,0.34402310364866073,-0.011842867924777732,0.017452835332650032,0.1435875554465906,0.1408492027279328,-0.012982191474780583,0.11028151136001049,0.0057923530724995065,0.002311834873881746,0.2655893741243195,-0.003904130118089344,0.0,0.006938878820885219,-0.14761493348815127,0.015882536442335855,-0.0016023186880218167,0.017986606411142837,0.049231002289738965,0.0,0.0,0.025825271132823534,0.0,0.0,0.0,0.0,0.0,0.0
0.3902139443505937,0.4220620269472366,-2.132040417899632,0.2850145337769446,0.0010164627515300223,0.017103599438497576,-0.6246699419806602,-0.21872928245435896,-0.00719647390244929,-0.075870184102548,0.0013863233276742032,0.002137025582666284,0.2453358027844823,-0.010522050481575942,0.0,0.0007415116851354265,0.12252378413695417,-0.11996355573430868,-0.002736850214125061,0.04126280041636959,0.30913937369767014,0.0,0.0,0.19861344179303916,0.0,0.0,0.0,0.0,0.0,0.0
0.3902139443505937,1.5973662154936519,2.894842552272275,0.6639008694559311,0.0374214450913415,-0.020267267827954294,-1.3503982730167166,-0.70341953436201,-0.1922256299763149,0.07246427148573567,0.0006569007114357915,0.0004671946921602575,0.2397458857403555,-0.00442048393334721,0.0,0.009758606141461212,0.0028224837480104567,0.01610180575323275,-0.0010139525881025938,0.02015581435139676,0.05629250154751399,0.0,0.0,0.0719292215998882,0.0,0.0,0.0,0.0,0.0,0.0
0.3902139443505937,-0.29188779988263175,-1.453924016171436,-0.18290219330828378,-0.001039959011772365,0.03381451275632075,0.8637396348125141,0.1665419219286257,-0.00037312598712715766,0.13792480962524323,0.0036627006411848696,0.0011202093654371305,0.25709420475715045,-0.016393866306452082,0.0,0.01407349467995603,-0.016808116175228552,0.07702207689765321,-0.0013535150014421225,0.019160162825674072,0.09897584916939452,0.0,0.0,0.006738505017952087,0.0,0.0,0.0,0.0,0.0,0.0
0.3902139443505937,-0.6903727251273588,-0.987130196409614,-0.31089884413050506,0.0025539621648713057,-0.06789969917986279,-0.5696124371196009,-0.169134575145492,0.07300656116774609,0.09166409159449034,0.004701410691928809,0.0022662840770028302,0.21382895542381125,-0.014328100293745155,0.0,-0.011267959736479247,0.1905606435325957,-0.13995510635594102,-0.0015391714498888796,-0.16349318801062176,0.4506851742970852,0.0,0.0,-0.11456842254617837,0.0,0.0,0.0,0.0,0.0,0.0
0.3902139443505937,-0.12323825918650265,-1.2202776389244796,0.20276510435558914,0.002799703380412923,0.007932646335144209,-0.6744563004832526,-0.1934726909299183,-0.11366230099258552,-0.364723043888171,0.006854278094923358,0.0018931652286209436,0.2411341622977289,-0.010258554532593386,0.0,0.016047663711897444,0.0593815980477003,-0.4155560972986907,-0.0043070384969173155,-0.11194774221487933,0.1301601075635395,0.0,0.0,-0.10442115614299369,0.0,0.0,0.0,0.0,0.0,0.0
0.3902139443505937,0.22473001026037756,2.932640916386383,0.18573247195222214,0.0034867811071726523,0.015103537749065806,1.9871973892662957,0.28384875679173344,-0.06866275782156415,0.10628493220430954,0.0005906988603564072,0.000996639911892052,0.2541253495393955,-0.008122934062287996,0.0,0.010763238491601577,-0.12965671940164575,0.03571541532555805,-0.001202735760280283,0.0123107323441299,0.10420409530138786,0.0,0.0,0.020877349600054263,0.0,0.0,0.0,0.0,0.0,0.0
0.3902139443505937,-0.7497266291554836,-1.3481453538124324,-0.35559065730048606,0.006919307633791795,0.043717792876908905,-0.5542201481279051,-0.2089431101206217,0.05153088757886277,-0.010190657293819615,-0.0008018142353934918,-0.0003223611569217706,0.19513511588989127,-0.019515602939776014,0.0,0.00010937619959645363,-0.21157656017800236,-0.15663190180015468,-0.0011718238141763973,-0.4460059134602003,-0.845469337425736,0.0,0.0,-0.41357323887595254,0.0,0.0,0.0,0.0,0.0,0.0
0.3902139443505937,0.9852920282057851,1.51926399352937,0.3963902575495132,0.025636423342150542,-0.013181411350761759,-2.508129636859645,-0.4764307948060375,-0.22271552984381565,0.07899631248637068,0.0011320066823645003,0.0008400285528705069,0.22027330091156547,-0.005564637857273115,0.0,0.009169229259190507,-0.20594157006655764,-0.03342449869189512,-0.0011045375090995772,0.017430668037783256,0.002614751228992069,0.0,0.0,-0.06441195318514649,0.0,0.0,0.0,0.0,0.0,0.0
0.3902139443505937,1.5678254138092715,0.309445653452846,-0.33854364916783936,0.02818811625791737,-0.0061130274444716,1.3660485678678955,0.20122474584575095,-0.05848409268500633,0.09127887040592313,0.0038214453061661048,0.001515728662623432,0.27763056504864564,-0.008532305409785296,0.0,0.009501608618297058,-0.08711612533698695,-0.018999511301393122,-0.0014475406661244874,0.03403583064445777,0.04970835725816866,0.0,0.0,0.05639824941842497,0.0,0.0,0.0,0.0,0.0,0.0
0.3902139443505937,-0.5409997785503486,-1.3117237936147697,0.14838260552143206,-0.004977462518458846,0.035740901584942114,0.5033568746692354,0.08564734487960285,0.0006198061009854804,0.19134245646395528,0.0037093194200551647,0.0016401387616382342,0.26187260829238224,-0.007019033468925044,0.0,0.011552101569850036,0.05021733781746638,0.03286916637913941,-0.0013755579669312702,0.012940220692514366,0.15565438967942002,0.0,0.0,0.02445291186267785,0.0,0.0,0.0,0.0,0.0,0.0
0.3902139443505937,2.69939030370161,-0.3583879636349865,-0.29778577157370567,0.0031205341145553525,0.04819828741320322,1.226019148516028,0.21476790701057066,-0.012991793709077423,0.13296398853370459,0.005795942805197152,0.0021590582088742995,0.29531082056114955,-0.005551922297820884,0.0,0.015174261382658772,-0.014490508657915598,0.008398358041718828,-0.002563173116076883,0.018238135968708588,0.03007775910560203,0.0,0.0,0.03742173631619289,0.0,0.0,0.0,0.0,0.0,0.0
0.3902139443505937,-0.8778551375858624,-1.1897412003377685,-0.5081953334367478,0.0006982663181390869,-0.18044891076687283,0.6218013644362123,0.12040473272965659,-0.013055506973198079,0.1311950500141783,0.003760346546403274,0.0017019091365756583,0.24574961184630817,-0.011573082730604927,0.0,0.006591766666992414,0.11942164570347558,0.027167408171304225,-0.0013983222094299634,0.026680359311924508,0.1378774657379177,0.0,0.0,0.004588195112818374,0.0,0.0,0.0,0.0,0.0,0.0
0.3902139443505937,0.054470278937741666,-0.6578405472520038,0.23620551796757963,0.021088476271391408,0.03500271655243283,-0.21205801175858283,-0.1534107829486507,0.015819268316688898,-0.5081002140371075,0.0020387173706922193,0.0005497039776806084,0.26457253719442664,-0.015898111149539807,0.0,0.01753043815267695,0.20548550364888826,-0.02977848477424621,-0.004166913451535709,0.00796579373200881,0.37563515073914583,0.0,0.0,0.09680564040093226,0.0,0.0,0.0,0.0,0.0,0.0
0.3902139443505937,0.1877790062381643,-1.0630498264892585,0.2890982761714233,0.005319469330296709,-0.015380553873362676,-0.48913264768401093,-0.17718837237783,0.01270152509536251,0.014787462599208418,-0.002896980470865193,-0.0008180494508889608,0.23809135472119702,-0.013966242662386988,0.0,0.003623307531735557,-0.08959860917670448,0.0276244988227022,-0.0013400829608069174,0.04659795258931568,0.05148628560819041,0.0,0.0,0.27465343312426116,0.0,0.0,0.0,0.0,0.0,0.0
0.3902139443505937,-0.44184992519747435,0.2786348073731371,0.1503688912775455,0.004021905977934887,0.021370097398204658,-0.1752218442481414,-0.06863564377617525,0.26353622117949943,-0.19062319365551122,-0.0014663232623771583,-0.0018252724847321509,4.095481576931361,-0.00781187222957224,0.0,0.09810178076250023,0.2978315903851977,0.3612676544220476,-0.004511760583509434,0.049563491509719615,0.18174500852696368,0.0,0.0,0.773670494332505,0.0,0.0,0.0,0.0,0.0,0.0
0.3902139443505937,1.9421481551854152,1.0303618052647714,-0.5854826502936585,0.009219806456817881,-0.07207688865193111,-0.07041636594012927,-0.14204287788918554,0.6116171421147435,-0.3320051720949272,0.005223022796584076,0.001453208931664496,0.2873757645533354,-0.007768288067938395,0.0,0.016002372252789873,0.29327762974637683,-0.17389475398705884,-0.0044753003078503726,-0.14564661615652122,0.14698573243769547,0.0,0.0,0.803513755446227,0.0,0.0,0.0,0.0,0.0,0.0
0.3902139443505937,-0.5694976358705887,-0.25661044444258657,0.3117600588396769,-0.0011904756562534276,0.07699370366752582,1.2927694747683176,0.2415733432429429,-0.017974155573162322,0.17470888354545366,0.0019717415870589418,0.001096353261851447,0.2746474053712738,-0.007494352227406229,0.0,0.02157205461114478,0.00967128272611429,0.02578776773365542,-0.002188368902692308,0.03428581339434407,0.1607483430439424,0.0,0.0,0.08173316406473903,0.0,0.0,0.0,0.0,0.0,0.0
0.3902139443505937,-0.7380705568829393,-0.7341522248942658,-0.3359165635080004,0.005985521357660557,-0.0450129736994871,-0.874652114494929,-0.20261284503058447,0.20458375207689422,-0.326550387756095,0.0036172631642254864,7.192491223187311e-05,0.2135791825853456,-0.01287198495719372,0.0,-0.0030044200755910927,0.2876736328666274,-0.3613002600117461,-0.004833559014205889,0.09205473877585396,-0.6404321218373965,0.0,0.0,-0.3739317321520758,0.0,0.0,0.0,0.0,0.0,0.0
0.3902139443505937,-0.05573370938478294,4.241481840105907,0.5239632955972745,0.008427607930445854,0.050759195638652874,1.069534604876469,0.45360641947251856,-0.05860669485246283,0.1269904273482642,0.0009082828488544036,0.0006789494872736976,0.25665376193620804,-0.0050996250213119,0.0,0.02235420834780804,-0.07074028429092753,0.03469368250687663,-0.0021114157636718004,0.023814864294759003,0.11660419570215776,0.0,0.0,0.021019217461783236,0.0,0.0,0.0,0.0,0.0,0.0
0.3902139443505937,-0.7733566731482983,-0.7907604500539639,-0.4664888664476271,0.006660263008770329,-0.05343757125813813,-0.5296954553985893,-0.19289189866244202,0.2360048475737281,-0.2598743118799772,0.0023085662182965984,0.0007796618112457113,0.2263455315316714,-0.012171835540593848,0.0,0.01535141275035785,0.2026984673886007,-0.41719975374856416,-0.004732607538439994,0.09161603780903914,-0.03592450522368479,0.0,0.0,-0.19468016585548342,0.0,0.0,0.0,0.0,0.0,0.0
0.3902139443505937,-0.016073842492479104,-1.0013331278379365,-0.12617835498001767,0.0015475499573849387,0.00759313599956041,-0.2687742167538203,-0.1443370100496624,0.0016160176107868538,0.31576666047083574,0.0011384157671385392,0.00044491166225121923,0.2412461782609832,-0.02150266883827566,0.0,0.0026996378644581352,0.13520758213787623,-0.4402745186993588,-0.0013167982845981557,-0.053882334058394606,0.31189509252231934,0.0,0.0,-0.10980228890804095,0.0,0.0,0.0,0.0,0.0,0.0
0.3902139443505937,-1.7722685477095046,-1.9863528347364179,-0.0023765260703026776,-0.04838373855350205,0.054339387834449464,1.0191428780835157,0.16623489434787894,0.01750435603174236,0.15028337130068012,0.0016018247028192095,0.0006730644072451066,0.24677125332344432,-0.01619642041075833,0.0,0.016895292022031855,0.005405040837895793,0.08281274238094809,-0.0016886813292776469,0.024653437626968765,0.11816300708275215,0.0,0.0,0.16016060933634413,0.0,0.0,0.0,0.0,0.0,0.0
0.3902139443505937,-0.47462565132544815,-0.817896662054942,-0.1670810738330017,0.0031855169412577,0.011561818899779577,-0.4798803515467594,-0.17142352785221632,0.06164035235437202,0.07377159510904249,-0.00362096429586821,-0.0006754468055997443,0.23701786511334194,-0.018947737270833914,0.0,0.003885084776873965,0.05767172748589192,-0.31979369858529505,-0.001165107542916632,0.06348107223617828,-0.7136080058243947,0.0,0.0,-0.044795339905983785,0.0,0.0,0.0,0.0,0.0,0.0
0.3902139443505937,-0.601920666366291,-0.8548826849817779,0.06038545957994713,0.004919866620196693,0.05724266152531719,-0.08251615245517864,-0.18783710594034564,0.10852428670742836,-0.28044984240234944,0.007262281130253407,0.002327943514969164,0.2482713778523235,-0.0134727479275498,0.0,0.012220338399468702,-0.062478297531118124,-0.12593255924843416,-0.0041736429312782,0.0015703828099834934,0.11647344021070194,0.0,0.0,0.46982317105412574,0.0,0.0,0.0,0.0,0.0,0.0
0.3902139443505937,-0.9121697148846604,4.134105228608442,0.22807604540968565,0.01530787406981166,0.03036946482555105,1.1922094447709815,0.5448346970288608,-0.054016508519479464,0.1240007999081191,0.001109573055612515,0.0004636545609183184,0.251102438464857,-0.005911978375902034,0.0,0.018573194647077847,0.029156578236675716,0.04061056867881305,-0.002099079507182031,0.028319551262154425,0.09624369428665294,0.0,0.0,0.03657761791007363,0.0,0.0,0.0,0.0,0.0,0.0
0.3902139443505937,-0.21379612079511026,-1.6532039306684452,0.39808790403953703,-0.003629119573656461,0.03787633041050833,0.7379521255871335,0.1430522205055303,0.012856657845464626,0.21319638749804742,0.004910869259499055,0.0021180879877897895,0.27869519887499866,-0.010464321024714233,0.0,0.003235533223366056,0.4284194516987886,0.043742513237458466,-0.001313506461460028,0.001911306330442164,0.16472700603727858,0.0,0.0,0.05524422537102937,0.0,0.0,0.0,0.0,0.0,0.0
0.3902139443505937,-0.7857818536583879,-1.2313976980036196,-0.5812914596758544,0.00035632034101572686,0.03407251377323398,1.0751425086893216,0.15339099092170191,0.004441425395463273,0.12816902460462593,0.005119159121881601,0.0018888889409042478,0.24667519102991617,-0.011110687008999927,0.0,0.022661638723639622,-0.09976759372057939,0.03455050082835645,-0.0025328270548785935,0.025147233425630147,0.107739916612082,0.0,0.0,0.05859860708071767,0.0,0.0,0.0,0.0,0.0,0.0
0.3902139443505937,-0.1569909424847568,-0.8841393813476053,0.23440171279369146,0.0021111770180949493,-0.004695620516854829,-0.11171949686197034,-0.03813180978187436,-0.05802623899478028,-0.3521972339390951,-0.0003994231367716758,-0.0013110255913356915,2.987590282057077,-0.0076775146194427565,0.0,-0.9693923241127068,0.1462057105095541,0.0023124862592832436,-0.004949218047129763,0.20160271621121234,0.13229419981157056,0.0,0.0,1.1704450267382625,0.0,0.0,0.0,0.0,0.0,0.0
0.3902139443505937,-0.8878247641107812,-1.4619725244987982,-0.6201308331447698,0.006682768157704848,-0.05496959115723058,-0.6029623338998129,-0.19959438175662916,0.18340970921150698,-0.017811163482545214,0.11743017083176405,-0.02241738067598393,0.18152536010914166,-0.018613112722643026,0.0,-0.012472034391055898,-0.03225483685781879,-0.180849548465337,-0.0012409630539979843,-0.25403219824092677,-1.114616786168569,0.0,0.0,-0.47477932615115076,0.0,0.0,0.0,0.0,0.0,0.0
0.3902139443505937,-0.30366432039069285,-1.3033153489151097,0.09289769366025037,0.004053867024714887,-0.006592320784440485,-0.677665125179274,-0.18721041111005424,-0.11370370547914509,-0.3615893176363677,0.00687926197169202,0.002028219302212671,0.2432370944348082,-0.010141450043760512,0.0,0.02881787491915585,0.06302580997015549,-0.228871795033307,-0.004249071191187659,-0.17664080578068458,0.16614132597831358,0.0,0.0,-0.29279490300655536,0.0,0.0,0.0,0.0,0.0,0.0
0.3902139443505937,1.719460701217564,-1.3604779775398232,0.9821596223765497,0.0038310006349409997,0.0012468855682603772,-0.0547473569709672,-0.12952856251894485,0.009134451910566782,0.04506575989379429,0.003915027328995625,0.004171703615986262,0.30247002511034893,-0.009262361793827832,0.0,0.013428946498122563,0.112188078203454,1.0456570228392732,-0.004167218446258438,0.1488140095912774,-0.1922291198110242,0.0,0.0,0.7027212547868494,0.0,0.0,0.0,0.0,0.0,0.0
0.3902139443505937,-0.7857818536583879,-1.2313976980036196,-0.5812914596758544,0.00035632034101572686,0.03407251377323398,1.0751425086893216,0.15339099092170191,0.004441425395463273,0.12816902460462593,0.005119159121881601,0.0018888889409042478,0.24667519102991617,-0.011110687008999927,0.0,0.022661638723639622,-0.09976759372057939,0.03455050082835645,-0.0025328270548785935,0.025147233425630147,0.107739916612082,0.0,0.0,0.05859860708071767,0.0,0.0,0.0,0.0,0.0,0.0
0.3902139443505937,0.9287047993644906,-0.636380481553815,-0.006506646128936719,-0.0038509223998163854,0.028120123144790718,0.8441952478587214,0.22390808901309964,0.009712298046443042,0.10234941561354516,0.0044683799594134955,0.0017602235606739812,0.28392808853400775,-0.011638781045944843,0.0,-0.0002888434069797986,0.03174847184874047,0.04053730571568112,-0.0015045954777989908,0.002451898079263723,0.10888494787974588,0.0,0.0,0.23574920250692052,0.0,0.0,0.0,0.0,0.0,0.0
0.3902139443505937,-0.28777265244041306,3.729944130433257,-0.034937958380391154,0.0030855069162779797,0.004827724289910589,1.9280995236015768,0.30850117736376753,-0.03757653674624397,0.1656667488360875,0.0011941446889078837,0.0006493293618730537,0.2472978616781959,-0.00677594320002568,0.0,0.015987739855491984,0.19334853027343663,0.05847650870548243,-0.0020027257803223253,0.032056030312088875,0.1209623494511527,0.0,0.0,0.10406943528570586,0.0,0.0,0.0,0.0,0.0,0.0
0.3902139443505937,1.3759041148223699,-1.4550113066838828,0.21566608203356233,0.005005054657230068,0.010677559283083424,-0.5875763743443942,-0.17762543040682724,-0.056852265747563954,0.041828172119888755,-0.001781553207245949,0.0007309204855177966,0.24622276128031412,-0.010179632482957834,0.0,0.006449638865110692,-0.11346238535073566,0.1502686814684186,-0.0013771651488690766,-0.14096380313997864,-1.1993469453051304,0.0,0.0,0.18195512677661313,0.0,0.0,0.0,0.0,0.0,0.0
0.3902139443505937,-1.2394784092512998,-1.2936955571764215,-0.7004956859827252,0.005372863569228639,-0.15777980310895454,-0.4424733287360169,-0.17222830470503744,-0.049638119664526366,-0.014599439664414297,-5.656565851521164e-05,-0.0002754278467869856,0.2028270531963275,-0.017569776062370483,0.0,0.006348588558100681,0.5305790751721777,-0.4415534371867737,-0.00122051832380299,-0.2783075036015823,-0.9377813692895552,0.0,0.0,-0.5086013239347175,0.0,0.0,0.0,0.0,0.0,0.0
0.3902139443505937,0.16574785943242393,3.207048751875754,0.1028930739942364,0.002857712570043918,0.0059045703352455245,1.7056912328357998,0.46062694945698657,-0.06470639072018866,0.09497906986904389,0.0010140764677232827,0.0009612981186213778,0.25634694826632975,-0.01986978455187617,0.0,0.008575245011116395,-0.22060428357946826,0.0355912700667504,-0.0010121725214750708,0.01107875282294163,0.10086659342987389,0.0,0.0,0.02297235739135094,0.0,0.0,0.0,0.0,0.0,0.0
0.3902139443505937,-0.8141943054102999,-1.145653854645926,-0.5168576881684559,-0.004500118934514884,-0.16433505730045858,0.5728225358804322,0.12040237107538766,-0.01292966050337156,0.12965533673773338,0.0038885200323314256,0.0017276479863397442,0.2461558145499163,-0.01060877204882243,0.0,0.006173986445186534,0.13759405675245712,0.02815556840203131,-0.0013983222094299634,0.026227131122405167,0.13826812577935166,0.0,0.0,0.004980531059268853,0.0,0.0,0.0,0.0,0.0,0.0
0.3902139443505937,-0.10763903320876633,4.535810385747464,-0.14543089018415187,-0.0006797844027393678,0.07402691838470545,1.0850264828149123,0.37531441798068194,-0.029536796373192228,0.06423111474339781,0.0015965941865151564,0.0009726258849392021,0.24990220353894096,-0.007221496232414992,0.0,0.013000235857517467,0.12345395273638698,0.03786243312751708,-0.0010570607111273643,0.019960677297456292,0.09039333590980851,0.0,0.0,0.043236521635376,0.0,0.0,0.0,0.0,0.0,0.0
0.3902139443505937,0.11487095949268324,-1.8292421541337545,-0.05364806401202223,0.005283143453628911,-0.024748881580647787,0.14115620066612403,0.1146269282137701,0.0077148845315907185,0.1159392003253748,0.005783052947684041,0.0020084210657430003,0.2583054870398432,-0.007126185772720721,0.0,0.0038387068007306817,-0.15390848406644916,-0.004858182450718023,-0.001365119690796962,0.025014922953852638,0.05211695410594153,0.0,0.0,0.06349239897767812,0.0,0.0,0.0,0.0,0.0,0.0
0.3902139443505937,-0.7129151552408973,-1.2038795176933677,-0.4550516393306505,-0.015104895200975969,-0.10057590448043909,-0.22642552448673564,0.12038975163140049,-0.014214421271028767,0.09040552141054194,0.0035584479192765114,0.0016858650109905008,0.23177174323301253,-0.009608161020254056,0.0,0.012510329809656044,-0.02847962066213659,0.025265679303760974,-0.0013983222094299634,0.024156588881596906,0.1348171428744323,0.0,0.0,0.004483414346011866,0.0,0.0,0.0,0.0,0.0,0.0
0.3902139443505937,-0.15872198479875063,-1.1125670953241868,-0.28168402839969525,-0.019799958658528117,-0.02424862513774266,-0.6556514103728569,-0.13984346312045373,-0.07092964773432493,-0.4900918682409034,0.0022291581212571738,9.712174246058832e-05,-4.862716061813724,-0.005792660664028671,0.0,0.011897001723590485,0.1209225874452434,-0.3419593488630077,-0.00458912046403321,-0.05913372889218516,-0.3918197336622038,0.0,0.0,-0.1745071564789374,0.0,0.0,0.0,0.0,0.0,0.0
0.3902139443505937,-0.2791128435716307,-2.082458630102726,-0.5536379251002991,-0.0031625326469388866,0.024677520440791446,0.7537094765080854,0.1467314999687723,0.010604020847855954,0.11813576047773186,0.0040740152946562,0.001377180441152956,0.26037057926968077,-0.012382656432014364,0.0,-0.0008049169102809228,-0.04131717411022652,-0.0025981474297751216,-0.001625799874659281,-0.016442919574247653,-0.026559592903950213,0.0,0.0,-0.021822208782277926,0.0,0.0,0.0,0.0,0.0,0.0
0.3902139443505937,0.8596747349711145,-0.8451025928419731,-0.09501771782086525,0.007945731814062893,0.008807298704329237,-0.3921190129203053,-0.2026828618060882,0.011025931083573434,-0.0016195654660886068,0.00482940893927941,0.0017157042645097914,0.24494069765603516,-0.012333906464568084,0.0,0.004039425335299859,-0.14279865490555474,0.4539655258963254,-0.0021732865903664866,-0.04806378989518206,-0.0007659435430290546,0.0,0.0,0.4764829114976791,0.0,0.0,0.0,0.0,0.0,0.0
0.3902139443505937,0.11487095949268324,-1.8292421541337545,-0.05364806401202223,0.005283143453628911,-0.024748881580647787,0.14115620066612403,0.1146269282137701,0.0077148845315907185,0.1159392003253748,0.005783052947684041,0.0020084210657430003,0.2583054870398432,-0.007126185772720721,0.0,0.0038387068007306817,-0.15390848406644916,-0.004858182450718023,-0.001365119690796962,0.025014922953852638,0.05211695410594153,0.0,0.0,0.06349239897767812,0.0,0.0,0.0,0.0,0.0,0.0
0.3902139443505937,0.5589750317528321,-1.3235420541890044,0.2762798537734323,0.005358937174743687,0.0067540917933105234,-0.550025242746369,-0.1843222186039337,-0.013346764018640964,0.046916212095595794,-0.0016437141153943398,0.0003120293722394763,0.24975778996198622,-0.009741912018328986,0.0,0.006627710350727522,-0.07834450473585958,0.1875548886443676,-0.0022890206631707077,-0.05294814149454108,-0.10482778492867804,0.0,0.0,0.6428493559745189,0.0,0.0,0.0,0.0,0.0,0.0
0.3902139443505937,-0.43352659785542375,-1.3828916885196476,0.28233356062000053,0.004144967261422102,0.006529114081835651,-0.2602213875682512,-0.1485231126867286,0.038638763872766935,0.10201403806235423,0.005570588107804714,0.0005959949543133251,0.2395779427103216,-0.016632437587960753,0.0,-0.001573354628710905,-0.1667843114631248,-0.16198955803770637,-0.0014183060313887035,0.0037604026503279854,-0.9555485436448076,0.0,0.0,1.3491708094991892,0.0,0.0,0.0,0.0,0.0,0.0
0.3902139443505937,-0.3120270085942102,-0.4249945078710608,0.257428652355333,0.051669128334839706,0.05481415121546233,1.1247820558008415,0.21505576551307268,0.028001296216690914,0.1918723906627493,0.0029484169001041216,0.0010705752242035455,0.2676593353153423,-0.015087528255512652,0.0,0.019620484138025383,-0.11528472954312066,0.07972343440103874,-0.0016517695245294953,0.01637299141741445,0.1188430493418106,0.0,0.0,0.22198097512684992,0.0,0.0,0.0,0.0,0.0,0.0
0.3902139443505937,-0.2562791592376566,-1.8096438525890495,0.24278783318612926,-0.013173186457554996,0.014508106753227328,-0.38553233129209,0.14303960106154315,0.01083088567071379,0.14961941588916905,0.004316817100883019,0.0020132199791675427,0.25482093154920343,-0.007772006733127367,0.0,0.008420268743291943,0.07210059368650114,0.035891212643118786,-0.001313506461460028,0.003159808028026463,0.15220809279209319,0.0,0.0,0.04569535011740806,0.0,0.0,0.0,0.0,0.0,0.0
0.3902139443505937,0.940518680140531,-2.3556822814268927,0.16071158154045687,0.003962720769474177,0.030786985734345074,0.7345748261398632,0.1662650818649805,0.001666008408758504,0.11338109317925313,0.004941730771837708,0.002075242330579336,0.2728327264194274,-0.008451562246360213,0.0,0.0015328319719875457,-0.05175069558833105,-0.008755951794724133,-0.0014514892824521388,0.01648628002103092,0.07278367241503356,0.0,0.0,0.017719186432433618,0.0,0.0,0.0,0.0,0.0,0.0
0.3902139443505937,-0.11183272452606538,-0.870738403406642,-0.02747221347275751,0.0010690146896879704,-0.004223178673787501,-0.02434427873976061,-0.015552644492379641,-0.04092135817619914,-0.3388397006727926,0.00357986279741095,-0.0008556066057098404,3.5953498700197057,-0.007804479584339783,0.0,-0.05485263456916541,0.06665186893751718,-0.42381962707331516,-0.004336634731524822,0.10477074569671928,0.2402375418484242,0.0,0.0,1.1485698314027442,0.0,0.0,0.0,0.0,0.0,0.0
0.3902139443505937,0.5186894676941274,4.352012989119394,-0.3022420583917866,0.020587589510112133,0.023327896987908655,2.086551061129737,0.47280743433521294,-0.046603950459689576,0.12114233925813606,0.002037323954394898,0.00080367998353733,0.25160169062507093,-0.005329151753133936,0.0,0.015293238676522262,-0.0038706648940260327,0.028540066051203083,-0.0021931809799450755,0.016866465678715893,0.014587297276664118,0.0,0.0,0.05520619928967565,0.0,0.0,0.0,0.0,0.0,0.0
0.3902139443505937,-0.2555628501561656,4.05205164290659,-0.21589066843885854,0.014198633077225773,0.02700326697309605,0.9124292497374752,0.4266323871551939,-0.05178425708612966,0.10936992012227088,0.001085280333213661,0.0005805225580591919,0.24699810002397168,-0.007623087269051653,0.0,0.014532268242715097,0.03236567827879375,0.037172813345934086,-0.002067150044674416,0.02337869588378237,0.10715818547046492,0.0,0.0,0.0291706174824484,0.0,0.0,0.0,0.0,0.0,0.0
0.3902139443505937,-0.7856487144856419,-1.0296187694219503,-0.5242600659363014,0.0017968137947876551,-0.10827637690110962,-0.7365237418226799,-0.18670668896491371,0.1258063559968088,0.010529707743588392,0.005688034652056254,0.0007664902282721043,0.19607853346899798,-0.014117622492456893,0.0,-0.009815718524640872,0.0633029787937525,-0.1947033598979454,-0.0017541203910899565,-0.1870656174333728,-0.05427885106018896,0.0,0.0,-0.7393658137708193,0.0,0.0,0.0,0.0,0.0,0.0
0.3902139443505937,-0.969698353200602,1.824883186921513,-0.7228822047390706,-0.002053817953677764,-0.007548229963161997,1.7264853181443025,0.15283562481992105,-0.05969571206862155,0.12459263487254302,0.0009781976643231732,0.0010164383484923027,0.23219890487214528,-0.007754745689196493,0.0,0.012835171360085579,-0.10980658525605162,0.041408035477813944,-0.001556648262981252,0.02433514202762921,0.10196474707724962,0.0,0.0,0.032462005114493535,0.0,0.0,0.0,0.0,0.0,0.0
0.3902139443505937,-0.1766998167286187,-1.1606858823904926,0.3168000485172985,0.0041958664002708,0.00950184739927021,-0.947817759813443,-0.18595008080752698,-0.11762656578156401,-0.35206541614038833,0.0016134086115299163,0.00015160640112859089,0.2422131112218522,-0.009933356959270865,0.0,0.011317336627349758,0.12322070195929696,-0.2960105359156308,-0.004223133377077784,0.01705961073784093,-0.027617829734843405,0.0,0.0,-0.39950570264472446,0.0,0.0,0.0,0.0,0.0,0.0
0.3902139443505937,-0.11875624708066106,0.2389869544404254,-0.24122895323530752,0.005739855420869197,-0.006706943590256608,-4.605148214202875,-1.212517812955456,-0.31096302110108864,0.06472062779788612,0.0008712615235730252,0.00025973025429540484,0.20183023901440184,-0.005189175421812375,0.0,0.00855660253039443,-0.1481258661218317,-0.06445632326920316,-0.001034176856114085,0.012397718801763095,0.0062101839901646146,0.0,0.0,-0.16824199558487923,0.0,0.0,0.0,0.0,0.0,0.0
0.3902139443505937,-0.44357484246198153,-0.8007371091124788,-0.32448744071449315,0.005297651610584294,0.013944068636874182,-0.23880777143263318,-0.19306689010854677,0.06246785334355957,0.04957131730115839,0.0007037521181663559,0.00024954521178987047,0.25576022038624385,-0.013277179786979919,0.0,0.010991622418588112,-0.07044386728108537,0.5825238030123007,-0.004187646907216003,0.03408054923331379,0.23899929623450417,0.0,0.0,0.26398181657948017,0.0,0.0,0.0,0.0,0.0,0.0
0.3902139443505937,-0.25040347760458387,-1.3641438815022278,0.18569708861074202,-0.0010047513336363951,0.030048084380820326,0.948702708810309,0.2218490182574112,0.008546417615095172,0.13866667557834528,0.00315711022196034,0.00097547949024378,0.27051803538330654,-0.014615814778957488,0.0,0.01349841705847528,-0.03184719454278351,0.08554329330298786,-0.0013491304777952199,0.01573954335187159,0.16267879310211644,0.0,0.0,0.01803025070708201,0.0,0.0,0.0,0.0,0.0,0.0
0.3902139443505937,-0.414582753313133,-1.5995149991005992,0.08269328010943505,0.0011605753403189755,0.01978280904184564,0.5166266556427219,0.13150365907379913,0.005543371373751821,0.13876896086410678,0.005027285644028816,0.0019144220841580382,0.2636435444648077,-0.017702860569278465,0.0,0.010753450267388233,-0.06386190159558393,0.034330242329409115,-0.0011507546259991377,0.018100172812743266,0.1629461665482239,0.0,0.0,0.0468558288607036,0.0,0.0,0.0,0.0,0.0,0.0
0.3902139443505937,-0.44623444612858965,-1.4698650968801288,0.23812465743483605,-0.007439126402165638,0.010165750585895647,1.359909108706243,0.1894508780527103,0.015993803163050175,0.19951240566502648,0.0021519784976281775,0.0008249931760357433,0.2720608667701235,-0.003973835436683871,0.0,0.02027508993636278,0.021634652559204083,0.09199605011936739,-0.001686298384912704,0.03128489865129936,0.1661584029204527,0.0,0.0,0.11870043532417793,0.0,0.0,0.0,0.0,0.0,0.0
0.3902139443505937,-0.1370890046437517,3.748892666437667,0.14940916570992718,0.010977355725942568,0.04196577435160527,1.3330894482640647,0.5025682319231004,-0.04919965853027387,0.12524376966778752,0.0011275700900312987,0.0005557080276773682,0.25304120429317206,-0.005779285562002032,0.0,0.018428611321796375,0.01305943323717189,0.04087490144571551,-0.002099079507182031,0.029951899303108157,0.11451028829519573,0.0,0.0,0.05032943357208991,0.0,0.0,0.0,0.0,0.0,0.0
0.3902139443505937,-1.4775919511600129,-0.08529213180860513,-0.056743402818287325,0.002799683505778146,-0.05118382325153667,-3.4288237923117157,-0.7517744952987023,-0.2421451676101654,0.07852647631672881,0.00023941334761993295,6.112847289640978e-05,0.19819239765103427,-0.009361437285089029,0.0,0.012010840815717965,-0.11400759791801021,0.03673744164776753,-0.0008643266631692982,0.02207717160985129,0.05949380194125479,0.0,0.0,-0.07703190223491191,0.0,0.0,0.0,0.0,0.0,0.0
0.3902139443505937,-0.4344168086424226,-1.3817791035496119,-0.1755438971061139,-0.0022082320462562107,-0.060438851278919486,0.5675213071639633,0.13605682465212646,0.011779857638898094,0.10057267987053581,0.003728676511070108,0.0010707381895572435,0.2557244880401037,-0.011915714898974682,0.0,0.011250957384312572,-0.06941861082546287,0.04989961564063466,-0.001150414965511703,0.017179666698368228,0.11382960205532122,0.0,0.0,0.04599131499936907,0.0,0.0,0.0,0.0,0.0,0.0
0.3902139443505937,-1.1706649127810633,0.4485871654077776,-0.06818668346106606,0.03631667546779405,-0.06856571491917174,-2.034656396896077,-0.9713187021381993,-0.22421577828304085,0.08015985742914979,0.00038915025005207843,0.00020090309929912973,0.217563578185201,-0.009085623181739331,0.0,0.012239759683275132,-0.16427523604012545,0.04479504925796301,-0.000864710956641241,0.01956428278201055,0.10675533026807764,0.0,0.0,0.1128233953712345,0.0,0.0,0.0,0.0,0.0,0.0
0.3902139443505937,0.24180058090188805,2.3675105188275047,-0.9516956896598938,0.003888451799293603,-1.30994513763149,-0.9055880979563832,0.304820561187675,-0.15736605750643573,0.0764642789112698,0.0012527576922854295,0.00048295528668602765,0.21822052348604568,-0.0058835177089514535,0.0,0.007813311478270128,-0.024010536858484994,-0.017907726570564206,-0.0030071881436529013,0.01421396130439924,-0.0025748481023985443,0.0,0.0,-0.03208924327188155,0.0,0.0,0.0,0.0,0.0,0.0
0.3902139443505937,1.3900074404077662,3.0098463017494184,0.583090986128199,0.0002639612323711483,0.010146761987649642,2.295463809032453,0.16622358879892163,-0.06530876207247698,0.11822284840593184,0.0010309039353559952,0.001081687385494577,0.25893281211506974,-0.003412860709345107,0.0,0.014986375448560985,0.007662867184485986,0.02127339429530269,-0.001829286512695717,0.020249666398641755,0.043617347270515694,0.0,0.0,0.027070353995569712,0.0,0.0,0.0,0.0,0.0,0.0
0.3902139443505937,-0.8990811154809484,1.8843879182131706,0.3526548514180589,0.04757253505713004,0.011630839440113635,-0.7394612811183153,-0.6718881156195347,-0.1938430969926726,0.09651516065367974,2.94791866817743e-05,0.0007041946447334967,0.23175210984390351,-0.008905480034941713,0.0,0.011039897197037005,-0.11330694817083178,0.052509521580901684,-0.000874620850367162,0.02009598265005928,0.1505261005349638,0.0,0.0,0.25475567774758756,0.0,0.0,0.0,0.0,0.0,0.0
0.3902139443505937,-0.5191606470707945,-1.380464408998769,0.22743764533519403,0.001426966283529236,0.016096142826626587,-0.4260127122363899,-0.1300024911506144,0.3099369346886876,-0.38592171991540836,0.0043726269647480715,0.0007071467147373876,0.24238146821385753,-0.010776712858759073,0.0,0.01434485731631508,0.09310531032943058,-0.36929109670959187,-0.004653739820523428,-0.04539155694137942,0.2605202199674377,0.0,0.0,0.23139305268253998,0.0,0.0,0.0,0.0,0.0,0.0
0.3902139443505937,-0.7857818536583879,-1.2313976980036196,-0.5812914596758544,0.00035632034101572686,0.03407251377323398,1.0751425086893216,0.15339099092170191,0.004441425395463273,0.12816902460462593,0.005119159121881601,0.0018888889409042478,0.24667519102991617,-0.011110687008999927,0.0,0.022661638723639622,-0.09976759372057939,0.03455050082835645,-0.0025328270548785935,0.025147233425630147,0.107739916612082,0.0,0.0,0.05859860708071767,0.0,0.0,0.0,0.0,0.0,0.0
0.3902139443505937,-0.7857818536583879,-1.2313976980036196,-0.5812914596758544,0.00035632034101572686,0.03407251377323398,1.0751425086893216,0.15339099092170191,0.004441425395463273,0.12816902460462593,0.005119159121881601,0.0018888889409042478,0.24667519102991617,-0.011110687008999927,0.0,0.022661638723639622,-0.09976759372057939,0.03455050082835645,-0.0025328270548785935,0.025147233425630147,0.107739916612082,0.0,0.0,0.05859860708071767,0.0,0.0,0.0,0.0,0.0,0.0
0.3902139443505937,-0.07141975391730085,4.737917999149283,0.20601832937304565,0.015341706129387437,0.042992341422215294,1.222412011713136,0.4886354376123022,-0.0593907602663309,0.12333300028984541,0.001290850191688291,0.0005019583492927928,0.24712578445611003,-0.006775575801025477,0.0,0.020316311383524403,0.016846889015362385,0.0457208715504873,-0.002177636261940037,0.025270378446158773,0.07258472996308792,0.0,0.0,0.03220722158856693,0.0,0.0,0.0,0.0,0.0,0.0
0.3902139443505937,0.9904252304455492,0.6636109555570164,-0.4644003978336453,0.012630153377339163,-0.03683836912719923,-1.6947685428343773,-0.45221517168372977,-0.2898273045859127,0.05745489279234584,7.82981543092664e-05,0.0007618234588196633,0.23220677202231046,-0.006663432743001239,0.0,0.006193502006690289,-0.18722591505324174,-0.0034234583775649254,-0.0010253077944679773,0.015441990391444775,0.022420972398071528,0.0,0.0,0.04832350025412567,0.0,0.0,0.0,0.0,0.0,0.0
0.3902139443505937,-0.2519400367903064,-0.7705147456211453,-0.11962949070597863,-0.034542970960073485,-0.004968449702675916,-0.390113040038202,-0.18461284594317962,0.0207478797186192,0.12767941597947874,0.002599819682948682,0.0014594273690978308,0.2547593298967669,1.035681977604324,0.0,0.005676055648592211,0.13212175716714333,-0.2893954731591532,-0.003003518663472035,-0.012482330626618195,-0.1449905347523058,0.0,0.0,0.14844014168750136,0.0,0.0,0.0,0.0,0.0,0.0
0.3902139443505937,-0.566051330705053,-0.5577482817562271,-0.2455355140407865,0.004505359568558102,-0.04903357255571279,-0.29501454630387486,-0.15317105197698652,0.27138285405351675,0.017161448687491667,-0.002769704012201792,-0.0009491055178236554,0.23238831476827665,-0.01589541864092334,0.0,0.00975938705395383,-0.016820861056706802,0.17577628215525315,-0.0011953311265732935,0.11634661539979922,0.6418307710352934,0.0,0.0,0.7309585364420075,0.0,0.0,0.0,0.0,0.0,0.0
0.3902139443505937,2.7716229553125484,-0.3379494057903917,0.005135822759379884,0.005027815900176224,0.04667342838028881,1.1325741363545767,0.21430484567514999,-0.011294947507418506,0.12221292057421825,0.005795118631802325,0.0021492128119456064,0.29852777789437046,-0.005574839033657733,0.0,0.008427599128258488,0.028846669990713045,0.011528563083436215,-0.0018921857919343042,0.016621357787862237,0.03801012940370891,0.0,0.0,0.03707046488664909,0.0,0.0,0.0,0.0,0.0,0.0
0.3902139443505937,-0.26293091586900674,-1.5740705575246838,0.3209289315699197,-0.0010010336973328567,0.03128723038441699,0.9635722295433362,0.20401049854551237,0.026554386797074423,0.14801774046542238,0.0029932933660391007,0.0011211107393388283,0.27136017919598493,-0.014058023268846483,0.0,0.01589733347757599,0.0164528315344889,0.07302618504798133,-0.001349236641429105,0.017353538222213215,0.15375975440666892,0.0,0.0,0.027235637296596404,0.0,0.0,0.0,0.0,0.0,0.0
0.3902139443505937,-0.8724542464619013,-0.9448651469345358,0.21655136340311953,-0.0024793567012004435,0.0468968720271758,-0.8163675666732922,-0.1887183530484211,0.01334473088087651,-0.44233992952538087,0.0021909926362969198,0.0004488688347168699,0.22646120799866953,-0.007753474092858089,0.0,0.02576217773553343,0.17911291988163003,-0.07184780264049448,-0.004517551682050818,0.04777312371012339,-0.48462624822424444,0.0,0.0,-0.5586912676700698,0.0,0.0,0.0,0.0,0.0,0.0
0.3902139443505937,2.863047092048398,0.21244518514584468,-0.347130932760225,0.0023253214683584284,0.05829932292201082,1.2172567676790045,0.22591565920865064,-0.013224946054786616,0.12832771639031246,0.00579243183006138,0.0022536984898501476,0.289068442848036,-0.005689213077094949,0.0,0.016960819463603855,-0.005093113864751344,0.012422835330907031,-0.002562358264649392,0.01802961318559878,0.048832469822050244,0.0,0.0,0.05035193517266236,0.0,0.0,0.0,0.0,0.0,0.0
0.3902139443505937,-0.01589126039493522,-1.7094466179140533,0.11221210062896675,0.0027106799389661315,-0.002403252718751219,-0.4078208373469474,-0.19235912026362978,-0.005414625685817298,-0.3434197814090565,0.01064220244538984,0.004674238881463065,0.2601792214199903,-0.012484987795548887,0.0,0.010868871671805782,0.0614368862149279,-0.22929645778552196,-0.004829347857554881,-0.211491183472073,-0.18970084032027512,0.0,0.0,-0.11981852284361737,0.0,0.0,0.0,0.0,0.0,0.0
0.3902139443505937,-0.3102696864495434,-1.4464569984310554,0.11760031695247922,0.004473534201269964,-0.004359588961337007,-0.4387714915202127,-0.15394722900604285,0.19919545013323173,-0.03581325100807712,0.0029986736203675896,8.353357365285841e-06,0.22902371345730244,-0.014885679488416279,0.0,0.003329769099893504,0.13079925525194144,0.030112648500475476,-0.0014047052425180816,0.1322199302414663,0.3068015013225063,0.0,0.0,0.12005181720920438,0.0,0.0,0.0,0.0,0.0,0.0
0.3902139443505937,-0.62167370270562,-1.5862609298689325,-0.39347450902473335,0.006924133210172831,0.008992732704474371,-0.5032945120005201,-0.20962005568955072,-0.04491420842871977,-0.023018903195690655,-0.006023462584998444,-0.0011212762093800314,0.20754825478137687,-0.01939112972633589,0.0,0.005902952006315439,-0.1954768063952602,0.1798940667220156,-0.001251191142500739,-0.14270719119340528,0.32931123390968,0.0,0.0,-1.0695815025753779,0.0,0.0,0.0,0.0,0.0,0.0
0.3902139443505937,-0.7129151552408973,-1.2038795176933677,-0.4550516393306505,-0.015104895200975969,-0.10057590448043909,-0.22642552448673564,0.12038975163140049,-0.014214421271028767,0.09040552141054194,0.0035584479192765114,0.0016858650109905008,0.23177174323301253,-0.009608161020254056,0.0,0.012510329809656044,-0.02847962066213659,0.025265679303760974,-0.0013983222094299634,0.024156588881596906,0.1348171428744323,0.0,0.0,0.004483414346011866,0.0,0.0,0.0,0.0,0.0,0.0
0.3902139443505937,-0.6411669640436229,1.373683365062005,-0.45641947670309796,0.013912011424271056,-0.08941571255419681,-3.2170212907342797,-0.7491790520006997,-0.21513393728831703,0.07837291383484168,0.0006316698039205415,0.00014906722037928143,0.19870970250326947,-0.00912464039502765,0.0,0.013092778216835733,-0.19452772848861713,0.03957587933003961,-0.0009036724798293234,0.022078558680464967,0.040322187979679,0.0,0.0,-0.07807801075212001,0.0,0.0,0.0,0.0,0.0,0.0
0.3902139443505937,1.2735362403049915,-2.2221631809143654,0.293139823889315,0.0013966326187910716,0.044865049218880716,0.926974607496037,0.20376347590507116,7.756887821611998e-05,0.15124680088997228,0.0048347574910901255,0.0020474096522950084,0.2919078868853371,-0.009437355542177452,0.0,-0.0022308884201666123,0.2914315358896353,0.0042925552254176064,-0.0014687753295994795,0.011537796366924744,0.07880276237028719,0.0,0.0,0.02762822789403648,0.0,0.0,0.0,0.0,0.0,0.0
0.3902139443505937,0.054470278937741666,-0.6578405472520038,0.23620551796757963,0.021088476271391408,0.03500271655243283,-0.21205801175858283,-0.1534107829486507,0.015819268316688898,-0.5081002140371075,0.0020387173706922193,0.0005497039776806084,0.26457253719442664,-0.015898111149539807,0.0,0.01753043815267695,0.20548550364888826,-0.02977848477424621,-0.004166913451535709,0.00796579373200881,0.37563515073914583,0.0,0.0,0.09680564040093226,0.0,0.0,0.0,0.0,0.0,0.0
0.3902139443505937,0.09445198807472148,4.400209633555124,0.3429263517674973,0.008395112884854816,0.05602099766386437,1.0670840104232242,0.4735004477969019,-0.06271405614706727,0.13130375313281661,0.0014363850725175676,0.0006507551458239181,0.25681585664372714,-0.005722269172104479,0.0,0.020778565623727784,-0.09162247395555262,0.036820707869818135,-0.002099079507182031,0.020826553416944688,0.11642856242430377,0.0,0.0,0.030778875943890588,0.0,0.0,0.0,0.0,0.0,0.0
0.3902139443505937,1.094021333268179,3.1345717886559847,-0.21735688915211285,0.008959793395551842,0.021691486805806202,1.9493105825349757,0.32106448810544075,-0.06246644423901551,0.11446890597897726,0.001982042947954655,0.0010839016690461789,0.24481233153661777,-0.005365678059183803,0.0,0.01546721681615558,-0.035858712938375024,0.027956519748282845,-0.0021931809799450755,0.017031416298969336,0.013268662850954684,0.0,0.0,0.05239356657399621,0.0,0.0,0.0,0.0,0.0,0.0
0.3902139443505937,0.4102572213256946,3.6163028408663442,0.20308433220715125,-0.00944103065064723,0.003926168684074249,0.9434394571930278,0.445475657398067,-0.06641623239108661,0.10232356840489694,0.0007761023575511277,0.001044069197575522,0.2536920322225031,-0.00603893760057316,0.0,0.008553719118869896,0.2864970961222167,0.041737964726174644,-0.0012242733858770605,0.008447454878402219,0.09765240040843151,0.0,0.0,0.03729355461408595,0.0,0.0,0.0,0.0,0.0,0.0
0.3902139443505937,0.16029026765321228,4.109829815176722,0.1376455883848662,0.007724049089554298,0.06960763127814523,0.8687396537209346,0.661567992750942,-0.09507299963458914,0.11852498337586435,0.0018454813947686483,0.000589880814388584,0.2549516307719411,-0.004004168585549095,0.0,0.015369816167381464,0.016313340404334478,-0.00020152091725808712,-0.002339290353112311,0.018395113880764084,0.03888218257982689,0.0,0.0,0.023872607481372193,0.0,0.0,0.0,0.0,0.0,0.0
0.3902139443505937,-0.06374197332267716,-0.6308621762833704,-0.2788649101711666,0.004677909780459196,0.027893301653376487,-0.01072338133088797,-0.15781037707389425,0.06142839149547337,0.07064053333324664,-0.001182524220739996,0.00013904468704854412,0.26867637783182635,-0.010783645266289638,0.0,0.011840445450949512,-0.014169356769691582,0.6609948838598957,-0.0041035680569583245,0.05452220155094717,0.44584945823626615,0.0,0.0,1.098107172989238,0.0,0.0,0.0,0.0,0.0,0.0
0.3902139443505937,-2.4797906033613244,0.7765848812457556,0.20964624466885542,0.0011442361450606268,0.012325910781793853,1.684370982626272,0.26092393283782733,-0.05434952318971533,0.12164237131732955,0.0007424441183040855,0.0008567173250504933,0.2333721807200614,-0.0053232805711024645,0.0,0.018856884853663703,0.02029331863638766,0.03705051731665488,-0.0015993321928276212,0.0293277717737955,0.09175985368992537,0.0,0.0,0.05352850967779361,0.0,0.0,0.0,0.0,0.0,0.0
0.3902139443505937,-0.1624289258403129,-1.5298882459612235,-0.09720931300041925,-0.004084547754075395,0.04036293200265102,0.3747898157658093,0.1949020354307829,0.00634891233267466,0.20816898550318338,0.004605319161943917,0.001742267822905261,0.2556443644411283,-0.006834854259263934,0.0,0.011574200671689846,0.08709439914644969,0.04117647165050464,-0.001517898658299677,0.012328872925695778,0.16159458813531558,0.0,0.0,0.07342210314704126,0.0,0.0,0.0,0.0,0.0,0.0
0.3902139443505937,-0.5875432522960972,-1.0117181679235348,0.44372368965767944,0.009082280434657619,0.009424600377009373,-0.4819769012212454,-0.14988161970888153,0.052526922974383015,0.07042121951169515,-0.0064595392075760885,-0.00013093560397477107,0.2207392393978763,-0.016019991909685033,0.0,0.010236464172888479,-0.20384542815428122,-0.1193736396427312,-0.0011512702939734368,-0.01656099848378877,-0.1938293741982094,0.0,0.0,-0.8043937325295922,0.0,0.0,0.0,0.0,0.0,0.0
0.3902139443505937,-0.35924498821041173,-1.4918213659148107,-0.396546308872368,-0.0029361616475732455,0.034454288002528165,0.9753314429405149,0.16672902300538936,-0.0012448451894439346,0.14975610244324158,0.0036593854482203703,0.0011316266156695916,0.25390941383675386,-0.015925207493730196,0.0,0.02112400498666147,-0.09257217736554192,0.07651454811948413,-0.0020245023255847,0.0205899467620488,0.09594729106540746,0.0,0.0,0.001339598492680516,0.0,0.0,0.0,0.0,0.0,0.0
0.3902139443505937,-0.6697743111439195,-1.243564079791539,-0.07058076763833046,0.006745876501126349,-0.034885192381155325,-0.2809309214109621,-0.17696481412796122,0.2144253730750971,0.09691892553110872,0.00877164221570254,0.0021181932902689907,0.22921739722011245,-0.016027474539976244,0.0,0.011059078515380608,0.4823571339953103,-0.2246898316152613,-0.0014663674006798475,-0.015425238289726905,-0.8946985637471917,0.0,0.0,0.7838044564440368,0.0,0.0,0.0,0.0,0.0,0.0
0.3902139443505937,0.6494950606581006,3.4596638893282,-0.2956453333436594,0.0253440290790048,-0.1198279172916737,2.027468058112921,0.34228288937026524,-0.04971175344939853,0.11242865215472528,0.002064691134660298,0.0009863820966249473,0.24365692287094143,-0.004647843150467971,0.0,0.020146922717064,-0.15861028221255255,0.009990273439158589,-0.00203966407928615,0.02446287012139385,0.02038416977394324,0.0,0.0,0.06108812011264581,0.0,0.0,0.0,0.0,0.0,0.0
0.3902139443505937,0.7126884036247484,3.8009616170806755,0.1624350629096229,0.008417893645600269,-0.0007779178375818103,1.4657932250970498,0.46012722170680453,-0.048033660581141,0.09165129157013248,0.001785808310255638,0.0008254255918543504,0.2629192206194332,-0.008398861232484234,0.0,0.0040860088811003085,-0.12725831907774673,0.011130763350528023,-0.00125238336740535,0.014517415293009496,0.05113993854955553,0.0,0.0,0.055131273049125865,0.0,0.0,0.0,0.0,0.0,0.0
0.3902139443505937,-0.9018325515554665,-1.1567172015659306,-0.508057242235659,0.0014740594471840441,-0.1665316849745911,0.6279560549525041,0.14530210421134093,-0.010681830649136735,0.07515320316614507,0.003625136000421401,0.0016939852721262643,0.24347838673974193,-0.015529442211449905,0.0,0.012285004066498632,-0.06537520998068427,0.025171781788488418,-0.0011881264666336337,0.030260834229448284,0.1418487947166385,0.0,0.0,0.03364372370514565,0.0,0.0,0.0,0.0,0.0,0.0
0.3902139443505937,-0.32514789789416754,-1.5632804804773464,0.2815641727081264,-0.006573316668387685,0.04422122611639463,1.5337999773140263,0.21328765971451014,0.020519698550583013,0.17389613874992457,0.002587476875267995,0.0009294334113651604,0.2724558083115206,-0.016292941309591347,0.0,0.012132642603458366,-0.15576775142562382,0.06060744197860836,-0.0016646246737819963,0.0075873091218817326,0.13477247493544686,0.0,0.0,0.10109652966492606,0.0,0.0,0.0,0.0,0.0,0.0
0.3902139443505937,0.6536198220238129,-1.6996940512363548,-0.17652698263534886,0.0034648456781104443,-0.12406206733542248,-0.3594428720626891,-0.15771398032076586,-0.011633925822810896,0.0006905110938921439,0.008440854696394355,0.003131496709161635,0.23594066152136547,-0.010195757007022277,0.0,0.006223105085505149,-0.1317230108233607,0.45218078941814893,-0.002060278350597347,-0.0015362610880459834,0.0867001403418517,0.0,0.0,0.2239350519419833,0.0,0.0,0.0,0.0,0.0,0.0
0.3902139443505937,-0.32824488737901236,-1.7825629453519256,0.12917755323997485,-0.007887856211030816,-0.021191723186093626,-0.08092438284770301,0.09375158920423646,0.013161933539626696,0.11532669735677928,0.004369844932206242,0.0020282699027903183,0.2540808335602517,-0.011542114730542214,0.0,0.011328463014086262,0.02550229027973378,0.02754657685293176,-0.0011003292058201896,0.007459515650656733,0.15065391230639671,0.0,0.0,0.03417003136178924,0.0,0.0,0.0,0.0,0.0,0.0
0.3902139443505937,-0.116039975576008,3.474025146170047,0.23518247622742602,0.011314404264742322,0.01064254172255905,2.1915990094824314,0.4773624758778716,-0.04798413467298029,0.12756223378290704,0.0013143860433501263,0.001133061401977075,0.2608589503475245,-0.007256121888482212,0.0,0.013247793160902835,-0.11728698856954742,0.037940703383025666,-0.001556648262981252,0.0159081732402655,0.1071555971459167,0.0,0.0,0.02606428934624096,0.0,0.0,0.0,0.0,0.0,0.0
0.3902139443505937,-0.4169260679708221,-1.4047002116583307,-0.23067979068544112,-0.0027808723704995284,-0.06947631200048372,0.5590575262710381,0.11331239511653543,0.007467540388888809,0.15320873569389323,0.0038923228343240397,0.0010810735625220557,0.2580983070912035,-0.007291066680323196,0.0,0.005686967303136346,0.1254811355218216,0.05311534864039733,-0.0013577352066696034,0.008018435775026164,0.1147761747340526,0.0,0.0,0.03086306941010578,0.0,0.0,0.0,0.0,0.0,0.0
0.3902139443505937,-1.4775919511600129,-0.08529213180860513,-0.056743402818287325,0.002799683505778146,-0.05118382325153667,-3.4288237923117157,-0.7517744952987023,-0.2421451676101654,0.07852647631672881,0.00023941334761993295,6.112847289640978e-05,0.19819239765103427,-0.009361437285089029,0.0,0.012010840815717965,-0.11400759791801021,0.03673744164776753,-0.0008643266631692982,0.02207717160985129,0.05949380194125479,0.0,0.0,-0.07703190223491191,0.0,0.0,0.0,0.0,0.0,0.0
0.3902139443505937,0.48922456524022123,-1.5047115972377627,0.30132175909225645,0.0075071945779962915,0.004604710653575344,-0.2743112818316146,-0.14097920606719197,-0.01987448973291573,-0.4781246029253164,0.0018815457767641318,0.0014306555183716345,0.2624257683985122,-0.008380337054336811,0.0,0.014876613626201808,0.1340578697127777,0.11630825685196568,-0.005327088340386727,0.013269346224430819,0.08023752963892336,0.0,0.0,-0.0034416102119645383,0.0,0.0,0.0,0.0,0.0,0.0
0.3902139443505937,-0.2529012648891364,3.754651478810485,0.23745705395256633,0.010127521870761014,0.01587805533538172,2.092936560442951,0.46773602297955075,-0.04138149641013991,0.1285941231677306,0.0012900857196551378,0.0008460639304202407,0.26084117451614486,-0.007336621634367094,0.0,0.013327400189772557,-0.0785173809825562,0.037703143911769134,-0.001556648262981252,0.015434966122776858,0.1124420016225887,0.0,0.0,0.028282393458596955,0.0,0.0,0.0,0.0,0.0,0.0
0.3902139443505937,2.4884015138055084,-0.3214109974422839,-0.14848966323121923,0.0031381974779746994,0.04423097050491085,1.1967983983595367,0.18696224145012638,-0.01149051438786158,0.13748560676276556,0.005110721764251828,0.002238372024996544,0.3019344695393886,-0.004832446421701499,0.0,0.009409621858450287,-0.032091547405392995,0.0011596392378980943,-0.0021670076071730526,0.018275754144947164,0.08206556337500696,0.0,0.0,0.011314568477883619,0.0,0.0,0.0,0.0,0.0,0.0
0.3902139443505937,-1.8000725220356295,-0.8812743737225164,-0.2036833303530812,-0.06305254824092275,0.002033857599920364,-1.2000089244658436,-0.27798181021755697,0.23483245064427438,-0.35888470639613806,-0.0077031649177397065,-0.002787997764181579,0.21775564507416567,-0.010864171954339535,0.0,0.006270258471166496,-0.004562134930264906,-0.0903560566065817,-0.0048315807459424,0.03483782551458396,0.08870498874882478,0.0,0.0,-0.19330675643685719,0.0,0.0,0.0,0.0,0.0,0.0
0.3902139443505937,0.8378914160881302,-1.619845888992687,0.2973312409390938,0.008051611834168545,-0.01192141186382089,-0.4892298743060817,-0.1766433379623561,-0.040601530618658704,0.05171646730152392,0.006187981339893636,0.002088850122279214,0.2286470749140164,-0.0076875598426398815,0.0,0.0013257772027880413,0.04307858282732723,0.025623925771285996,-0.0030116583342890456,0.09975466224108431,-0.5682153722754539,0.0,0.0,-0.18753238869165842,0.0,0.0,0.0,0.0,0.0,0.0
0.3902139443505937,-0.22829757437079995,3.3993176123418656,0.2475459728815249,0.02094812216208295,0.23926714469697438,-0.8330697254951969,-0.5339054211538412,-0.12907529672156887,0.07135256860725842,0.0014885052291238744,0.0005474907277705617,0.22992541023008872,-0.00990257777196473,0.0,0.011997782622514486,-0.1806829770550384,0.04885364672459768,-0.0008973624932492876,0.020377422193581567,0.12683362361680203,0.0,0.0,0.16785631851753002,0.0,0.0,0.0,0.0,0.0,0.0
0.3902139443505937,-0.4558159433785349,-1.6351250155810906,0.045971044594173664,-0.0034501605764525652,0.008354902685961802,0.14885433696779818,0.13149612038565467,0.005766086372243728,0.13185041308697912,0.00490552367174458,0.001929435484644889,0.2572399208792142,-0.014240709835820627,0.0,0.009022704570086415,-0.1077762794175295,0.03437527109881897,-0.0011507546259991377,0.01650338048871834,0.1594270864920391,0.0,0.0,0.046631121911534165,0.0,0.0,0.0,0.0,0.0,0.0
0.3902139443505937,0.8351727779281833,-2.3422466275071345,-0.546218250184264,-0.0022917031604688725,-0.38096339165966836,0.5371072851939712,0.14100744590713915,-0.003426023928449379,0.13531635289380678,0.00541324517830869,0.0018276965139003094,0.26328872530108044,-0.005695361551578671,0.0,0.003828065221384381,0.25049872130213247,-0.004570396670147846,-0.001564612085794568,0.012923079932752603,0.06023297420614869,0.0,0.0,0.009803494010326092,0.0,0.0,0.0,0.0,0.0,0.0
0.3902139443505937,0.5942325243352753,-1.7266592343275087,-0.18805046691690774,0.0027746108294578295,0.007882303048340268,0.2887438293933215,0.05025114479118961,-0.030367006491675314,-1.271277830238998,0.004679112421283952,0.001857106474877942,-5.483423534730807,-0.003990422145155816,0.0,-0.004763799230546335,-0.03407310038560879,-0.036655915367679946,-0.017921858449427962,0.015796563695466326,0.01969674973607471,0.0,0.0,-0.13979624667632584,0.0,0.0,0.0,0.0,0.0,0.0
0.3902139443505937,-0.2562791592376566,-1.8096438525890495,0.24278783318612926,-0.013173186457554996,0.014508106753227328,-0.38553233129209,0.14303960106154315,0.01083088567071379,0.14961941588916905,0.004316817100883019,0.0020132199791675427,0.25482093154920343,-0.007772006733127367,0.0,0.008420268743291943,0.07210059368650114,0.035891212643118786,-0.001313506461460028,0.003159808028026463,0.15220809279209319,0.0,0.0,0.04569535011740806,0.0,0.0,0.0,0.0,0.0,0.0
0.3902139443505937,0.5483124657057059,4.885369005127077,0.24216250904395478,0.03616170236916246,0.01648147149561509,2.041402576308447,0.42804182263936086,-0.03543731458601851,0.13214635287001364,0.0016680191383671586,0.0007266161938871759,0.2627989060779365,-0.0025293940546992012,0.0,0.015643345552494307,-0.07865214877951687,0.01013453786017032,-0.0018287885714191462,0.023837134332864548,0.04523237204690808,0.0,0.0,0.04527053923076015,0.0,0.0,0.0,0.0,0.0,0.0
0.3902139443505937,0.4767071237479571,-1.8532869798629799,-0.49974054441695276,0.002464222380703175,-0.12388296143630058,-1.1807876940858277,-0.24035589950933955,0.0123639544064601,0.08150874522241024,0.007348261393335242,0.00264048692858951,0.21352742737009553,-0.008943420330396018,0.0,0.005599396633157269,0.04875955999559244,-0.36403575861882964,-0.003118186507936902,-0.12381012684119456,-0.40672169345768294,0.0,0.0,-0.7795689951309285,0.0,0.0,0.0,0.0,0.0,0.0
0.3902139443505937,-0.16151385222046558,-1.0200766000636754,0.20548018617471137,0.004138799075153221,-0.0056263943978786335,-1.0201516087459264,-0.19657317696336957,-0.07786326578250123,-0.36871788272224776,-0.0007882229257316326,-0.00037920865300758265,0.23340852094848885,-0.010564271336307295,0.0,-0.007136825497727181,0.06318583883123653,-0.17503391524725134,-0.004378523724258219,-0.023849985045605104,0.039123682505626256,0.0,0.0,-0.7263497294870986,0.0,0.0,0.0,0.0,0.0,0.0
0.3902139443505937,-0.8778551375858624,-1.1897412003377685,-0.5081953334367478,0.0006982663181390869,-0.18044891076687283,0.6218013644362123,0.12040473272965659,-0.013055506973198079,0.1311950500141783,0.003760346546403274,0.0017019091365756583,0.24574961184630817,-0.011573082730604927,0.0,0.006591766666992414,0.11942164570347558,0.027167408171304225,-0.0013983222094299634,0.026680359311924508,0.1378774657379177,0.0,0.0,0.004588195112818374,0.0,0.0,0.0,0.0,0.0,0.0
0.3902139443505937,0.16071804958572672,-1.311917990557776,0.5375300622980803,0.0029090588773030826,0.0881556119046065,1.2678013935564518,0.20890571242481024,-0.01131407286975032,0.1340999863478839,0.004977354954650591,0.002082070304784302,0.27164601302172176,-0.004163636646128676,0.0,0.023904797015045394,0.14627513539514844,0.019624563805566642,-0.0022552417117056153,0.022483219072888968,0.0792537582351322,0.0,0.0,0.035035210032866394,0.0,0.0,0.0,0.0,0.0,0.0
0.3902139443505937,0.2836615729756762,-2.1859084136776734,-0.2611851535340982,-0.00010428448357996961,-0.07497309893908533,0.7183464455016898,0.08868990381708869,-0.007567709663577102,0.13207795672472525,0.007139253208763267,0.0021054338833098873,0.2603964629474587,-0.008019214428454513,0.0,0.004531276578639816,0.05860869243669649,0.01630718319572456,-0.0016403165917545934,0.007191698815694706,0.02444974563276904,0.0,0.0,0.0484863999083971,0.0,0.0,0.0,0.0,0.0,0.0
0.3902139443505937,0.8351727779281833,-2.3422466275071345,-0.546218250184264,-0.0022917031604688725,-0.38096339165966836,0.5371072851939712,0.14100744590713915,-0.003426023928449379,0.13531635289380678,0.00541324517830869,0.0018276965139003094,0.26328872530108044,-0.005695361551578671,0.0,0.003828065221384381,0.25049872130213247,-0.004570396670147846,-0.001564612085794568,0.012923079932752603,0.06023297420614869,0.0,0.0,0.009803494010326092,0.0,0.0,0.0,0.0,0.0,0.0
0.3902139443505937,-0.2195826240508656,-1.2299746865870238,0.10520169793441357,0.001440412148435334,0.005305514998030978,-0.6429489703838103,-0.1867160855718983,-0.10512562433888246,-0.3582177688945783,0.006720679228029912,0.0011891017863763969,0.24442209869934667,-0.01054362197998572,0.0,-0.0005049790667921521,0.05548727486502827,-0.2196739527092292,-0.004338414179103031,-0.11755990843547963,0.20424093065159402,0.0,0.0,-0.27187616018040955,0.0,0.0,0.0,0.0,0.0,0.0
0.3902139443505937,0.055828280155213954,-0.6367098941729905,-0.03334722810832021,0.0017509362068840453,0.008124978348283803,-0.06304723752172409,-0.11366855872173585,-0.006440118908737911,-0.21157145202401076,-0.002709189931491945,-0.0008499833647788047,-5.705916980673753,-0.011915549571973523,0.0,0.0078055344332470175,0.011966424878942939,0.18694742864433556,-0.004432116742594658,0.1194615869104872,0.4690562238848977,0.0,0.0,0.9602297853414385,0.0,0.0,0.0,0.0,0.0,0.0
0.3902139443505937,-0.22211040735986856,-0.9557236639129405,0.023301698812177724,0.0027588272439620946,-0.0117326532788867,-0.34852620499771286,-0.18423443682792126,-0.0108884044828282,-0.34282570606012963,0.0025931955748160606,0.0002972194309922324,0.26128364176741553,-0.020213692912756466,0.0,0.009056995252737853,0.10823957053333796,-0.07294421878790744,-0.004313403672664397,0.016227522728188434,0.011111054989609463,0.0,0.0,-0.07237713102223872,0.0,0.0,0.0,0.0,0.0,0.0
0.3902139443505937,-0.15314110650661314,-1.306078385450647,0.541086285689216,0.004949011050953834,0.01962322847490121,-0.3574553538884684,-0.15094308788152494,0.015848072031621016,-0.079392365292416,0.0037338618893567968,0.0013764656798650405,0.23192747735987373,-0.01458311778929416,0.0,0.004945494147245795,0.045857191730539135,0.2705468803798247,-0.001157105499713266,0.2566261364325419,-0.4308028470372103,0.0,0.0,-0.035352165494999546,0.0,0.0,0.0,0.0,0.0,0.0
0.3902139443505937,-0.7174735462722786,-0.6404493998770724,-0.43380893537701987,0.006040677385327815,-0.061547389709526064,-0.774674273374566,-0.19578613049603083,0.267946350859422,-0.23235455630433943,0.0012955870560729292,0.0002522144847913118,0.21786831421425712,-0.01210663998437076,0.0,0.012967932218950049,0.2647133050284496,-0.01029154687135913,-0.004618561944886836,-0.27161969739737113,-0.39728403885544117,0.0,0.0,-0.3429179435152143,0.0,0.0,0.0,0.0,0.0,0.0
0.3902139443505937,-0.5641787101068336,-1.3514639671295179,-0.4822841734460175,0.004610770110423373,0.004740038600912596,-0.20622544238188115,-0.1986255349941763,-0.035684440652291476,-0.06035382397893645,-0.003718299018688291,0.00041130901237468765,0.23633281405138043,-0.016802095074996377,0.0,0.005339061907687865,-0.1798390032787829,-0.04147482545269574,-0.004303925853740783,-0.16758695200735646,0.3325017161688085,0.0,0.0,-0.8474962416822983,0.0,0.0,0.0,0.0,0.0,0.0
0.3902139443505937,-0.3261193972616398,-0.5226929817883165,0.17958431311007395,0.0034712675274135843,0.013103081104480984,-0.08918595924924887,-0.13806460710763116,0.09261186884027445,0.1752475483586241,-0.0014619063669761207,0.0003487804684261454,-5.697316249725554,-0.007997984983345498,0.0,0.00726245333448553,0.06792838719580813,0.12435455849386433,-0.004463008734769129,-0.1700562411754463,0.23032339317972583,0.0,0.0,0.32202709683958247,0.0,0.0,0.0,0.0,0.0,0.0
0.3902139443505937,-0.7857818536583879,-1.2313976980036196,-0.5812914596758544,0.00035632034101572686,0.03407251377323398,1.0751425086893216,0.15339099092170191,0.004441425395463273,0.12816902460462593,0.005119159121881601,0.0018888889409042478,0.24667519102991617,-0.011110687008999927,0.0,0.022661638723639622,-0.09976759372057939,0.03455050082835645,-0.0025328270548785935,0.025147233425630147,0.107739916612082,0.0,0.0,0.05859860708071767,0.0,0.0,0.0,0.0,0.0,0.0
0.3902139443505937,-0.2163174795227868,-0.8282185286407737,-0.06681213930799014,-0.0011055016228286635,0.016029265563756657,0.6137087883038306,0.0919501897060268,0.007599284613190848,0.12687880163200904,0.0026064221032270317,0.0007349085143863788,0.28573300882967084,1.3042713262019694,0.0,0.007378696717838139,0.023079045015123,0.057856288805019064,-0.0011467219188684794,0.016552993455308015,0.14631007283602254,0.0,0.0,-0.04471051311076123,0.0,0.0,0.0,0.0,0.0,0.0
0.3902139443505937,-1.1855636153469629,-0.4616951193962315,-1.2581992646417848,-0.26808187414505047,-0.10182694355064172,-2.695633374517095,-0.9376699382628844,-0.15954630824396349,0.08684980001187216,0.0002382882610912623,8.454301965926787e-05,0.19928145467884123,-0.00927200346729605,0.0,0.012685168383846259,-0.3366517926999912,0.04141098914924408,-0.0008397676024822828,0.024452345262680825,0.13021995674464773,0.0,0.0,0.07180775688249758,0.0,0.0,0.0,0.0,0.0,0.0
0.3902139443505937,-0.09147623041511396,-1.2804919647573787,-0.2670595887270918,-0.0002667484989242813,-0.002460586619357422,-0.6077909686524455,-0.18004098148171777,-0.06298929992305555,-0.36207297934701665,0.0005684656104552102,-0.00033020297232110344,0.23460311303744177,-0.016212554489788783,0.0,0.007706536753941792,0.028771979434587737,-0.33363050588910226,-0.004607230851594385,0.020031033626664373,-0.01631395397107074,0.0,0.0,0.03186383286665577,0.0,0.0,0.0,0.0,0.0,0.0
0.3902139443505937,-0.026418123773888802,-0.6281887272945157,0.012908749817202749,0.0020794290874810144,-0.0005122561166948753,-0.0242360098134374,-0.13596993855236614,-0.0020564035913616745,-0.3539091030616896,0.00030144050652195506,0.00012555860671896856,0.2843001731249102,1.6622845096626842,0.0,-0.0004800553217222071,0.01993367766820372,-0.1761716626095655,-0.0041070864644962716,-0.37307565051756825,0.03359959564281011,0.0,0.0,0.09226591528854726,0.0,0.0,0.0,0.0,0.0,0.0
0.3902139443505937,0.6049356037690584,-2.0719885017514574,0.47740309537106773,-0.0021570771100736575,0.017376134355381274,1.1638135238346068,0.16330930889461467,0.004951761032947685,0.14515334062634017,0.006539102423030853,0.002292648829089539,0.2750661781577926,-0.004453594388878901,0.0,0.01111058597784027,0.09435584684948975,0.01158837621250063,-0.0019175003140329458,0.025194029689134142,0.06250679632302705,0.0,0.0,0.049031528210726746,0.0,0.0,0.0,0.0,0.0,0.0
0.3902139443505937,-0.3418680134883199,-1.7988021374386305,0.16226895384121126,-0.003347746863393133,0.008958619972751667,0.2778098581052688,0.09376602982165694,0.015571030020303007,0.12819214838685047,0.004938679542898237,0.0020056333545161436,0.25954172812740517,-0.019594590834054387,0.0,0.00664174437897267,-0.3829290676342314,0.030188262471811732,-0.0011003292058201896,0.00803935329403244,0.15586583258652054,0.0,0.0,0.036130068695765585,0.0,0.0,0.0,0.0,0.0,0.0
0.3902139443505937,-0.5090280661100234,-1.545615404099322,-0.4022161105655522,0.0024187218633448036,-0.02925492461473011,-0.41326688029094977,-0.17463727490204736,-0.011470943143347795,0.05756136650763543,0.002774143514934015,0.00252476936026992,0.2071075606839173,-0.013381118553100957,0.0,0.011615325355055005,0.3303342082205959,-0.9029910289771138,-0.0012958188600953294,-0.02358951543079045,-1.1891836926739154,0.0,0.0,-0.3024457796050937,0.0,0.0,0.0,0.0,0.0,0.0
0.3902139443505937,0.014540522278162524,-1.2777844711176607,-0.5329756730818905,0.005811563192686055,-0.08893683080515376,-0.20295826623533364,-0.08640838400038334,0.1540284572827907,-0.35698778555629357,0.006713073498507784,0.001860488679451809,0.24840347403634666,-0.011229611477556354,0.0,0.04057232784699086,0.13934266401378773,-0.21811128643685426,-0.0058681981553706224,-0.018104922554620463,0.3045955828282476,0.0,0.0,0.023866263616451493,0.0,0.0,0.0,0.0,0.0,0.0
0.3902139443505937,0.575951094993455,4.124246722117696,0.17739204971402311,0.03642609025907896,0.019319818940345655,2.1290819034326005,0.45757911605478696,-0.04155125174936072,0.13229053435976915,0.0016574990308525534,0.0007266161938871759,0.26149880185344715,-0.002858269308882998,0.0,0.015539223259638836,-0.04467425377682365,0.009783584317412865,-0.0018287885714191462,0.02293502475624203,0.0448858087058779,0.0,0.0,0.04386775293581696,0.0,0.0,0.0,0.0,0.0,0.0
0.3902139443505937,-0.3261193972616398,-0.5226929817883165,0.17958431311007395,0.0034712675274135843,0.013103081104480984,-0.08918595924924887,-0.13806460710763116,0.09261186884027445,0.1752475483586241,-0.0014619063669761207,0.0003487804684261454,-5.697316249725554,-0.007997984983345498,0.0,0.00726245333448553,0.06792838719580813,0.12435455849386433,-0.004463008734769129,-0.1700562411754463,0.23032339317972583,0.0,0.0,0.32202709683958247,0.0,0.0,0.0,0.0,0.0,0.0
0.3902139443505937,-0.06228172136667943,5.211053197976783,0.12249319767319108,0.019420435500737927,0.06582750515940743,1.2794675670031757,0.499885156554831,-0.038790190003506045,0.11994904111915956,0.0012933741329214526,0.0005019583492927928,0.2498326658615582,-0.006854194430038114,0.0,0.02048163780591936,-0.0009791498995358155,0.04382376085280141,-0.002177636261940037,0.024963657787277008,0.07037911247590241,0.0,0.0,0.02938789569549571,0.0,0.0,0.0,0.0,0.0,0.0
0.3902139443505937,-0.4554409183412836,4.0144119893897106,0.1595564932406134,0.0066971823252290055,0.04538577065092044,1.2100643658567591,0.5049526207275358,-0.04048069866114749,0.12781139891281418,0.001127397318518304,0.0004857078694179772,0.2556432064748713,-0.005958391508635272,0.0,0.018762667519658043,0.0004717249398805271,0.04362358051955753,-0.002099079507182031,0.028404369497603086,0.11717709279881873,0.0,0.0,0.06061358323402792,0.0,0.0,0.0,0.0,0.0,0.0
0.3902139443505937,-1.3706806909044609,-1.2044430927692804,-0.09941049079101112,-0.014262130709189007,-0.012080247777435146,-0.9294631462338964,-0.22276587779889395,0.016550334142311007,0.09419238614312272,0.0017203577070760727,0.0006223960511744326,0.2213078667348501,-0.017796199941064503,0.0,0.014797368333095444,-0.06439524229664402,0.0852014426134401,-0.0014043786214521388,0.02069868935442647,0.1157030088009256,0.0,0.0,0.035657714879847986,0.0,0.0,0.0,0.0,0.0,0.0
0.3902139443505937,-0.6411669640436229,1.373683365062005,-0.45641947670309796,0.013912011424271056,-0.08941571255419681,-3.2170212907342797,-0.7491790520006997,-0.21513393728831703,0.07837291383484168,0.0006316698039205415,0.00014906722037928143,0.19870970250326947,-0.00912464039502765,0.0,0.013092778216835733,-0.19452772848861713,0.03957587933003961,-0.0009036724798293234,0.022078558680464967,0.040322187979679,0.0,0.0,-0.07807801075212001,0.0,0.0,0.0,0.0,0.0,0.0
0.3902139443505937,2.969174353051883,0.25571557621531754,-0.027156603598601822,0.004607293527478879,0.05248685797278089,1.1466435887424324,0.22545259787322994,-0.01152272823734979,0.11908490031952115,0.005799662642115329,0.0022438530929214545,0.29319028368230643,-0.005654034272647037,0.0,0.010200905039864776,0.04973065325951354,0.016088115909067276,-0.001891370940506814,0.01639879897547527,0.05747500794485499,0.0,0.0,0.05033210414180924,0.0,0.0,0.0,0.0,0.0,0.0
0.3902139443505937,0.9299845662365407,-1.0386123805326726,0.30894777542619467,0.0009031494001344216,0.00031768982467106994,-0.7508048495805092,-0.16702779538019596,-0.06381705850267738,-0.4010257394600353,0.007003041808203085,0.002460758838352486,0.27857092222692226,-0.008116521191339328,0.0,0.008804779791212707,0.09505442606854357,-0.03326190160263737,-0.005232103965424752,0.09377395239760962,0.17519273673250557,0.0,0.0,0.13766882101155709,0.0,0.0,0.0,0.0,0.0,0.0
0.3902139443505937,1.2972829831535195,3.432873332540321,0.016358039663278885,0.010976392237755761,0.009779630435365857,2.1293325207713054,0.36121795316199623,-0.06488860051755105,0.10412909302776323,0.0019806214166242153,0.0010740562721174853,0.25020622599124925,-0.005561118083153018,0.0,0.00755686192364093,0.04645392619397102,0.029247899481448528,-0.0015221936558024978,0.01524110286738352,0.0220711010063647,0.0,0.0,0.053755231238691865,0.0,0.0,0.0,0.0,0.0,0.0
0.3902139443505937,1.1701506130403327,3.1139764222689106,-0.08264919319306749,0.007293328294881043,0.010475366764434058,2.134788340945364,0.20377124023310647,-0.06661810509896517,0.10342419696435201,0.0013295293386300225,0.0010740562721174853,0.2484045921161597,-0.005560364084263721,0.0,0.007586296869849387,0.03990557035296281,0.029520039810510136,-0.0015221936558024978,0.015242642106912967,0.02483420306693579,0.0,0.0,0.05159923805142674,0.0,0.0,0.0,0.0,0.0,0.0
0.3902139443505937,-1.1855636153469629,-0.4616951193962315,-1.2581992646417848,-0.26808187414505047,-0.10182694355064172,-2.695633374517095,-0.9376699382628844,-0.15954630824396349,0.08684980001187216,0.0002382882610912623,8.454301965926787e-05,0.19928145467884123,-0.00927200346729605,0.0,0.012685168383846259,-0.3366517926999912,0.04141098914924408,-0.0008397676024822828,0.024452345262680825,0.13021995674464773,0.0,0.0,0.07180775688249758,0.0,0.0,0.0,0.0,0.0,0.0
0.3902139443505937,-0.20613129516710682,-1.2663050255887833,0.08819133677465571,0.0014148645513799186,0.0032512003155566916,-0.6356388306544903,-0.185909709184237,-0.11758331507597673,-0.3404709591330257,0.007410720344139966,0.0014133921098055588,0.24630879945907924,-0.009726047049545187,0.0,0.008335745637737353,0.07624041961524398,-0.005598813688637684,-0.004337527611887192,-0.1413193396394931,0.2407019012535539,0.0,0.0,-0.25050945839139743,0.0,0.0,0.0,0.0,0.0,0.0
0.3902139443505937,-0.9769867373132451,-1.7804674260781421,-0.44435119689169666,0.007369344101530154,-0.0022240227234710383,-0.6038462291477228,-0.1895421072238375,-0.12430158925375807,0.032618188972268494,-0.0016648270157898011,-0.0002474218335661724,0.192420359345115,-0.018140826433664194,0.0,0.00820650360321622,-0.22397331303749493,-0.329800306423947,-0.0011851821153201923,-0.024124673236483252,-0.7750013097919749,0.0,0.0,-1.1516100025725025,0.0,0.0,0.0,0.0,0.0,0.0
0.3902139443505937,-0.7856632790417694,-1.14624082425541,-0.514085105635274,0.005688067152607275,-0.08412488583880709,-0.6514399243899566,-0.18048020579821497,0.05982551588301924,-0.08728525899831253,-0.0060583268765531184,-0.0021075131889966786,0.20188813580955625,-0.018625857788921632,0.0,0.0035967086466067648,-0.29238912939015815,0.05814309055170661,-0.001248806601745668,0.11262359413522213,0.19499312925397005,0.0,0.0,-0.6751234190208383,0.0,0.0,0.0,0.0,0.0,0.0
0.3902139443505937,-0.633395138298867,-1.2457196410596614,-0.10788079415239914,0.007565542642955764,0.026252522688501284,-0.2534950618713159,-0.17817361726529943,0.04443781165529565,0.023343051459697048,0.003957251558816928,0.001002154830514059,0.22328134932379545,-0.015968256087015145,0.0,0.015472805669326715,-0.24621819031790879,-0.5439179357390403,-0.0011536917558447113,0.011308901104907959,0.6292124406669247,0.0,0.0,0.1312058970949684,0.0,0.0,0.0,0.0,0.0,0.0
0.3902139443505937,1.2154707124683373,-1.039802763131678,0.4066069265540469,0.003341140100545574,-0.0016723276319202652,-0.755006684636807,-0.1857753687755985,-0.022488903400959534,-0.3314933398711567,0.0077992101777946046,0.0029420536590633335,0.2714311196092582,-0.008120796274134284,0.0,0.013593139285855673,0.03522694231070908,0.07432517016906667,-0.005200743280830747,-0.021603341818939706,0.14431549267934088,0.0,0.0,0.1221084173045838,0.0,0.0,0.0,0.0,0.0,0.0
0.3902139443505937,-0.6128943297794003,5.231182281962296,-0.1525689460113868,0.017365707193801327,-0.015228800825869391,2.189351810378243,0.4772214429949925,-0.033376459130614634,0.12429178846344144,0.0012346686452255143,0.0005861275724118407,0.24882381052341976,-0.007464318761645856,0.0,0.01775455261194333,-0.03857135212156076,0.04707707952973014,-0.0019310771421621553,0.026128511624798862,0.06547643652469193,0.0,0.0,0.04032234679411735,0.0,0.0,0.0,0.0,0.0,0.0
0.3902139443505937,2.353255399879032,-1.5174213411378281,0.5128481570055435,6.462867408054799e-05,0.019966596723394507,-0.31882662401894535,-0.15235429979753354,-0.12110868310236836,-0.04251237339779551,0.00024181898599034504,-0.0005762910109442059,0.26585255305088534,-0.010356755284244193,0.0,0.005872935916831997,0.05258497584566081,1.2138729273086764,-0.0013920323870636594,-0.05016808604824609,0.45280241614533573,0.0,0.0,0.2554005064992985,0.0,0.0,0.0,0.0,0.0,0.0
0.3902139443505937,1.6350924912829323,3.7108486388681876,0.5402415987703789,0.014132537528871612,0.030382745057271527,2.4461888045218343,0.5035729647626994,-0.051852914888675564,0.12185971612457,0.0011461943047418805,0.0006796302353510775,0.26925996098470767,-0.002812338763705829,0.0,0.014055457825946823,0.015517669184297698,0.019441727208200324,-0.0017360873572727763,0.021184817421043847,0.05682627350979566,0.0,0.0,0.010767265471698555,0.0,0.0,0.0,0.0,0.0,0.0
0.3902139443505937,-0.07451819904352676,4.266789178881368,-0.11957336932420323,0.013558712583216278,-0.19450723346923982,2.0062670944180425,0.24171710394710844,-0.0384364268145867,0.16044314675743312,0.0011854595167666954,0.0006464861125430385,0.24895141359667022,-0.006865391978037601,0.0,0.016047263298974587,0.2868405875625217,0.05367045143087416,-0.0020027257803223253,0.03522963565194751,0.12668557447965761,0.0,0.0,0.10946317506006434,0.0,0.0,0.0,0.0,0.0,0.0
0.3902139443505937,-0.6903727251273588,-0.987130196409614,-0.31089884413050506,0.0025539621648713057,-0.06789969917986279,-0.5696124371196009,-0.169134575145492,0.07300656116774609,0.09166409159449034,0.004701410691928809,0.0022662840770028302,0.21382895542381125,-0.014328100293745155,0.0,-0.011267959736479247,0.1905606435325957,-0.13995510635594102,-0.0015391714498888796,-0.16349318801062176,0.4506851742970852,0.0,0.0,-0.11456842254617837,0.0,0.0,0.0,0.0,0.0,0.0
0.3902139443505937,-0.49465389386579056,-1.0247848538623168,0.31198830278742185,0.0067705757630742444,0.004609955675037243,-0.4907192875084426,-0.16394082492757125,0.1240713642543139,0.005782607998871975,-0.002707574512883113,-0.0007191931974308669,0.22830964346029528,-0.014207888000968534,0.0,0.006376801389987345,-0.12848817117121245,0.13747524381626053,-0.001149270489216665,-0.08767909466930482,-0.223019525111602,0.0,0.0,-0.24035066730803886,0.0,0.0,0.0,0.0,0.0,0.0
0.3902139443505937,-0.29633417190178996,-1.7859743684191303,0.2839217509997814,-0.0001785036788829071,0.02694831280068275,0.5888108477082388,0.14305997644757526,0.012589220381111006,0.20940804289610354,0.004978988197333104,0.001979477921719978,0.2735449872935834,-0.01393587863126569,0.0,0.004257193545772598,0.29680016661620373,0.042261167190333584,-0.001313506461460028,-0.0006016436156047476,0.16422457714432548,0.0,0.0,0.05136041939014684,0.0,0.0,0.0,0.0,0.0,0.0
0.3902139443505937,0.35607813680131356,-1.2668495559999533,-0.1563383304059008,-0.017215517310078636,0.010987593290241142,1.145907905353334,0.16730198477755615,-0.00022205617256061287,0.1401703138512088,0.004840203027327799,0.0015731647039619952,0.26788833768726045,-0.003982303456235255,0.0,0.010833105841004992,0.052957766528530056,0.007232723280087924,-0.0019186118317372056,0.010762379880091445,0.060446253744157435,0.0,0.0,0.11066166378278221,0.0,0.0,0.0,0.0,0.0,0.0
0.3902139443505937,0.40789513515677184,2.24888222824101,0.2182524138388444,0.018450644638228694,-0.014030375649675688,0.1856197718459148,-0.4910875978670833,-0.20896826167323804,0.12101891053468246,-0.0006620216024807302,0.0008000581319543214,0.24337668631177836,-0.009083501190063799,0.0,0.010777025224964319,-0.22454433775923,0.06912825341089888,-0.000874620850367162,0.0078711839459177,0.14890627748938817,0.0,0.0,0.23874717078975385,0.0,0.0,0.0,0.0,0.0,0.0
0.3902139443505937,-1.9647968323892377,0.28847632815106133,-0.9424551788026521,-0.22875846641225664,-0.031736343311599975,-1.2886541631087614,-0.38629699165295717,0.029951658878129242,-0.5238848853848816,-0.004023911057297809,-0.001696521514360316,0.2004310927192604,-0.011899132323167244,0.0,-0.018604352360894263,0.2015656928313479,-0.25298686956039373,-0.0038281860459632474,-0.1252702971932676,0.3081725112888836,0.0,0.0,-0.42125302701612455,0.0,0.0,0.0,0.0,0.0,0.0
0.3902139443505937,-0.404068891512282,-1.6915753358408734,-0.11392457697843228,-0.004745116176137034,0.025604742202939165,0.2694339571360765,0.11129420979255168,0.0025736113089477913,0.19114710176690813,0.004950503891698624,0.0019244048313441136,0.26093851339603313,-0.008574550895713033,0.0,0.004573989127812714,0.13156200353967626,0.03841931491061136,-0.0013760410150938734,0.008065980783343453,0.15295156561995932,0.0,0.0,0.04228606224611723,0.0,0.0,0.0,0.0,0.0,0.0
0.3902139443505937,-0.21191422600402363,-1.2717057200044126,0.29213151033978935,0.007166325806921564,0.0006874609651023974,-0.9251460662002998,-0.20028762945811943,-0.114997084114087,-0.3549109764901098,-4.093273657813866e-05,0.0002519195551900925,0.23801544073248537,-0.009399194065832926,0.0,0.03299178806446033,0.07227543109272928,-0.1619992777916861,-0.004352353620945874,-0.06452798737856294,0.09183859078104825,0.0,0.0,-0.3713868659340226,0.0,0.0,0.0,0.0,0.0,0.0
0.3902139443505937,-0.334394342960765,-0.9055008156011303,-0.3197219410177753,0.002573514911205359,-0.022323063919198947,-0.6610846796089895,-0.1413431753735112,-0.21427147736450208,-0.3723607408798265,0.0013648652270105378,-0.0001133784647395784,0.24062509731764264,-0.00790736443213049,0.0,0.01326514247561478,0.1810203201181508,-0.022026280536006717,-0.004269163523642354,-0.1392723277674314,-0.3703717064433464,0.0,0.0,-0.40618054135598486,0.0,0.0,0.0,0.0,0.0,0.0
0.3902139443505937,0.7435634543442078,-1.306734049034537,0.49593084812713384,0.0068983559813656226,0.013558346468749793,-0.2503677326996959,-0.1614888243692198,-0.05412648071289931,-0.3286708877686694,0.00756498658050088,0.0024460452911840252,0.2760621490196273,-0.006769628479890466,0.0,0.0023222916247915607,-0.024441310002107138,-0.1529016163999762,-0.004991763191896415,0.08483596694404377,0.09745885217170283,0.0,0.0,0.5056843918377705,0.0,0.0,0.0,0.0,0.0,0.0
0.3902139443505937,0.7616684170739264,1.680442632312715,-0.11784321770204569,0.05632991916437919,-0.020309952266419955,-1.981317018593961,-0.697474964509609,-0.23072796571783558,0.07128994288410193,0.001218195857180244,0.00035298839920213423,0.2285263340132154,-0.006080593229819695,0.0,0.007937310693369988,-0.07392615810054734,0.029220237317202646,-0.001118154493649331,0.01655053335857833,0.01165662984382353,0.0,0.0,0.07617053195242403,0.0,0.0,0.0,0.0,0.0,0.0
0.3902139443505937,-0.004366522771397029,-1.3794360582725138,0.25541221826293564,0.003117514814853275,0.0047485637776336015,-0.3350836368462137,-0.15412749650887603,-0.02882899962751441,-0.44218471299807754,0.001278281730121731,0.0004313141776788281,0.26489562874473066,-0.015156842627272115,0.0,0.012773181672793267,0.17858903835264492,-0.004772452837207428,-0.003931737282346365,0.09972258098983222,0.3434790268912988,0.0,0.0,-0.16894370838004727,0.0,0.0,0.0,0.0,0.0,0.0
0.3902139443505937,-0.21379612079511026,-1.6532039306684452,0.39808790403953703,-0.003629119573656461,0.03787633041050833,0.7379521255871335,0.1430522205055303,0.012856657845464626,0.21319638749804742,0.004910869259499055,0.0021180879877897895,0.27869519887499866,-0.010464321024714233,0.0,0.003235533223366056,0.4284194516987886,0.043742513237458466,-0.001313506461460028,0.001911306330442164,0.16472700603727858,0.0,0.0,0.05524422537102937,0.0,0.0,0.0,0.0,0.0,0.0
0.3902139443505937,-0.3110754119570332,-1.2106441946714366,-0.2554395164788955,-0.011224036787145193,0.05528498003073386,-0.48779533683186543,-0.20258788677349848,0.08642490783516597,-0.17588620333587615,-0.002803025218623117,-0.0004908354674881007,0.22288662939204348,-0.02065145950130129,0.0,0.006319735450410214,-0.00019630182496179033,-0.02683241512188592,-0.0011348893671224113,-0.13019189746081256,-0.11159444416764393,0.0,0.0,-0.4125784379520009,0.0,0.0,0.0,0.0,0.0,0.0
0.3902139443505937,-0.9202165404943391,2.3301318369794135,0.5277600656497922,0.045028149976274676,-0.01887337189643258,-0.7829616959555302,-0.640751578504106,-0.16571980462572478,0.10248156770795296,-0.00020217455859263705,0.0006917104659181487,0.2301790693039626,-0.006825524955420434,0.0,0.013538392465312956,-0.1970812745073018,0.04983252492986133,-0.000887107317383359,0.02366280568220866,0.14199313164831545,0.0,0.0,0.26754544867169133,0.0,0.0,0.0,0.0,0.0,0.0
0.3902139443505937,0.006017209711657775,3.428395491491777,0.317526184066113,0.055518190638041455,-0.00475257672261164,-0.8968697239510889,-0.25295684598584145,1.6079064279271649,-0.4365907296525963,-0.003212754938877533,-0.001559613056857342,0.24172835824411026,-0.007124633057677213,0.0,0.009258052524963603,0.4878917665287303,-0.20435612442129694,0.09285070030127561,-0.02727181614615039,0.2413932141501214,0.0,0.0,0.42043252662455266,0.0,0.0,0.0,0.0,0.0,0.0
0.3902139443505937,-0.29633417190178996,-1.7859743684191303,0.2839217509997814,-0.0001785036788829071,0.02694831280068275,0.5888108477082388,0.14305997644757526,0.012589220381111006,0.20940804289610354,0.004978988197333104,0.001979477921719978,0.2735449872935834,-0.01393587863126569,0.0,0.004257193545772598,0.29680016661620373,0.042261167190333584,-0.001313506461460028,-0.0006016436156047476,0.16422457714432548,0.0,0.0,0.05136041939014684,0.0,0.0,0.0,0.0,0.0,0.0
0.3902139443505937,0.13367245324172047,-1.402581995369044,0.08009298549790807,0.0035449883797736958,0.03913747745847639,-0.6362149671313442,-0.11117601026513657,0.21543080972737733,-0.3930390850355792,0.0057322286765611455,0.0026943471284242033,0.24582473009773675,-0.006164661548796907,0.0,0.036422199686867066,-0.02803468631324809,-0.2888351907278862,-0.005516851909005979,0.04846767856061517,0.3039332697324969,0.0,0.0,-0.6044486752160148,0.0,0.0,0.0,0.0,0.0,0.0
0.3902139443505937,0.03358703847323537,3.3088951868827103,0.4639943800312073,0.00014752278394834412,0.01937564258403809,2.168709390273641,0.4166646515258775,-0.05720026261458665,0.1294168657212086,0.0007767030986013827,0.0009872070565532494,0.2594306469188742,-0.005136263086118408,0.0,0.020136325385949328,-0.12005520913019906,0.03731137688155404,-0.0015993321928276212,0.023881047131591775,0.10250542414454426,0.0,0.0,0.03877754756999966,0.0,0.0,0.0,0.0,0.0,0.0
0.3902139443505937,-0.370795982096475,-1.1065992330536885,0.055032885620913165,0.004249144016252362,0.0025378852418512436,-0.03585199652574104,-0.13242754497416429,-0.002765011952374232,0.10034356699911162,0.005209970712999758,0.0016738108217339979,0.2591459030637581,1.4069554453669881,0.0,0.010371665960458906,-0.2690783106751963,-0.246684177103008,-0.0010502796955614852,-0.09496849624071008,-1.1794411989485727,0.0,0.0,1.332095330751273,0.0,0.0,0.0,0.0,0.0,0.0
0.3902139443505937,1.2034662112072403,-2.562396188381805,-0.3871601255396608,-0.003916928845116791,-0.14816225510165706,-0.6113060508949952,-0.22274260627246661,0.057136048982360146,0.01041603671479945,-0.002587900973671045,-0.00022202073455195655,0.24574598742393433,-0.014819800009370315,0.0,0.001035475522867119,-0.08726780117676235,-0.06469727809078916,-0.0020878667020408784,0.024586689727718665,-0.007824459102114783,0.0,0.0,0.17688889675247635,0.0,0.0,0.0,0.0,0.0,0.0
0.3902139443505937,-0.7256605373805891,-1.1931950093885644,-0.35747948707853494,0.0018952507626717097,0.01469120207707526,0.7593045794273763,0.11662875544432065,0.006110976300472466,0.10750142405739814,0.005125212813251614,0.0018658558685946392,0.2535520640411231,-0.015675122903621202,0.0,0.01402026651770674,-0.08171861988405892,0.034181162096355515,-0.0011952652667991755,0.023661102455682637,0.11138708531459082,0.0,0.0,0.061609185184222814,0.0,0.0,0.0,0.0,0.0,0.0
0.3902139443505937,0.36890347787385974,0.9039585597864344,0.20534452358641142,0.012912230381249777,-0.017845442220483128,-2.478093644032422,-0.4910917177459339,-0.2644360121175878,0.08223216949406231,-0.00035153100336264814,0.0006060885612824029,0.2115238199019797,-0.008800170833523108,0.0,0.013375023788680674,-0.29909844608939723,0.028565028765721562,-0.0008643266631692982,0.011023357137552295,0.09812451213639072,0.0,0.0,-0.0834730588548908,0.0,0.0,0.0,0.0,0.0,0.0
0.3902139443505937,2.5090094786547703,0.8379042394963689,0.49188107594071806,0.011728991249721559,0.07343839280605051,1.7498151449689092,0.3379634892261427,-0.08013497786701107,0.1387016256450869,0.0023598757631264323,0.001257570590240885,0.3226618609928955,-0.007373168731859263,0.0,0.002283656446474552,0.19700084216614586,-0.02571058628583429,-0.0015073303788662885,0.01446340410949078,0.057462623445731664,0.0,0.0,-0.018513464855613428,0.0,0.0,0.0,0.0,0.0,0.0
0.3902139443505937,-1.6147186667219875,0.9896290656409412,-1.0945955569906356,-0.26042861745656404,0.007539321241750207,-1.6138050948551512,-0.6706072932491237,-0.1330911901577049,0.16428588774298453,2.833908655548959e-05,0.0007028095040097667,0.21612831071780575,-0.007917882814865424,0.0,0.0079128815981274,0.5025975534654695,0.08856826016262206,-0.0010972476186291394,0.029704648455918258,0.14983003786466428,0.0,0.0,0.22061297569231594,0.0,0.0,0.0,0.0,0.0,0.0
0.3902139443505937,-0.29633417190178996,-1.7859743684191303,0.2839217509997814,-0.0001785036788829071,0.02694831280068275,0.5888108477082388,0.14305997644757526,0.012589220381111006,0.20940804289610354,0.004978988197333104,0.001979477921719978,0.2735449872935834,-0.01393587863126569,0.0,0.004257193545772598,0.29680016661620373,0.042261167190333584,-0.001313506461460028,-0.0006016436156047476,0.16422457714432548,0.0,0.0,0.05136041939014684,0.0,0.0,0.0,0.0,0.0,0.0
0.3902139443505937,-1.089273594408112,-1.3300880024263881,-0.12573119903638952,-0.0023591858158941905,-0.004899954979291941,-0.5810950328032399,-0.15913066210169174,-0.10683670182976165,-0.37021018458659444,0.004909531722649625,0.001176052460026464,0.22953377664199892,-0.011537149786093784,0.0,0.0001304474955872946,-0.04175532121724529,-0.3916328981142524,-0.00429859864813477,-0.060827622055611215,0.17901083898196057,0.0,0.0,-0.06373793571038971,0.0,0.0,0.0,0.0,0.0,0.0
0.3902139443505937,-0.26019939992227026,4.623387276846073,0.29129264012739886,0.012158423629129483,0.011422529890667964,1.5356280277849967,0.42916806157622034,-0.03119429131505081,0.11126858470649023,0.0013044328690168007,0.0007304922266355926,0.2611712493723378,-0.007744022585150528,0.0,0.011185761888848046,-0.08025800684250528,0.03799726040992732,-0.001202735760280283,0.012818806800330257,0.10968078094762088,0.0,0.0,0.03056508409563274,0.0,0.0,0.0,0.0,0.0,0.0
0.3902139443505937,-0.9187951739510847,-0.8080303970426741,-0.29449586003913253,0.007280674027175825,-0.020400806980239224,-1.0122555104557514,-0.19704430834024692,0.17565665388851975,-0.3245515232148148,0.0031985082814035043,0.0007971768370252582,0.19686405631894183,-0.013024099639493008,0.0,0.0169147496632026,0.04859233962037609,-0.07081810862097095,-0.004671948168481497,0.01506913078061292,-2.1149425491786573,0.0,0.0,-0.39679341313943034,0.0,0.0,0.0,0.0,0.0,0.0
0.3902139443505937,-0.1463676704057222,-1.2609810452414665,0.2832862783708331,0.0037457872987622528,-0.003628547481857655,-0.36521858653268185,-0.18512462568385482,-0.00588551118366861,0.019489536559198564,0.0006517167894647602,0.0014492062207496252,0.23144886043611218,-0.017428119458263655,0.0,0.023377737292459972,0.07451293966470074,0.16339138603293202,-0.001038845911547561,-0.06213503858136201,0.0017772008569157836,0.0,0.0,0.052842863565558486,0.0,0.0,0.0,0.0,0.0,0.0
0.3902139443505937,-0.014905648331145813,-1.02587327410449,0.4198012304490607,0.0033839494933581497,0.014267529493526993,-0.12439022419311072,-0.12136588328606081,-0.05956816980644544,0.09448659225087616,-0.0015443363439097833,-0.0008843750140764978,-5.645428788069665,-0.00804779723141303,0.0,0.003887674961325456,0.04780385869923508,0.12600110375860293,-0.004205650035474082,-0.1303507605498515,0.198139622306399,0.0,0.0,0.551468447030078,0.0,0.0,0.0,0.0,0.0,0.0
0.3902139443505937,0.6932748251980884,-0.8220007512474133,0.28574932796764346,0.003126610992151504,0.018096762797132324,-0.315573885938097,-0.11027824335892934,0.029602378625828023,-0.4597106322901837,-0.0006401304478935518,0.0003158459719235872,0.2657351082865208,-0.012401871859363017,0.0,0.00031391576754709967,0.21601378748597008,-0.7148304515625972,-0.005793174610720701,0.004693508519109521,0.2028057183998848,0.0,0.0,-0.009943102748454564,0.0,0.0,0.0,0.0,0.0,0.0
0.3902139443505937,-0.4661691139237938,-0.5824321786819076,-0.2620840926208358,0.004611264190063943,-0.046616512104113994,-0.2765884145324966,-0.15510628348851657,0.1950828844511689,0.03299139212978501,-0.002190729066510069,-0.0010642180147595265,0.23122374946293842,-0.016178234284574645,0.0,0.019766811287860384,-0.05234244079860722,0.4679975891003607,-0.0011021916057851735,0.0631349264394237,0.6195714075911927,0.0,0.0,0.8696004131585834,0.0,0.0,0.0,0.0,0.0,0.0
0.3902139443505937,-0.053507851948743065,1.0879004731936488,-0.3071944433939508,0.00803088630615472,-0.020033267896457645,-3.37574298528688,-0.7230132637553915,-0.2362262738286629,0.08844413656897325,0.0004223881533184031,0.00023920910655793527,0.20924434486436688,-0.007614510681073793,0.0,0.014374159394922564,-0.18459966340757367,0.03273974946883574,-0.0008735800182873485,0.01554228811089807,0.10177358315226795,0.0,0.0,-0.07785113482415276,0.0,0.0,0.0,0.0,0.0,0.0
0.3902139443505937,0.31570675527124853,-1.6433968713370375,-0.31443605842537536,0.009346522323374034,-0.011364800256809785,-0.4946872846269771,-0.1735613439764167,0.021832514150369874,-0.0633214015210327,0.0015939648333858883,0.003386531638888623,0.23091234202084918,-0.010892631240408374,0.0,0.011435261783538455,-0.059111727022228194,-0.3822483841940198,-0.001819914061134203,-0.21906587482135378,0.014649079916491147,0.0,0.0,-1.074605190128785,0.0,0.0,0.0,0.0,0.0,0.0
0.3902139443505937,-0.8325940789815662,-0.9802920643090087,-0.5151007196343058,0.0069358530386469264,-0.10825814800882969,-0.5712108495640521,-0.17514790713327313,0.04703984701157773,-0.004582463797917644,-0.007680552479854572,-0.0017881830829377112,0.2096121761989098,-0.019504371581958564,0.0,0.009501613763988337,-0.39927360609865253,-0.3785923908740407,-0.0011716979714727733,0.0867988054693658,0.09460607842721572,0.0,0.0,-0.7228969853346567,0.0,0.0,0.0,0.0,0.0,0.0
0.3902139443505937,-1.0095698039503562,-1.3436797851230744,-0.44739964673643307,0.00650163744723281,-0.0931061294605385,-0.6469467989342195,-0.1935436216415066,-0.07603437170980222,-0.06355616955395885,-0.010457508931821303,-0.0032401796084473174,0.19173164649028548,-0.017850224501846906,0.0,0.002206078979307743,-0.32596878770678633,-0.43376799300720864,-0.0012195904987059754,-0.06508135632852251,-1.2345919120002515,0.0,0.0,-0.34263777906674453,0.0,0.0,0.0,0.0,0.0,0.0
0.3902139443505937,-0.3624948703631475,2.5403063087900275,0.18439945827227142,0.04114006084463172,0.011732773257010295,-0.6124503806218952,-0.45597013460277463,-0.14333494476186484,0.07075119407764945,0.001010673457690477,0.00018801627006889476,0.22380074255027188,-0.009094829023790498,0.0,0.012720388887760711,-0.23331126696976956,0.04763025793104721,-0.0008973624932492876,0.02477880577426179,0.16978086965539185,0.0,0.0,0.2667243658758603,0.0,0.0,0.0,0.0,0.0,0.0
0.3902139443505937,-0.26543571262659477,4.314907331521923,0.22012163366072615,0.011659224938995657,0.009980122094807701,1.5973201312371745,0.46158475260731374,-0.03296894825545566,0.11536000393375993,0.0013316271357299166,0.0006759730270441515,0.2586831498371165,-0.005728049198231307,0.0,0.013895520597115385,-0.09155944114512575,0.03922801432146173,-0.0012346652227878986,0.017709795696098346,0.10893292166100349,0.0,0.0,0.04148847864488708,0.0,0.0,0.0,0.0,0.0,0.0
0.3902139443505937,-0.9018325515554665,-1.1567172015659306,-0.508057242235659,0.0014740594471840441,-0.1665316849745911,0.6279560549525041,0.14530210421134093,-0.010681830649136735,0.07515320316614507,0.003625136000421401,0.0016939852721262643,0.24347838673974193,-0.015529442211449905,0.0,0.012285004066498632,-0.06537520998068427,0.025171781788488418,-0.0011881264666336337,0.030260834229448284,0.1418487947166385,0.0,0.0,0.03364372370514565,0.0,0.0,0.0,0.0,0.0,0.0
0.3902139443505937,-0.7048427983239026,-0.9340846116706975,-0.4030355534465071,0.0029433407654936594,-0.05298029007516162,-0.5069115316762278,-0.18909581647853876,0.16229183938823658,-0.40236781445564757,0.005853967042917949,0.001666624044576159,0.2225549288100368,-0.014162149940352267,0.0,-0.0033681634449720713,0.23455527089822065,-0.266488243548864,-0.0045818952822671176,-0.04658478968897305,0.5570564640846499,0.0,0.0,-0.5348801644369233,0.0,0.0,0.0,0.0,0.0,0.0
0.3902139443505937,-0.6346831982025049,-1.350044085366739,0.05599892144012877,0.0036541687332023926,0.003341584756260613,-0.36040794490872363,-0.17104975914756382,-0.09857204960814894,-0.3150165359217187,0.004273015266961625,0.0009482101919099476,0.24536774249897286,-0.013034904612895923,0.0,0.01122957993566862,0.18274863948721393,0.620675597627494,-0.0039498460113390164,-0.08239874955574922,-1.8378128176870943,0.0,0.0,-0.423582788152079,0.0,0.0,0.0,0.0,0.0,0.0
0.3902139443505937,-0.15582738637560167,4.759420972941319,0.1934175938551483,0.005537199982757598,0.030931061561250917,2.0902100354481337,0.46932267273309264,-0.03140782697603732,0.1062861074895485,0.0014257613877117436,0.0005917055027808516,0.24493173677453958,-0.007089094828971261,0.0,0.019072139370735028,-0.02300345517744726,0.04070677667250692,-0.0017802498797952976,0.027033880737626463,0.13191675315963158,0.0,0.0,0.09564826663068234,0.0,0.0,0.0,0.0,0.0,0.0
0.3902139443505937,-0.6591165017028158,-1.3522510286758913,-0.4914235831392531,-0.004158782181734702,-0.008704125009118263,0.24539956927193327,0.11662121675617616,0.006269202348558171,0.10163424546215788,0.004921410956184097,0.001840401773272089,0.24230228053791864,-0.013676637925255211,0.0,0.012631907786930425,-0.23564076962264563,0.03404341415873,-0.0011952652667991755,0.023112736477228342,0.11035696209298684,0.0,0.0,0.060252651236224856,0.0,0.0,0.0,0.0,0.0,0.0
0.3902139443505937,-0.25820764117652584,-1.546976420811023,-0.4904060565939379,0.0014749629126668109,-0.23734908262103208,-0.23522573181384296,0.058479738561467,0.17508569762531193,-0.6455851975498961,0.003838147993927559,-0.00010790608750616515,0.25415740975823237,-0.0064172473814447075,0.0,-0.4434766771831952,0.044361731025155296,-0.17612709371785662,-0.02642891903590823,-0.21248738540043446,0.006033605455971464,0.0,0.0,-0.07123194532645295,0.0,0.0,0.0,0.0,0.0,0.0
0.3902139443505937,0.5095717775983635,4.095489624499408,-0.5467847490015039,0.03224080331765646,-0.25821481551387376,2.261465446271736,0.31582693477933116,-0.04652993067584068,0.11432813339637869,0.002108915572984859,0.0010028047665570985,0.2472598845674454,-0.004563851649550834,0.0,0.020179374104940927,-0.17331613842434238,0.014033975805566153,-0.00203966407928615,0.02548820736750075,0.027676284124045433,0.0,0.0,0.06796821399300136,0.0,0.0,0.0,0.0,0.0,0.0
0.3902139443505937,0.005560436824196064,0.4232320560879635,-0.1957712890637376,0.0052355901396187905,-0.012843921476323617,-3.6155874911695873,-0.6420656593067222,-0.302749890039271,0.059750509589264894,0.0007971708716331201,0.0005453870878563817,0.20317472052753408,-0.005373191114523185,0.0,0.009339999400452739,-0.21511190341574313,-0.06859491183706795,-0.001034176856114085,0.01311260418026404,0.0009610966869450694,0.0,0.0,-0.15625033807594615,0.0,0.0,0.0,0.0,0.0,0.0
0.3902139443505937,-0.3642569527076064,-1.746370590753879,-0.36475985208684975,0.010842479733041187,-0.04911400430123226,0.6139662602669802,0.11613444384042781,-0.006629394649547375,0.11216277109916353,0.005705435896500517,0.0016591684215140846,0.2519819442822787,-0.008903984534245781,0.0,0.014551326215526095,-0.06142006457733228,0.004915213558169456,-0.0014391785764087072,0.02324611770169419,0.027547588981949873,0.0,0.0,0.05371620845772862,0.0,0.0,0.0,0.0,0.0,0.0
0.3902139443505937,-0.25269733029457453,-1.1538903648680705,0.4079766340905267,0.0028734330236270746,-0.004187754004149516,-0.07326665942799089,-0.09077095365369887,-0.0036747307674951527,0.20051676524974854,0.00011993037056320202,-0.0001758633158826085,-5.470760716749273,-0.008677446863298176,0.0,-0.3566255812633371,0.03478459492690084,0.0256716314450828,-0.004492051074978599,0.3199817216658358,0.3184059088126977,0.0,0.0,0.4695464034329168,0.0,0.0,0.0,0.0,0.0,0.0
0.3902139443505937,-0.404312086662435,-1.428394782241966,-0.10546997150742426,-0.016170406057215692,-0.04010236144146732,-0.2987256158799475,0.11310124752071107,0.005564014900930133,0.1036549482038707,0.003319129477039933,0.0010593419811040436,0.24297983410928015,-0.005409274631143902,0.0,0.010185540386747407,-0.0668311192658691,0.04912841777181225,-0.0013577352066696034,0.004515683825094921,0.10544092507998111,0.0,0.0,0.028284550549071134,0.0,0.0,0.0,0.0,0.0,0.0
0.3902139443505937,2.7281534127357228,0.8130420406284046,0.3362811882487011,0.011975474968752526,0.03728070328883757,1.3048512209279473,0.20727078527049142,-0.017686742297096048,0.14123205782544518,0.0034470336759258495,0.001470875999538725,0.31312283576100475,-0.005682581754824749,0.0,0.00556487540063531,0.07309497970189012,-0.010948990976028354,-0.0021788429732021446,0.01693393467814351,0.06195799380192391,0.0,0.0,0.03861769094571624,0.0,0.0,0.0,0.0,0.0,0.0
0.3902139443505937,-0.5581122188081101,-0.7725506232317608,-0.3188797297538198,0.006091016417832733,-0.03597596574456155,-0.2187897238003414,-0.15980240613879654,0.12477743731214883,-0.21524968526364038,0.0034448170284261423,0.001458493565892351,0.2449901802948129,-0.015544617765057327,0.0,0.02065174292159052,0.19270724742298573,0.04122381093238444,-0.004440629423045067,-0.069766245179048,0.3979382580252112,0.0,0.0,0.5245169907492644,0.0,0.0,0.0,0.0,0.0,0.0
0.3902139443505937,-0.32884880551876267,4.535470173021699,-0.3146936874826535,0.006511571493559097,-0.0902863853686238,1.856433817927909,0.34372743736437145,-0.030112028662054365,0.09764384892274752,0.0017564916494371113,0.0009849055669518703,0.2453800659151986,-0.007799415685533179,0.0,0.020335752849852024,-0.13472435020667192,0.04135359240946151,-0.0017802498797952976,0.023651808970933358,0.08850038064788632,0.0,0.0,0.03937319271089026,0.0,0.0,0.0,0.0,0.0,0.0
0.3902139443505937,-0.21379612079511026,-1.6532039306684452,0.39808790403953703,-0.003629119573656461,0.03787633041050833,0.7379521255871335,0.1430522205055303,0.012856657845464626,0.21319638749804742,0.004910869259499055,0.0021180879877897895,0.27869519887499866,-0.010464321024714233,0.0,0.003235533223366056,0.4284194516987886,0.043742513237458466,-0.001313506461460028,0.001911306330442164,0.16472700603727858,0.0,0.0,0.05524422537102937,0.0,0.0,0.0,0.0,0.0,0.0
0.3902139443505937,1.5565986938164864,3.004230556917669,-0.2569822865621216,0.008516913748020464,-0.26740475782321915,2.462697676402917,0.08501250308902172,-0.061907550282401615,0.09930339909722084,0.0016236864183688693,0.0009522654430240742,0.24610460844596407,-0.005247320985783185,0.0,0.01688360556220845,-0.12234480978532268,0.010261970211401588,-0.0019916579618512943,0.01608212696158041,0.03451488595815353,0.0,0.0,0.023833801735405558,0.0,0.0,0.0,0.0,0.0,0.0
0.3902139443505937,0.4447000064749535,-1.9796216826778321,-0.053959652456620884,0.0039320836809814425,0.01917002216837289,0.8252254038750718,0.19106165977152523,-0.0008337526178453586,0.12775875228754321,0.005179006011001671,0.002358535180896099,0.26679133444269804,-0.00401649522614733,0.0,0.0023199238198321134,0.02157293378185029,-0.00793580613683745,-0.0015618422608032608,0.022215863366675442,0.08557805820881967,0.0,0.0,0.084301126771006,0.0,0.0,0.0,0.0,0.0,0.0
0.3902139443505937,-0.1983717066247692,0.1807628035810293,-1.2596513902376512,-0.31068665615115426,-0.033936659636243226,-3.339934626701699,-0.7474264644259365,-0.22696601365843014,0.07903170870386161,0.0011556394934729524,0.0008042560177077795,0.1998646498140193,-0.0057161434389212465,0.0,0.01081209127033796,-0.35470118052333166,-0.042143385784708005,-0.0010991094998196256,0.017738921859079267,0.03581154224058155,0.0,0.0,-0.04687350881167043,0.0,0.0,0.0,0.0,0.0,0.0
0.3902139443505937,-0.7962035163532315,3.968830033659123,0.7017361354360003,0.06105402843038494,-0.043001677034613585,0.02770652384191264,-0.5149502056060608,-0.10543613064469846,0.10393800482055965,4.966622100463663e-05,0.00041333298321254185,0.2398551428814776,-0.008778101480637903,0.0,0.011352789926195057,-0.1236860404198377,0.05341082708031185,-0.000874620850367162,0.020024064026336552,0.16340061074104334,0.0,0.0,0.28927555378963693,0.0,0.0,0.0,0.0,0.0,0.0
0.3902139443505937,0.8955134453967557,-2.1785314937508202,0.03873449156998907,0.004215966968555893,0.011877685229142539,-0.652144376193067,-0.18566688239070217,-0.04701441414849171,-0.005451959356374087,0.0017203174056311416,0.001997994024640819,0.21801515009382164,-0.011836454922722178,0.0,0.005059114886242873,-0.008832188882396974,-0.03255111592351612,-0.0027775413967707444,-0.015459812370220859,-0.7107005440037081,0.0,0.0,-0.5323496207075078,0.0,0.0,0.0,0.0,0.0,0.0
0.3902139443505937,1.0811510772458228,-2.46071010036472,-0.7136839130154339,-0.03292673192369207,0.011136548919772728,-0.5783691179437959,0.1541458196086177,-0.009962904032407226,0.10279087234749952,0.003960389503783304,0.0019279738481335095,0.24970395029188125,-0.0052644605794884385,0.0,0.008340263696319116,-0.02331720233003804,0.010171502929702638,-0.0015727432059692938,0.005578536831166857,0.04984890464679115,0.0,0.0,0.01744837783960197,0.0,0.0,0.0,0.0,0.0,0.0
0.3902139443505937,-0.5297973026552636,3.919216395123105,-0.17101732713753953,0.012586573726577423,-0.1542730134639937,2.34078538651328,0.34469110507366285,-0.03754354855613347,0.09876119849226953,0.0013922967251378704,0.0005668190171702909,0.23840038628463667,-0.007718808471979131,0.0,0.019682823018657994,-0.07969674640522116,0.03802594832454408,-0.0017802498797952976,0.029400804226768062,0.10681940903530164,0.0,0.0,0.06698095331290897,0.0,0.0,0.0,0.0,0.0,0.0
0.3902139443505937,0.22473001026037756,2.932640916386383,0.18573247195222214,0.0034867811071726523,0.015103537749065806,1.9871973892662957,0.28384875679173344,-0.06866275782156415,0.10628493220430954,0.0005906988603564072,0.000996639911892052,0.2541253495393955,-0.008122934062287996,0.0,0.010763238491601577,-0.12965671940164575,0.03571541532555805,-0.001202735760280283,0.0123107323441299,0.10420409530138786,0.0,0.0,0.020877349600054263,0.0,0.0,0.0,0.0,0.0,0.0
0.3902139443505937,0.4392132267944573,2.3135123293210245,0.33731558618745583,0.032923575859243735,0.001126592937808254,-2.940694816891684,-0.6222022844894067,-0.20662469215976254,0.08302997712933968,0.0012429325751746587,0.0005450609064258993,0.21906383923291636,-0.0039413719546212604,0.0,0.011665423963072583,-0.22892807859445932,-0.022631054233243318,-0.0011137908642176275,0.02544004277877823,0.027383783624597712,0.0,0.0,-0.03967048324005514,0.0,0.0,0.0,0.0,0.0,0.0
0.3902139443505937,0.16722074500377837,2.789779136517463,-0.007039088882456019,0.029126837254221334,0.022542832661154137,-0.36646788683348186,-0.330217651961995,1.023668148534472,0.12202861614159839,9.777506038372525e-05,-0.000835306704568489,0.2616964516963738,-0.010724604464692514,0.0,0.007362191644540969,-0.13651811929509092,0.9382432036694373,-0.0008887604267806538,0.05944523626387292,0.3521931217927854,0.0,0.0,-0.08945722392117081,0.0,0.0,0.0,0.0,0.0,0.0
0.3902139443505937,0.27039738992138446,3.2974948069285897,-0.07797882848443465,0.03776077224830252,0.0635147166387747,-0.8839473640313822,-0.3144560948653004,1.279730556826942,-0.4625303773376725,0.0028092780765846623,0.0012665917917672625,0.24321829269792797,-0.008306713548640352,0.0,0.02039451420161896,0.7306180225524418,0.19904438394049384,-0.003984552571671484,-0.033810267610509134,0.5581652045293798,0.0,0.0,0.08528518997514208,0.0,0.0,0.0,0.0,0.0,0.0
0.3902139443505937,1.4357209287596486,2.144125574162421,-0.4472301841541798,-0.23796090440369705,0.031232116677073967,-0.9750841591308401,-0.654398650479116,-0.15399663017377427,0.12025918127007812,0.0006184335038013809,0.0008234212980055132,0.2347446480774032,-0.005319290368659932,0.0,0.006167726354497641,0.18666583019065108,0.046735890180627945,-0.0013033277309978516,0.015201109361231452,0.06813087360612405,0.0,0.0,0.12515199737137445,0.0,0.0,0.0,0.0,0.0,0.0
0.3902139443505937,-0.8525009755313457,4.249412533741761,0.2334021609326233,0.015377324498054262,0.005953409330766339,1.9521977302693203,0.5983323210923893,-0.03774164161542429,0.1275072016756283,0.0008211388876282298,0.0006115886145899655,0.25304344542400653,-0.005216022376937677,0.0,0.01938733007800283,0.02190040937038382,0.03589397896072044,-0.0015993321928276212,0.027671025524404605,0.10052382282882301,0.0,0.0,0.05330259525088307,0.0,0.0,0.0,0.0,0.0,0.0
0.3902139443505937,1.1616183372964355,-1.5542516027839977,-0.15201423389092628,0.004872135374104776,-0.08717011538990913,-0.32186168713726554,-0.12330905112108338,0.021419090143237705,-0.013550207780523977,0.004945300877438696,0.00377507868291217,0.24609826357586329,-0.011325956280516645,0.0,0.01689674477998689,-0.01130869890708579,0.12785106379009262,-0.001586689580575819,-0.0021788462094331127,0.5667179533332479,0.0,0.0,0.03608232125725491,0.0,0.0,0.0,0.0,0.0,0.0
0.3902139443505937,-1.8719988259766676,1.2205758342189972,0.3271274312441294,0.031268802049504024,-0.01754908545397505,-0.5978260259952379,-0.4250370172173902,-0.19584573955434492,0.0921402242261682,-0.00033002544178983677,0.0006465408258753807,0.22519798272120664,-0.006981704885827043,0.0,0.013454370181054458,-0.05973390467771397,0.04583545857232248,-0.000887107317383359,0.022593820869148667,0.13856001841261661,0.0,0.0,0.21053350131238935,0.0,0.0,0.0,0.0,0.0,0.0
0.3902139443505937,-0.17299370616906432,-1.2133878389558683,0.16176098835712938,-0.005345461101026328,-0.011269844913915293,-0.1958694403887301,0.07335607656347011,-0.01433424726304034,-0.9290289634760932,0.004114251651179858,0.0018054384441556254,-5.269789228292569,-0.0057373416474312865,0.0,-0.005343527580121925,0.05527997486115949,0.010522364873783127,-0.013862195681932891,0.008004192060665057,0.05446030070399308,0.0,0.0,-0.12074469691184044,0.0,0.0,0.0,0.0,0.0,0.0
0.3902139443505937,-0.1681965717215805,-0.7204992033827102,-0.04849649333121365,0.00257367168326536,-0.013190072281458163,-0.4554518672516877,-0.20460142545082555,0.06332484972500595,0.06196758654021449,0.0039062298613078026,0.002200711923279889,0.2245370736983706,-0.015285313497602133,0.0,0.02049923555147507,-0.14255190997843917,0.5828433661951039,-0.001071660187073064,-0.08511296084662551,-0.36482792231457994,0.0,0.0,0.499255626399474,0.0,0.0,0.0,0.0,0.0,0.0
0.3902139443505937,-0.07339476719472679,-1.121951395842749,-0.10701834322048134,-0.0008279222529076445,-0.0011477540638379566,-0.45991731318024204,-0.08853274210924492,0.0567962598641541,-0.4045796452320722,0.0004584458213585552,-0.000942913231198971,-4.897623191268988,-0.01349418010008796,0.0,-0.004621192769790085,0.13465412636269677,-0.4326178593832375,-0.004524409296648591,0.10291607230211729,-0.20054955389441254,0.0,0.0,-0.24800178756225644,0.0,0.0,0.0,0.0,0.0,0.0
0.3902139443505937,-0.09357251287951535,-0.9330134738798137,-0.12630240694568548,0.0012242097368022388,-0.03024186982566521,-0.06515635090111567,-0.15316180784518352,0.03607606175252131,-0.2171669611154171,0.000496536347981738,0.00038922287505244125,0.2669995047066323,-0.012844823018038704,0.0,0.012834756569517396,0.04836516254530932,0.05103301328257254,-0.004201338902795992,-0.09370624093862909,0.28160141805962857,0.0,0.0,-0.12476264624843417,0.0,0.0,0.0,0.0,0.0,0.0
0.3902139443505937,0.5651930722473226,1.7536047113497426,0.1959237673219687,0.01330122271064163,-0.041923528266218195,-1.7359418669832523,-0.37020708900718585,-0.1903646896732435,0.08143721714223964,0.0003469456845306872,0.0005029719620521547,0.21317269242406922,-0.008317176807492156,0.0,0.01429111359234129,-0.1151275955510727,0.03349872308344038,-0.0008643266631692982,0.022673705451958112,0.10468068880045267,0.0,0.0,0.006017235509225849,0.0,0.0,0.0,0.0,0.0,0.0
0.3902139443505937,-1.1855636153469629,-0.4616951193962315,-1.2581992646417848,-0.26808187414505047,-0.10182694355064172,-2.695633374517095,-0.9376699382628844,-0.15954630824396349,0.08684980001187216,0.0002382882610912623,8.454301965926787e-05,0.19928145467884123,-0.00927200346729605,0.0,0.012685168383846259,-0.3366517926999912,0.04141098914924408,-0.0008397676024822828,0.024452345262680825,0.13021995674464773,0.0,0.0,0.07180775688249758,0.0,0.0,0.0,0.0,0.0,0.0
0.3902139443505937,-0.6898973169922681,5.037958923941126,0.12956725727068377,0.016755359722452297,0.03990866101534239,2.3602960216007807,0.4826122707313385,-0.032781520054486576,0.10079056339055874,0.0014079371248059537,0.0005598238430182558,0.24237194598897557,-0.007043906814620464,0.0,0.019622615748366396,0.0011113381354725708,0.039077312414570554,-0.0017802498797952976,0.026788459988810357,0.11250385166712769,0.0,0.0,0.06485475501589023,0.0,0.0,0.0,0.0,0.0,0.0
0.3902139443505937,-1.4775919511600129,-0.08529213180860513,-0.056743402818287325,0.002799683505778146,-0.05118382325153667,-3.4288237923117157,-0.7517744952987023,-0.2421451676101654,0.07852647631672881,0.00023941334761993295,6.112847289640978e-05,0.19819239765103427,-0.009361437285089029,0.0,0.012010840815717965,-0.11400759791801021,0.03673744164776753,-0.0008643266631692982,0.02207717160985129,0.05949380194125479,0.0,0.0,-0.07703190223491191,0.0,0.0,0.0,0.0,0.0,0.0
0.3902139443505937,-0.5856053209984126,-0.5262922454882175,-0.16155938400516318,0.005091479718126795,-0.0628706414886683,-0.38451899682091223,-0.16476420503778608,0.2724142381794442,-0.20989890722361076,0.000994332680096907,8.367427586958707e-05,0.23790208503345928,-0.011474561487351384,0.0,0.008866247332478655,0.09888958735193489,0.06767701036889305,-0.00462612654104021,0.5101987821828583,0.30941135531060004,0.0,0.0,0.6310523607218653,0.0,0.0,0.0,0.0,0.0,0.0
0.3902139443505937,-0.12184445449153729,-1.2784439215185308,0.29858224004647,0.0009461294687099477,-0.008508022222676945,-0.7036319723163481,-0.183299807377002,-0.05638492992065203,-0.32435979248006414,0.0026893433852208594,0.0008929323482132518,0.2431786422181702,-0.009418693698395009,0.0,0.01605045565129923,0.11202777962370511,-0.06252188233011038,-0.004287139165846587,-0.07936616336743048,-0.003154577320860682,0.0,0.0,-0.22481473364022078,0.0,0.0,0.0,0.0,0.0,0.0
0.3902139443505937,-0.6638871693738047,-1.4763141360608898,-0.4013335368545385,0.008233825966112295,-0.0008578828866312916,-0.5415037776116026,-0.1959100876594579,0.06924321466271285,0.0006138879479028867,-0.005429232363868694,-0.002678832578656513,0.20392304736385972,-0.017244470883647608,0.0,0.004326266779442441,-0.23382771287743756,0.07411466300709305,-0.001232350110196861,-0.41019550014143447,0.07743426759645648,0.0,0.0,-0.35000161693306797,0.0,0.0,0.0,0.0,0.0,0.0
0.3902139443505937,-0.48295111006739583,-1.4210805513338383,0.15189481829722648,-0.005556322641286696,0.012659334759304334,-0.5809376340209542,-0.19928637215546235,0.03516833244970112,-0.06423429448293065,-0.0016589302232138232,-1.4966704649746151e-05,0.23938788689663593,-0.020383269892788113,0.0,0.0023309704114543735,-0.06881380087605257,-0.021877115812517365,-0.001156526935685964,0.018703558003640926,-0.0402391260147875,0.0,0.0,0.4011451874152154,0.0,0.0,0.0,0.0,0.0,0.0
0.3902139443505937,1.0029589067658293,-2.274382626271143,-0.4231421381909325,-0.01485340816267282,-0.13597843726315448,-0.12166964729643226,0.14087256225010894,-0.004104393792501546,0.09319001818706213,0.00509668893021826,0.0018120462439887928,0.2497545400320817,-0.0051464532282638215,0.0,0.009131879673376931,-0.05115914429988012,-0.0014190813594586725,-0.001564612085794568,0.01325914378031137,0.062142619974906735,0.0,0.0,0.011929941955510786,0.0,0.0,0.0,0.0,0.0,0.0
0.3902139443505937,2.201202029226047,0.42583534215351077,-0.09563833855986732,0.002971374920964888,0.02636884951576225,0.6462864116066354,0.21992365692565732,0.23292639095065007,-0.3365230887863992,0.009386503095785764,0.0018905783300167457,0.28711328432319944,-0.0076347765549745275,0.0,0.04832530878628524,0.15140638060812361,-0.3121168315799961,0.46029153889118507,0.003001091824267218,0.09811713636700127,0.0,0.0,0.36082234618877435,0.0,0.0,0.0,0.0,0.0,0.0
0.3902139443505937,-0.1253752995686828,-2.30713698033735,0.014512853648457155,-0.0017498643834095969,0.028401531480517005,0.763892922319192,0.1601638464496314,-0.014258858548292843,0.13159309149091877,0.003862757292801477,0.0013165336332661686,0.26367818854519504,-0.010785029636434275,0.0,-0.001811927029671446,-0.0723473138689717,0.02399565678028843,-0.0017971501782889092,0.024020350972350314,0.03953603980118973,0.0,0.0,-0.02165993623651497,0.0,0.0,0.0,0.0,0.0,0.0
0.3902139443505937,-0.1254100471424925,3.180510184270978,0.4048017625846009,-0.002184450001627082,0.023925056987724184,2.1484389058311337,0.29439231008604233,-0.05454014955035437,0.1292547040759948,0.0007882241238988209,0.0009872070565532494,0.2572933645005032,-0.0051421840916095925,0.0,0.020164811320021146,-0.1259804876981509,0.03738419881962119,-0.0015993321928276212,0.023881219652497204,0.1032632322204728,0.0,0.0,0.03893438875271164,0.0,0.0,0.0,0.0,0.0,0.0
0.3902139443505937,-0.19988724637075134,-1.1643672045086075,0.00551604754925597,0.00047463177987277675,-0.0008578856079504358,-0.1773245255878751,-0.11115817042807917,0.016464133506214867,-0.13683693830449276,-0.0034597547913647977,-0.0008016269526344923,-5.359145612410449,-0.012832343750535853,0.0,-0.38432707336537786,0.009993339728046917,-0.29124854369354175,-0.004620816938372001,-0.16872810930466584,0.12457258283495586,0.0,0.0,0.43025589317200263,0.0,0.0,0.0,0.0,0.0,0.0
0.3902139443505937,-0.03802366229424428,-0.8255730006263745,0.3365800029240149,-0.0023896459370665014,0.05286442443133447,1.1286973355731142,0.2260283562202841,0.0159202084139392,0.2251195307574972,0.0029171644881983766,0.0009272784323386384,0.27133338622709224,-0.012875101680128263,0.0,0.007236975104368292,0.023565071663254163,0.07104044224507462,-0.0015672536759150733,0.0030332395300607423,0.1704240173383953,0.0,0.0,0.10583045583596266,0.0,0.0,0.0,0.0,0.0,0.0
0.3902139443505937,-0.5858973178246021,0.43833795976208867,-1.203661129755546,-0.3579571982610885,-0.10951897501495932,-2.317511018736107,-0.6697290771519182,-0.14525351002462608,0.09286870389720024,0.0004177857048380752,0.00011272964378568113,0.2063491414405342,-0.008622776400468046,0.0,0.013200283514383659,-0.3730197776181849,0.04543469509797083,-0.0008397676024822828,0.025572434743330114,0.16859746445270005,0.0,0.0,0.15090760154369207,0.0,0.0,0.0,0.0,0.0,0.0
0.3902139443505937,-0.4506798642053346,-1.1721704900408678,0.513104039435056,0.004885823302648431,-0.015272201319143634,-0.4288737105399623,-0.18102007437109283,0.25785070214368516,0.011273520398675296,0.16405201201816488,-0.036307267720277474,0.22889166252413556,-0.014810000473670454,0.0,-0.010675046232975563,0.09041840116495271,-0.09677981088179956,-0.0011593027788676382,-0.03315367643008546,-1.1228094930700336,0.0,0.0,0.4691952088333212,0.0,0.0,0.0,0.0,0.0,0.0
0.3902139443505937,-0.39848757094276216,-1.4906812500321764,0.023538699680697425,0.004365829094674882,-0.00548936465720191,-0.4971182484492689,-0.15670327214953894,0.09775734521815015,-0.017136320163273752,-0.00010387919166236802,-0.0001445834465027658,0.22438367856278416,-0.015230786930153516,0.0,0.0024957377393905154,-0.016976033419024643,0.038407620662378364,-0.001360955390926366,0.07523421155188703,0.273663462649791,0.0,0.0,-0.6169901200646035,0.0,0.0,0.0,0.0,0.0,0.0
0.3902139443505937,-0.24032664554181288,4.412508203698285,0.19090052778477506,0.01247641386270514,-0.0019227440836937389,1.5513318788648756,0.4648700017254879,-0.03364058845795192,0.11125366473220755,0.0013044328690168007,0.0007304922266355926,0.2606450259316813,-0.007965567090436193,0.0,0.011112758845822607,-0.05017198361269698,0.03786837434792638,-0.001202735760280283,0.011832675469375447,0.10953902047431108,0.0,0.0,0.029845023458269247,0.0,0.0,0.0,0.0,0.0,0.0
0.3902139443505937,-0.8870547063319669,-0.7599431662844512,-0.3267226961173348,0.007283906989433552,-0.013560349878627809,-0.996088815700441,-0.19771265705281446,0.2662794219185928,-0.36105727282049654,0.0031889871857681217,0.00038849006389840546,0.19528741751703288,-0.013074624728369103,0.0,0.017834764884013067,0.03859569908528713,-0.07565998875817476,-0.00476166921102873,-0.0019800843624636698,-2.155827648052031,0.0,0.0,-0.3639308957633455,0.0,0.0,0.0,0.0,0.0,0.0
0.3902139443505937,-0.8778551375858624,-1.1897412003377685,-0.5081953334367478,0.0006982663181390869,-0.18044891076687283,0.6218013644362123,0.12040473272965659,-0.013055506973198079,0.1311950500141783,0.003760346546403274,0.0017019091365756583,0.24574961184630817,-0.011573082730604927,0.0,0.006591766666992414,0.11942164570347558,0.027167408171304225,-0.0013983222094299634,0.026680359311924508,0.1378774657379177,0.0,0.0,0.004588195112818374,0.0,0.0,0.0,0.0,0.0,0.0
0.3902139443505937,-0.44367963149522033,5.1798002807938,0.2174849040242428,0.016950982502269816,0.03964892872361108,1.3225254994829059,0.536415345768304,-0.04287760212688303,0.11928814775203346,0.0012913730299054312,0.0004703791524549397,0.24838215807491498,-0.007264204220662489,0.0,0.02002176390777089,0.017388936565743498,0.04598356576615505,-0.002177636261940037,0.025001007927800217,0.06806132142374556,0.0,0.0,0.01716586508640826,0.0,0.0,0.0,0.0,0.0,0.0
0.3902139443505937,-0.11347268754547177,-0.9544608103063784,-0.12011935370738593,8.301826486176697e-05,-0.001393240172966386,-0.4787934162544944,-0.20137452694111874,0.004394440584127233,0.053750546487063657,0.0018071392822385812,0.00043358328505169473,0.22983698047111373,-0.015960328124919373,0.0,0.006412305307398288,0.1686860539971101,-0.2582247824158561,-0.0013447403443277582,-0.019420166149292654,0.007092472421663073,0.0,0.0,-0.16369101790997506,0.0,0.0,0.0,0.0,0.0,0.0
0.3902139443505937,0.26060118915144026,-1.3729842732928914,0.3874125605042745,0.005070480526819176,-0.007344745468673953,-0.39966045894484303,-0.17435058714758067,0.004232532313537934,-0.32278767670572595,0.0029743934365518494,0.0011786482665937454,0.2657060421758366,-0.0062487299130646965,0.0,-0.004150470058922572,0.07833915475690302,-0.20068834327365487,-0.005880432988493518,-0.06317059015628196,-0.209541913492743,0.0,0.0,-0.14718555289300314,0.0,0.0,0.0,0.0,0.0,0.0
0.3902139443505937,-0.5677013979411424,-2.1700013736934474,0.07210306508440048,0.002202999394360017,0.003811673145726392,-0.6023149477598541,-0.19650126009243424,-0.43785962493592806,-0.00588121022725755,-0.0008935543464060568,-0.0010544266060915008,0.20660035338465485,-0.019954657010963744,0.0,-0.001509968787625046,-0.10867052257840351,-0.27047494625769486,-0.0011802521290185952,-0.02935851056093373,-1.2360484203735929,0.0,0.0,0.06590013275861253,0.0,0.0,0.0,0.0,0.0,0.0
0.3902139443505937,0.14965880450152172,-1.604455536238831,-0.16442191726728786,0.0019372025003083664,0.00046888652376004836,-0.5428346438245832,-0.1217133409290505,-0.01017727119876558,0.1946700925923231,0.0106609198186129,0.008057078523463082,0.24632263487380562,-0.008903920033535266,0.0,0.02315167508978808,0.07282817420183371,0.05039482485740809,-0.0018566144465283821,0.14172979920913614,0.5008815805592786,0.0,0.0,0.19561930808542313,0.0,0.0,0.0,0.0,0.0,0.0
0.3902139443505937,-0.7398496590119857,-0.6763269870265878,-0.354892720055733,0.007912457818249955,-0.04672513348950191,-0.7864660182664294,-0.1835453432923365,0.09225523297875199,-0.37187379132646664,0.004572836739430161,0.00244646790219805,0.22875536661886736,-0.01288676689758437,0.0,0.01603751613737264,0.2844345710188868,-0.15469688705425033,-0.004461989416124777,-0.025728917308254145,0.3086613997133566,0.0,0.0,-0.45927903411180243,0.0,0.0,0.0,0.0,0.0,0.0
0.3902139443505937,-0.8141943054102999,-1.145653854645926,-0.5168576881684559,-0.004500118934514884,-0.16433505730045858,0.5728225358804322,0.12040237107538766,-0.01292966050337156,0.12965533673773338,0.0038885200323314256,0.0017276479863397442,0.2461558145499163,-0.01060877204882243,0.0,0.006173986445186534,0.13759405675245712,0.02815556840203131,-0.0013983222094299634,0.026227131122405167,0.13826812577935166,0.0,0.0,0.004980531059268853,0.0,0.0,0.0,0.0,0.0,0.0
0.3902139443505937,-0.16160856660888306,-0.7558938473280021,0.32907202710859734,0.004353008774491144,0.009305568632091145,-0.3718962532300744,-0.16625225153793172,0.0741820304619042,0.012999615016852047,-0.002649430011467155,0.00046966854683684655,0.23685126708936907,-0.019713045125651866,0.0,0.005372353232464,0.12544075102651264,0.5172073681940424,-0.0011799858241428682,0.06734638438553359,0.10950041594856398,0.0,0.0,0.08866555631294122,0.0,0.0,0.0,0.0,0.0,0.0
0.3902139443505937,0.5953358343274242,-0.5804785573499945,-0.05713627337556366,0.0028475735678754883,-0.01273053353688383,-0.4051440063531716,0.009394275483391354,0.05408581217921565,-0.428385735470984,0.003032683277105089,0.000666094102740456,2.6923781058792855,-0.004976319209221456,0.0,0.38021772326695485,0.1414576115881504,-0.054031725172050196,-0.006002719160649311,-0.09953805485453175,0.1043185459833077,0.0,0.0,0.2501768093381274,0.0,0.0,0.0,0.0,0.0,0.0
0.3902139443505937,-0.37064467861969497,-0.853554783339523,-0.14434347194672828,5.2991762950196084e-05,-0.013594733692475292,-0.12959465319317534,-0.10773244364629081,0.018188252291841456,-0.4359236012014572,0.000948505244278162,0.0016326856311034686,-5.299863916536468,-0.008563295719148314,0.0,0.013209525678383441,-0.10187972704042253,-0.11187946605728014,-0.004383323808253363,0.023032681599709153,0.01699963269732031,0.0,0.0,-0.33651722733899203,0.0,0.0,0.0,0.0,0.0,0.0
0.3902139443505937,-0.6507050113675515,-1.7779244592396122,-0.5500079280761494,0.007687476365778221,-0.06538345031404982,-0.6178832310533637,-0.19495249344050522,-0.009526258896825547,-0.010292125038388677,-0.008494476418267005,-0.0029162122555638236,0.19351374344179476,-0.018899318332988368,0.0,0.010803254859797756,-0.1947926323228201,-0.34426478736026633,-0.0011253541963069456,0.04771323528910971,-1.1936712364309592,0.0,0.0,-0.30554702944971956,0.0,0.0,0.0,0.0,0.0,0.0
0.3902139443505937,-0.40624492676573865,-1.433070305679941,-0.15260140011765655,-0.005953816509717818,-0.012358725528914068,0.3143570048019585,0.13604928596398197,0.01207790614075368,0.09575893726294578,0.0035597245464424666,0.0011031793589804516,0.25067363955402305,-0.00923076156589497,0.0,0.010284394198922433,-0.15561201055812107,0.047934104862250006,-0.001150414965511703,0.015570518783922651,0.11406258650483404,0.0,0.0,0.04342768421480907,0.0,0.0,0.0,0.0,0.0,0.0
0.3902139443505937,1.0980041882275762,1.3074381436412683,0.17405222616270632,0.02517616948812713,0.03911393275215459,1.7136425719799946,0.1901250566860602,-0.06657538209295731,0.1538197599029598,0.00037529544395761437,0.0010955758161184882,0.29844057071753055,-0.002635386190589161,0.0,0.017885079249937638,0.040036327778834896,-0.026695530005838596,-0.0019299673611861974,0.03188040038735974,0.057573990564685595,0.0,0.0,0.006754391923046389,0.0,0.0,0.0,0.0,0.0,0.0
0.3902139443505937,-0.14427555716926138,-1.128588018995748,0.3444584362421389,0.004516243661024247,0.009305121243200584,-0.5963796687276213,-0.18828471706202315,-0.06262435293735844,-0.2981564441077849,0.002222976372751144,0.0011940071470883868,0.2549055943812445,-0.008790445971674062,0.0,0.03533951026260828,0.07670397101317175,0.20131260002775783,-0.004149787552283881,0.36854042035374707,0.18459206581608964,0.0,0.0,0.03650512421330209,0.0,0.0,0.0,0.0,0.0,0.0
0.3902139443505937,2.424158197919496,0.3146196796118793,-0.4079259184381149,-0.04018256290466257,0.05178855190265119,1.2794603173382812,0.19575934917747068,-0.0059447247369268175,0.12960837997821767,0.005735833233491727,0.0022240256230674597,0.2987333233361495,-0.006159746731756844,0.0,0.01658998182642391,-0.028741174985680167,0.008750676928822185,-0.002198707525295975,0.01636097171862326,0.09043854925386087,0.0,0.0,0.07279860532396751,0.0,0.0,0.0,0.0,0.0,0.0
0.3902139443505937,-0.40382875333029356,-1.4881051215423222,0.26538147936743933,0.003924194736181409,-0.010477740113794813,-0.4687523079486406,-0.17052120639220833,0.05057267999677296,-0.00018337374847902309,0.00020698115085500532,0.002133889075188208,0.2122875683727751,-0.01802864502199289,0.0,0.013368051671597773,0.10563249346704978,-0.11548715154010213,-0.0011169414000665456,-0.05979489377869251,-0.874344173522338,0.0,0.0,-0.8416244221412931,0.0,0.0,0.0,0.0,0.0,0.0
0.3902139443505937,-0.43573816518833863,-0.778808769924939,-0.2548645732056047,0.005225164631621392,0.06266781319497623,-0.2694255111067328,-0.15921620649658957,0.09820797970053033,0.18138152253278378,0.004076481724506219,0.0009111802296241202,0.24121712327256675,-0.013776434933735184,0.0,0.00696175697388601,0.014532375410725223,0.11443961347341418,-0.004336849019790856,0.16630589134682652,0.5559099517403097,0.0,0.0,0.2316363422477645,0.0,0.0,0.0,0.0,0.0,0.0
0.3902139443505937,-0.7200084028967042,-0.8195475079196098,-0.3850546786609338,-0.001556286978430824,-0.19783823412979312,0.053631682033169766,0.11562431414934393,0.1743054894825908,-0.4339425123588075,0.006169003152173673,0.0024541443342058354,0.2952369288965177,-0.011061621207413079,0.0,-0.020619170700079056,0.044444087438675464,0.040831937158269424,-0.029379358658081868,0.023034176837569843,0.191147242686446,0.0,0.0,-0.5648020186106446,0.0,0.0,0.0,0.0,0.0,0.0
0.3902139443505937,-0.3005286854631682,-1.594478651733656,0.04155557031305958,0.005842335622370967,0.019768581017107562,0.4867227029187055,0.1275856519142551,0.011250652269471941,0.1289505354863904,0.004469202762392494,0.0017340681164111618,0.2609492897967865,-0.013156655338122178,0.0,0.013843575433853122,-0.13136440977986752,0.033082462356784366,-0.001099652533900197,0.01948767202757811,0.169468650575541,0.0,0.0,0.07573032594124436,0.0,0.0,0.0,0.0,0.0,0.0
0.3902139443505937,-0.7129151552408973,-1.2038795176933677,-0.4550516393306505,-0.015104895200975969,-0.10057590448043909,-0.22642552448673564,0.12038975163140049,-0.014214421271028767,0.09040552141054194,0.0035584479192765114,0.0016858650109905008,0.23177174323301253,-0.009608161020254056,0.0,0.012510329809656044,-0.02847962066213659,0.025265679303760974,-0.0013983222094299634,0.024156588881596906,0.1348171428744323,0.0,0.0,0.004483414346011866,0.0,0.0,0.0,0.0,0.0,0.0
0.3902139443505937,-0.17448179044045792,-1.1540592238532734,0.14739189365583996,0.003064976609567616,0.008770107561955702,-0.6818926759567292,-0.18721994867952277,-0.17445544207848576,-0.3315133995501282,0.006736566494777419,0.0011277169025595162,0.24351024999594492,-0.009124895560032216,0.0,0.008469927839601366,0.009315450389004356,-0.046037395831534586,-0.0046085676819247814,-0.0034837821476887422,0.1194020920048659,0.0,0.0,-0.26725236805918806,0.0,0.0,0.0,0.0,0.0,0.0
0.3902139443505937,-0.49974718860482625,5.0191684006709165,-0.11247344205791379,0.015803599274881765,-0.03237059514375065,2.0724888451078987,0.35914658761128904,-0.034111655693485524,0.10082404281545314,0.00142957766529832,0.0005948331661182578,0.24195287490820375,-0.007672962960547554,0.0,0.018577519531722122,0.010817655962873892,0.03717041061214137,-0.0017802498797952976,0.027341957260140836,0.11583482728981295,0.0,0.0,0.07552441091557972,0.0,0.0,0.0,0.0,0.0,0.0
0.3902139443505937,1.0029589067658293,-2.274382626271143,-0.4231421381909325,-0.01485340816267282,-0.13597843726315448,-0.12166964729643226,0.14087256225010894,-0.004104393792501546,0.09319001818706213,0.00509668893021826,0.0018120462439887928,0.2497545400320817,-0.0051464532282638215,0.0,0.009131879673376931,-0.05115914429988012,-0.0014190813594586725,-0.001564612085794568,0.01325914378031137,0.062142619974906735,0.0,0.0,0.011929941955510786,0.0,0.0,0.0,0.0,0.0,0.0
0.3902139443505937,-0.21379612079511026,-1.6532039306684452,0.39808790403953703,-0.003629119573656461,0.03787633041050833,0.7379521255871335,0.1430522205055303,0.012856657845464626,0.21319638749804742,0.004910869259499055,0.0021180879877897895,0.27869519887499866,-0.010464321024714233,0.0,0.003235533223366056,0.4284194516987886,0.043742513237458466,-0.001313506461460028,0.001911306330442164,0.16472700603727858,0.0,0.0,0.05524422537102937,0.0,0.0,0.0,0.0,0.0,0.0
0.3902139443505937,-0.731018645784469,5.2034198326806855,0.0829891610544418,0.016628643956212687,0.0032422431253701146,1.983760704605807,0.5682777458995842,-0.03239165168163165,0.12842617288339578,0.0010873914708806858,0.0005738047434720576,0.25700685952396024,-0.005839533503546366,0.0,0.01749048118314782,0.016208584497837224,0.04046780249445613,-0.0015885777254888672,0.02617468122260479,0.10063088885156495,0.0,0.0,0.053867016555977816,0.0,0.0,0.0,0.0,0.0,0.0
0.3902139443505937,-0.35924498821041173,-1.4918213659148107,-0.396546308872368,-0.0029361616475732455,0.034454288002528165,0.9753314429405149,0.16672902300538936,-0.0012448451894439346,0.14975610244324158,0.0036593854482203703,0.0011316266156695916,0.25390941383675386,-0.015925207493730196,0.0,0.02112400498666147,-0.09257217736554192,0.07651454811948413,-0.0020245023255847,0.0205899467620488,0.09594729106540746,0.0,0.0,0.001339598492680516,0.0,0.0,0.0,0.0,0.0,0.0
0.3902139443505937,-0.43384652864570394,-1.517621970885646,-0.1651564618343477,-0.006306260389411494,0.02353430855688327,0.21702395339992703,-0.05280356524729448,0.021573606913493873,0.12254134405672813,0.0025401574846550348,0.0008725402332969127,0.2699754070653503,-0.03181454315481246,0.0,0.007817844207072641,-0.3664104280850713,0.08587788189203525,-0.0010840779191256809,0.008466707576537892,0.16725424171806216,0.0,0.0,0.12277212206716669,0.0,0.0,0.0,0.0,0.0,0.0
0.3902139443505937,0.2265894145218815,-1.9258235117372835,0.20985098318630305,-0.004692130311235575,0.034191300009830276,0.47030102673855456,0.18460472410899337,0.008115624029854312,0.1466769932197157,0.006514343077394977,0.0023855725644413538,0.2769307886092357,-0.007763186997742175,0.0,-0.003919793753689951,0.12329031117659454,-0.004075890642608314,-0.0015381328116408398,0.008720012231955763,0.04498321121866264,0.0,0.0,0.07396286607349548,0.0,0.0,0.0,0.0,0.0,0.0
0.3902139443505937,-0.8778551375858624,-1.1897412003377685,-0.5081953334367478,0.0006982663181390869,-0.18044891076687283,0.6218013644362123,0.12040473272965659,-0.013055506973198079,0.1311950500141783,0.003760346546403274,0.0017019091365756583,0.24574961184630817,-0.011573082730604927,0.0,0.006591766666992414,0.11942164570347558,0.027167408171304225,-0.0013983222094299634,0.026680359311924508,0.1378774657379177,0.0,0.0,0.004588195112818374,0.0,0.0,0.0,0.0,0.0,0.0
0.3902139443505937,-1.2253352984487496,-1.4603730593045343,-0.09913559960976877,0.00463206267200558,-0.01889108921643247,-0.5524423307546127,-0.1468458014877499,-0.029027714441177563,-0.34957109662489977,0.0020716287643455285,0.0007480830100279806,0.2463132517534114,-0.012677950607952676,0.0,0.02257593006030667,0.13018501764833648,0.12243179760224315,-0.003848183655919294,-0.03356751581853625,0.3156905395858876,0.0,0.0,-0.046620795277607714,0.0,0.0,0.0,0.0,0.0,0.0
0.3902139443505937,0.5505390873059618,-1.8661629793282246,0.612357582516113,0.0020582351575085356,0.015089299331346624,0.7774350104328995,0.1681682620367891,0.0042476783640627005,0.15985589815890064,0.006170952171387917,0.0024300812258826795,0.282907364009009,-0.009095838425563304,0.0,-0.0029163153424852993,0.11010175811339284,0.002490963518483097,-0.001548389337703023,0.013981311682953827,0.05548734346788452,0.0,0.0,0.09548402660393868,0.0,0.0,0.0,0.0,0.0,0.0
0.3902139443505937,0.03358703847323537,3.3088951868827103,0.4639943800312073,0.00014752278394834412,0.01937564258403809,2.168709390273641,0.4166646515258775,-0.05720026261458665,0.1294168657212086,0.0007767030986013827,0.0009872070565532494,0.2594306469188742,-0.005136263086118408,0.0,0.020136325385949328,-0.12005520913019906,0.03731137688155404,-0.0015993321928276212,0.023881047131591775,0.10250542414454426,0.0,0.0,0.03877754756999966,0.0,0.0,0.0,0.0,0.0,0.0
0.3902139443505937,-0.1547861772865899,3.475317614767882,0.1671559566257375,0.01367186892796553,0.008999961010617183,1.753952214555945,0.4773440035133234,-0.047884341207646446,0.11037731809289983,0.0013182130851971839,0.0010174896981924274,0.2574879986193125,-0.007998423315086505,0.0,0.010992208749155057,-0.08662112404358713,0.037799356722324165,-0.001202735760280283,0.012305882586864103,0.10390399055883578,0.0,0.0,0.026458510963051966,0.0,0.0,0.0,0.0,0.0,0.0
0.3902139443505937,0.26993156417137754,-1.6723680361764044,-0.35089516456605907,-0.07213268189621361,0.01446094164378538,0.5804744839142005,0.16492011275725316,0.00016344807720957932,0.11857550247440429,0.005831193660384683,0.002262706798463383,0.25871884436600745,-0.006120515647097332,0.0,0.0056872149692733095,0.06324841740435568,-0.007928152972557894,-0.0015521008359801163,0.015963366382674357,0.06878890334206361,0.0,0.0,0.10133345246197423,0.0,0.0,0.0,0.0,0.0,0.0
0.3902139443505937,-0.2811051676302291,-1.4506914649691662,-0.13422883504980088,-0.0019957394835913465,0.014897023868386457,0.6646575244806625,0.12767099399170645,0.0006007194993214464,0.12458328053943359,0.0037133807772957374,0.0011160253326508596,0.26033631049947575,-0.021233158106717193,0.0,0.01040015547738055,-0.04507905708274152,0.07510978594234174,-0.001157089981296925,0.017976273086411705,0.09961654904539584,0.0,0.0,0.008761296623444825,0.0,0.0,0.0,0.0,0.0,0.0
0.3902139443505937,-0.2431342886624248,-0.3529854994995484,1.0955537137969968,0.002882196213236896,-0.0028681676796686946,0.09106418685630287,-0.11649057050014326,0.10542781610007125,0.23170027010149782,0.0017283354638625453,0.00025928100985084105,0.2968824838508301,-0.016736772503960565,0.0,0.016322663351699025,0.13698005209617897,0.23998661150351935,-0.0037399179057102266,0.4542710784380227,0.7027258785176702,0.0,0.0,0.847533278958686,0.0,0.0,0.0,0.0,0.0,0.0
0.3902139443505937,-0.4698299254949028,-0.6736761098863551,0.23726455483605732,0.00532522952974818,0.011157810640563743,-0.46679531991055256,-0.1944003760701187,-0.12493526301509211,-0.03064597451325029,-0.007046928869875332,-0.002537431927068966,0.22746619378640565,-0.02008884918874575,0.0,0.0066697220925104675,-0.033632792467687724,-0.0511047737076862,-0.0011234029519484818,-0.19107650371981943,0.3059300273325905,0.0,0.0,0.0219824532103496,0.0,0.0,0.0,0.0,0.0,0.0
0.3902139443505937,-0.35924498821041173,-1.4918213659148107,-0.396546308872368,-0.0029361616475732455,0.034454288002528165,0.9753314429405149,0.16672902300538936,-0.0012448451894439346,0.14975610244324158,0.0036593854482203703,0.0011316266156695916,0.25390941383675386,-0.015925207493730196,0.0,0.02112400498666147,-0.09257217736554192,0.07651454811948413,-0.0020245023255847,0.0205899467620488,0.09594729106540746,0.0,0.0,0.001339598492680516,0.0,0.0,0.0,0.0,0.0,0.0
0.3902139443505937,-0.5049582139821789,-1.0422071645970674,0.4483636116707447,0.0005695892012391568,0.049921469714037235,1.3075330108398544,0.2163820578022436,0.003755826578102799,0.1757156129245916,0.0038368072122392377,0.001674836413376909,0.2669489747403428,-0.007826710375781492,0.0,0.027225525351135975,-0.006347701234402544,0.031778776741081864,-0.0020150308657753357,0.025923202631136042,0.16722282635671015,0.0,0.0,0.05239560573301193,0.0,0.0,0.0,0.0,0.0,0.0
0.3902139443505937,-0.239396499185373,3.595302664747192,0.16401214560782487,0.012492742134261306,0.07492427744270547,1.5589613651384493,0.43298508713802064,-0.04260263777608404,0.10040819474254356,0.0013532861678504334,0.0009560551695780237,0.2580306264897423,-0.012285356785824321,0.0,0.011375722643407776,-0.106442532435818,0.03929709602060865,-0.0010366950435294546,0.016786241154445575,0.10293170742422836,0.0,0.0,0.03978080177214391,0.0,0.0,0.0,0.0,0.0,0.0
0.3902139443505937,-0.2772838330240537,3.9609404492552405,0.5457364652155697,0.015938284342496317,0.07786032311615292,1.5196187848491582,0.4039861583997157,-0.039390349925430175,0.10212579070067564,0.0008645587992872186,0.0009842495110278034,0.26639749113632955,-0.009290183760929138,0.0,0.013266711509488441,-0.03754947345619975,0.037980688842797275,-0.001038346366276586,0.021173428410500104,0.10312541930033509,0.0,0.0,0.04712611833765648,0.0,0.0,0.0,0.0,0.0,0.0
0.3902139443505937,-0.03443715071320231,-1.0772011122415428,0.2971702535899731,0.0019060042542737201,0.016780976608332752,-0.5631039155554889,-0.1719839884816895,-0.07246947512715508,-0.31488271167125986,0.006562462246928248,0.0016009649958465633,0.2553972143524279,-0.01010688826844202,0.0,0.00204629622713482,0.11640551172907652,-0.19166990813605084,-0.004181813666872103,0.2983451706519985,0.201812119466341,0.0,0.0,0.2765764481024635,0.0,0.0,0.0,0.0,0.0,0.0
0.3902139443505937,-0.2746533246834169,-1.5352680432777055,0.19743037259122193,0.06372739226975604,0.02808549550897108,0.6036246595881597,0.13031893945849535,0.007827913663359179,0.2026225513336656,0.004499252724462696,0.001758090405867228,0.2703376736866494,-0.006525448505404828,0.0,0.007918205335853041,0.2712484762938845,0.03366192941718057,-0.0013144754442359907,0.00873585756254526,0.16391969083689223,0.0,0.0,0.06716526689594812,0.0,0.0,0.0,0.0,0.0,0.0
0.3902139443505937,-0.5887340815454609,3.5285249737662796,0.49439457446018154,0.010593913665895729,0.0915922916884099,0.9349804691524484,0.38854746673151896,-0.052245440733712296,0.12281095441503281,0.0008339853722291122,0.0005778468875155187,0.24735742279982958,-0.004818940986264738,0.0,0.020760036772853423,0.01375938698503022,0.037051877703238124,-0.0021114157636718004,0.030051047351869566,0.10961042746687966,0.0,0.0,0.055387678112688035,0.0,0.0,0.0,0.0,0.0,0.0
0.3902139443505937,1.5014998888976074,3.6161070800709023,0.018071113572952786,0.005956377743123417,-0.08690684260908738,2.336142350982599,0.24425427204609812,-0.05722544754179631,0.10324069193664648,0.002336974621885168,0.0010722272274681964,0.24977883383370783,-0.005654972078790661,0.0,0.017964845491098617,-0.053203281254311514,0.024865666561928422,-0.002029407553223967,0.014187959714437518,0.024242644058830316,0.0,0.0,0.04753078474112,0.0,0.0,0.0,0.0,0.0,0.0
0.3902139443505937,-0.1945882764502282,0.39475254803088294,-0.254852207122027,0.005309570478148065,-0.005408556906153481,-4.531953474290159,-1.1495216485220048,-0.30121520785117567,0.06472062779788612,0.0008712615235730252,0.00025973025429540484,0.20062142494705945,-0.005189430148581877,0.0,0.00855660253039443,-0.1408790183299859,-0.06450725608350188,-0.001034176856114085,0.012397718801763095,0.004936783109519574,0.0,0.0,-0.16188538361632,0.0,0.0,0.0,0.0,0.0,0.0
0.3902139443505937,0.38728015509742647,-1.5732792635048136,-0.08568832794935295,0.004715575458958244,-0.01347802563666061,-0.5011220958651739,-0.19247855715998327,-0.031429439612153366,-0.06335004029734312,0.0027051538150971847,0.003910648499300661,0.24575121073359812,-0.010253704065291353,0.0,0.008577841138506192,0.011208217090279703,0.222422493189732,-0.0017705355068297966,0.04516763025069299,-0.008975622319559813,0.0,0.0,-0.18353907825754626,0.0,0.0,0.0,0.0,0.0,0.0
0.3902139443505937,1.1183025550615926,-2.3216332413176795,0.014100291961440302,-0.0025332400590190565,0.03226874284684814,0.7379462084213361,0.11733337452510915,-0.0018013277661666385,0.10100309384986468,0.003457249528211972,0.00155368079198217,0.2784082803372129,-0.014958786203068623,0.0,-0.0020006725345612457,-0.20389388577812417,-0.013306102769649225,-0.0012591955333507688,0.008710739987934611,0.08820962439519868,0.0,0.0,0.010055518433201144,0.0,0.0,0.0,0.0,0.0,0.0
0.3902139443505937,-0.2228706603502367,-1.7453643767298401,0.2830258538614102,-0.0004495004422467965,0.03126299103239528,1.2277601885679892,0.20070318877006396,0.014363175306084589,0.16993170049359577,0.005040320777517733,0.0020918276936677705,0.26785498612681513,-0.009694747681618416,0.0,0.012930894168982682,-0.05959554907043997,0.03132646503141101,-0.0016448049473263716,0.012503854609390522,0.16224274351779405,0.0,0.0,0.0390553452696433,0.0,0.0,0.0,0.0,0.0,0.0
0.3902139443505937,0.2868520493769909,-1.4170341608997024,-0.24716534697200493,0.0008917132889942418,0.008953867171668599,-0.12833525471313437,-0.09255479463784372,-0.07699994603922382,-0.0712816145151294,0.0015313921856376336,6.370082901548678e-05,-5.416575754367262,-0.007474250724704725,0.0,-0.25606656946823725,0.022966337084829657,0.22173968434326224,-0.005303087853379278,0.09536420072528429,0.0015156766448276146,0.0,0.0,0.19275379821461658,0.0,0.0,0.0,0.0,0.0,0.0
0.3902139443505937,-0.2599294081221809,-1.7799110890737098,0.16254204215883905,0.001909015733594559,0.029038065977475422,0.7542742126998029,0.2006783835678558,0.014552827220555117,0.151983917429062,0.005044049540544824,0.0019762559898831226,0.2634682711767565,-0.01084415320322533,0.0,0.010501894522277715,-0.03046308316947647,0.03091368319592229,-0.001290892444625403,0.008977108842388684,0.15877604475018323,0.0,0.0,0.03925681790390478,0.0,0.0,0.0,0.0,0.0,0.0
0.3902139443505937,-0.6308611866735521,-0.7901278908704359,-0.3438167128655115,0.004107844609387287,0.02678477044440072,-0.43432112138654166,-0.17707502716132914,0.1187679627125548,-0.3639877138710841,0.002519405397499854,0.0004242394079075791,0.2314942742856696,-0.01696292735957051,0.0,0.01689673510907031,-0.22241950441467245,-0.050236206410145465,-0.004130986457182339,0.009534050149923234,-0.10607670044162919,0.0,0.0,-0.08812919492613787,0.0,0.0,0.0,0.0,0.0,0.0
0.3902139443505937,-0.436217984815368,-1.748409416822818,-0.2707372611311134,0.0027119220844254977,0.033430082098144936,0.24715908970247671,0.07695222974787767,-0.013151478007340471,0.12194738111215037,0.004323853414120224,0.0015685776153956646,0.26163798711134145,0.25575942052752587,0.0,0.012638743993948204,-0.3660477950618741,-0.027349970888931922,-0.0016060734398182204,0.008528044424404654,0.03954758167741807,0.0,0.0,-0.07272181861191551,0.0,0.0,0.0,0.0,0.0,0.0
0.3902139443505937,-0.08931647131653266,-0.7267741605233892,0.0875950522646152,0.004062978033852349,0.031821001223982195,-0.8413699810932541,-0.1807644846487671,0.001000504376358857,-0.28259220060963625,-0.001223490901377611,-0.0014487704528020607,0.23718375071104802,-0.0051156498148496555,0.0,0.012740348701534402,0.07451751471274236,-0.03611440548854715,-0.004833828770339863,-0.03848256373752568,0.20147138076299853,0.0,0.0,0.0804659858507852,0.0,0.0,0.0,0.0,0.0,0.0
0.3902139443505937,-0.2892945911690877,-1.6212499490982015,0.3047405289389569,-0.002897236333133737,0.034276881917259236,1.2600564326653234,0.20419759962227602,0.024793093128258396,0.16358210352812655,0.002945824739681429,0.0011305709528508106,0.2718910743202874,-0.013887116930194418,0.0,0.021382967132941657,-0.03305328873202818,0.07353784582804454,-0.0017137974478349425,0.019727351935834636,0.15050898003664734,0.0,0.0,0.020218845038536125,0.0,0.0,0.0,0.0,0.0,0.0
0.3902139443505937,-0.05805400785146105,-1.2982797643268562,0.36338232041570495,0.005001761027888342,-0.008936849599831913,-0.3868163529397336,-0.16777069928582206,0.004120880125081697,-0.01643739187037605,-0.00046563906831533506,0.0009158110709722732,0.23200028441771764,-0.015317656807375233,0.0,0.014506574144905136,0.01829141239167843,-0.4729582274665957,-0.0010308309221973484,-0.14483787845446347,-0.6537727430337419,0.0,0.0,0.24189246325183392,0.0,0.0,0.0,0.0,0.0,0.0
0.3902139443505937,-0.4301366195824463,-1.0504845737204838,-0.07330741158078673,0.0033670481853103,0.013447948896993567,-0.36600759618020284,-0.1652776338264361,0.05486130251993212,0.034350537018678365,0.0028888306089227167,0.0014587494475514857,0.21830642707252387,-0.014388297066563591,0.0,0.004151446368161518,0.03783564205043562,-0.2982103362738277,-0.001220338401850408,0.026818164406763427,-1.1500552491841947,0.0,0.0,-0.14822856449088653,0.0,0.0,0.0,0.0,0.0,0.0
0.3902139443505937,-0.34695597906968756,-1.8344878879521525,0.06434082172085977,0.0009602927882641563,0.01898010136345823,0.4275398780718894,0.09380328801240806,0.015329706894042157,0.13254720425094307,0.005044711069267873,0.0019409141966124483,0.2614802709254914,-0.0257888525054177,0.0,0.00802256049237643,-0.21567705487129854,0.02974870120570095,-0.0011003292058201896,0.007706003188298226,0.15740021070143687,0.0,0.0,0.035973753281528874,0.0,0.0,0.0,0.0,0.0,0.0
0.3902139443505937,0.1486881817183616,3.6775522515851877,0.3038643554902282,-0.0014664897535464193,0.007522287882685155,1.4784149082507183,0.45875004281262255,-0.054025518484342755,0.13511493496150126,0.0013059982984253936,0.0011489372061977683,0.2682443298887904,-0.008615417929572088,0.0,0.00444709159611831,0.4440863049621716,0.0470424403708519,-0.0012242733858770605,0.009266418713740995,0.10490634318754415,0.0,0.0,0.046973705350051104,0.0,0.0,0.0,0.0,0.0,0.0
0.3902139443505937,-0.29633417190178996,-1.7859743684191303,0.2839217509997814,-0.0001785036788829071,0.02694831280068275,0.5888108477082388,0.14305997644757526,0.012589220381111006,0.20940804289610354,0.004978988197333104,0.001979477921719978,0.2735449872935834,-0.01393587863126569,0.0,0.004257193545772598,0.29680016661620373,0.042261167190333584,-0.001313506461460028,-0.0006016436156047476,0.16422457714432548,0.0,0.0,0.05136041939014684,0.0,0.0,0.0,0.0,0.0,0.0
0.3902139443505937,-0.6608602003433947,-1.2878870842465229,-0.4597314252070524,-0.004224164913400883,0.018707956991683712,0.5015736090173881,0.09812074633100956,0.0034696845401493114,0.16526762918634577,0.005041951506825763,0.0018474356770477858,0.2526308806234017,-0.010216367283362447,0.0,0.008536597001147854,0.2675702342851042,0.03934717997494889,-0.001405506433574094,0.01961675294570064,0.10771120792813013,0.0,0.0,0.04157996611345999,0.0,0.0,0.0,0.0,0.0,0.0
0.3902139443505937,-1.3550481836536754,1.1352320204019504,-0.4897211900370643,0.015987510572833638,-0.06513853450143686,-3.182938073587287,-0.6921925142215852,-0.2188444289448584,0.07810048456300639,0.00044396454453904974,4.117802489238603e-05,0.19307558186872564,-0.009539998412219221,0.0,0.012775648894373246,-0.18687727731187861,0.037580934898317604,-0.0009036724798293234,0.021953512631987082,0.02202819778661778,0.0,0.0,-0.08627242777481642,0.0,0.0,0.0,0.0,0.0,0.0
0.3902139443505937,-0.2993189912961014,-0.8464470687654183,-0.08926914050730014,0.00503224248895048,0.013299229757621567,-0.3371215034896691,-0.16420125342300626,0.03902412494999319,0.08305673935438505,0.0019523605421587899,0.001643544313263283,0.2209255775896247,-0.013648064892023531,0.0,0.020586894129812024,0.04169851717764299,0.32030798402200555,-0.0010997009359270077,-0.0010236923675940133,-0.7580919068660985,0.0,0.0,0.2933788832256729,0.0,0.0,0.0,0.0,0.0,0.0
0.3902139443505937,2.7426633115171537,0.07993084659775115,0.0324689047737391,0.00519691726402069,0.016426080525704535,-0.14779014600665064,-0.13005854155965318,0.27562219288818346,-0.20309968941226178,-0.004451791018728584,-0.0008806283220697304,0.3052209330044245,-0.008115474935061729,0.0,0.008086322730348572,-0.004103305262488505,0.3267000848749673,-0.004325986925963656,-0.24128089784035273,0.2848509602124245,0.0,0.0,0.4996117878631634,0.0,0.0,0.0,0.0,0.0,0.0
0.3902139443505937,0.2836615729756762,-2.1859084136776734,-0.2611851535340982,-0.00010428448357996961,-0.07497309893908533,0.7183464455016898,0.08868990381708869,-0.007567709663577102,0.13207795672472525,0.007139253208763267,0.0021054338833098873,0.2603964629474587,-0.008019214428454513,0.0,0.004531276578639816,0.05860869243669649,0.01630718319572456,-0.0016403165917545934,0.007191698815694706,0.02444974563276904,0.0,0.0,0.0484863999083971,0.0,0.0,0.0,0.0,0.0,0.0
0.3902139443505937,1.654453593895724,4.2772380439362205,-0.04543517669135076,0.015517834085284099,0.01053276701045817,1.7243043379752627,0.4189977151770478,-0.04882354622605555,0.10481292489189148,0.0013215699863257393,0.000968880808028024,0.2633689113346424,-0.0037057454419902706,0.0,0.008393056342562252,-0.06441070549937364,0.01431261150589163,-0.0013952620606146344,0.014931106085644498,0.049273426519033284,0.0,0.0,0.007672102677244785,0.0,0.0,0.0,0.0,0.0,0.0
0.3902139443505937,0.9802865868199677,-2.3704725863709815,-0.30942288403700285,0.002318400577150101,-0.22618157613818685,0.7526617319464056,0.11333950214948421,0.00038999751055506464,0.09607270055129871,0.0054374086055707935,0.0019063153054730635,0.26480431243517644,-0.00938534547917624,0.0,0.006439184587475158,-0.1272485280137912,-0.005906814838733383,-0.0013567768751915972,0.016931649220630153,0.06925779215222219,0.0,0.0,0.015265277395946896,0.0,0.0,0.0,0.0,0.0,0.0
0.3902139443505937,-0.2125617621681508,-1.1614176700825896,0.44538743195948477,0.0031282531053971573,-0.0005669030847195913,-0.7094353279664817,-0.18542184147981486,-0.1384660555010987,-0.32999919467917715,0.00045214743038756453,-0.0003807114811870119,0.24289020662825953,-0.008772746053386472,0.0,0.01566227593651131,0.05109164389724235,0.0071367174460225166,-0.004595852435433758,-0.00823027594621452,0.014232718346677527,0.0,0.0,-0.30891469711488545,0.0,0.0,0.0,0.0,0.0,0.0
0.3902139443505937,-0.5825516549998339,4.41060812605198,0.40647586250614404,0.011614508371051463,0.0039301217159511195,1.9692336123026801,0.4259575926053808,-0.031302214481651075,0.13520071965346683,0.0008130879450065658,0.0006221488366318866,0.25841450804363303,-0.004720202284049442,0.0,0.019865924684787626,0.030827454317560624,0.037760964218830545,-0.0015993321928276212,0.02908299038112634,0.10795370735660047,0.0,0.0,0.07749885139996242,0.0,0.0,0.0,0.0,0.0,0.0
0.3902139443505937,-0.09774093145409796,-1.5126807449832311,0.44175078996269646,0.002355271544573301,0.07073112652664643,1.076293793868594,0.21064016552906917,0.012675722454995738,0.17461245005107975,0.0036423092944427196,0.001384181938776653,0.26890968627446804,-0.0060028363737364915,0.0,0.021866607941102296,0.08622321903437184,0.053917577081706324,-0.0016875459941648493,0.030519861004069785,0.15707262003491815,0.0,0.0,0.1252795343056236,0.0,0.0,0.0,0.0,0.0,0.0
0.3902139443505937,1.0945825147116557,-1.530175735381952,0.18974281802567564,-0.0002936616232782734,0.049586123905504056,0.5455130547523657,0.1148116277989938,-0.028020597759979785,-1.2013230147548044,0.004566372846681181,0.0019922661596107195,-5.863385739771301,-0.0027464066940464256,0.0,-0.005835460545910851,0.06492652710771743,-0.027130125394391764,-0.014057583878083873,0.0167004778864277,0.032632116631511415,0.0,0.0,-0.12837359078937027,0.0,0.0,0.0,0.0,0.0,0.0
0.3902139443505937,-0.05737355742423196,2.4174761453070146,-0.09765665376211567,0.03200462819330067,0.04612579144632068,-0.3209171341725564,-0.2622261721180704,1.1895621682904887,-0.4234773534983586,0.0450662373536601,0.02657149702531757,2.916129459536359,-0.0066392523701122984,0.0,0.35560639531106497,0.269994907412457,-0.01929628673087134,-0.00402528909732366,0.11288812060384405,-0.11445013553403137,0.0,0.0,-0.06360929072257457,0.0,0.0,0.0,0.0,0.0,0.0
0.3902139443505937,1.436664546031548,-0.6481118172694393,0.02379536257194331,0.0014881373983877918,0.021728402242329477,0.012746002197509283,-0.1373482524300611,-0.0317792187924786,-0.36598704754781525,0.006971682514090469,0.0034330512936454655,0.28683730233156957,-0.012071308220545593,0.0,0.009970735555527252,-0.0020323640943322495,0.0040487539596946445,-0.004397204100088246,0.023890931142827594,0.8723470212219095,0.0,0.0,0.4148265379432381,0.0,0.0,0.0,0.0,0.0,0.0
0.3902139443505937,0.9539259076799838,-2.28616449433723,-0.27053873753132635,0.003653139975516434,-0.19306892546944898,0.8172895928301153,0.1447070431823775,-0.0012002304867520057,0.10446166302168473,0.005472284019218639,0.0019085607120679661,0.2568814563536748,-0.006767111716409955,0.0,0.008994165692164373,0.003100917394033344,-0.006191225649688808,-0.0015498109777806615,0.016620999702343653,0.07063456731032315,0.0,0.0,0.021683888937792595,0.0,0.0,0.0,0.0,0.0,0.0
0.3902139443505937,-0.2301661692432829,-0.8744146546287168,-0.08553799330654274,-0.0025531761080900468,0.029367634110082915,0.22525132443991425,0.059498908628806475,-0.020703889460942784,-0.8969052316145953,0.0031649670874738163,0.001085669456384562,-5.411197774231328,-0.003438258755040185,0.0,-0.0076681055956701475,0.05029748234138081,0.04977605868358986,-0.013901468142754973,0.018137933575035802,0.06295364477436682,0.0,0.0,-0.12881729964994965,0.0,0.0,0.0,0.0,0.0,0.0
0.3902139443505937,0.026983139113858596,-1.674565966395244,-0.4320217355516367,-0.015468377689164795,-0.012520737488473863,-1.4651973573011294,-0.3351013919533394,-0.13245083395288848,-0.39922545452163244,0.004149202428877707,0.0016691432717522053,0.236137353806331,-0.007355282846407341,0.0,0.1254179436854903,0.0951104555181352,-0.39309334097244414,-0.006098610165390264,-0.020880861568504563,-0.22262490766225818,0.0,0.0,-0.3316782406596894,0.0,0.0,0.0,0.0,0.0,0.0
0.3902139443505937,-0.31616639201388436,4.07736816407197,0.45768230730899806,0.02319571395297816,-0.033272169977978674,-1.1591424794156466,-0.5439360226587562,-0.1179113382925001,0.09724536568564361,0.0005708179445314616,0.00013937684858090292,0.23075733578371105,-0.007225672532103377,0.0,0.015488725978192902,-0.12507606564562462,0.05514456664811141,-0.0008739643117592913,0.024443195826228677,0.1488862952774476,0.0,0.0,0.19409974334310867,0.0,0.0,0.0,0.0,0.0,0.0
0.3902139443505937,1.2223603414485282,2.2726677811403473,0.7799901243296219,0.09244956763131638,0.07953454177493725,-0.21588321969020982,0.32556919553836655,-0.20765800718641247,0.12395244263570969,0.0016131796168196856,0.0007830533790630904,0.24473997957983323,-0.004820935910979472,0.0,0.013069416503567171,0.07885183344031416,0.012960664768782984,-0.01020060603970055,0.016885565501153655,0.05749852290781571,0.0,0.0,0.028200548524335355,0.0,0.0,0.0,0.0,0.0,0.0
0.3902139443505937,-0.6845919135881603,-1.2086921858350974,-0.36555097241000606,0.0013116194695602496,0.02250920179235741,0.7245916217949425,0.09812310798527846,0.0032858459279849414,0.17099462361717324,0.00523416659844114,0.0018692904943340839,0.2564015508999359,-0.01090581195876975,0.0,0.009799665938982328,0.13060538664580604,0.038400334051298134,-0.001405506433574094,0.02060069580553854,0.10925642225754433,0.0,0.0,0.042067212023377695,0.0,0.0,0.0,0.0,0.0,0.0
0.3902139443505937,-0.21573438730377675,4.026042072305596,0.357818186863633,0.01610231711043067,0.005264060635374619,2.048954968960611,0.5917302926960422,-0.03740759729652271,0.13460917519208773,0.0008211388876282298,0.0006151536624798515,0.2588055514094815,-0.004975668970012284,0.0,0.02051699414007458,0.02410386581549465,0.036800609453636085,-0.0015993321928276212,0.029322152174726224,0.10845626439192095,0.0,0.0,0.08689427989114677,0.0,0.0,0.0,0.0,0.0,0.0
0.3902139443505937,-0.2253878063457782,-1.3740275727971312,0.7909985108656689,0.19605360981044573,0.00808061057040073,0.2869914323581305,0.1783069509841611,0.00550708253285687,0.16982910523247202,0.004001277716712403,0.0010207389008812253,0.27011238776668367,-0.004562377238541259,0.0,0.01184103831342025,0.10139318075172829,0.04315665452143443,-0.0013388665172058938,0.012344338006740112,0.18512666663914232,0.0,0.0,0.0741121755299081,0.0,0.0,0.0,0.0,0.0,0.0
0.3902139443505937,-0.27247000661192744,-1.2864923831869535,0.3764459678528356,0.007051253774702559,-0.014723675860964246,-0.38002242253389124,-0.16661010699275206,0.0027236873609023412,0.05959251046078919,0.0013435996063990033,0.0018536838992874044,0.22819867497219884,-0.016406564714568455,0.0,0.018596783149020454,0.08050906686583718,-0.35705547702231033,-0.001119313589395784,-0.03737658994359068,-0.4224726609298261,0.0,0.0,0.5256111847682478,0.0,0.0,0.0,0.0,0.0,0.0
0.3902139443505937,0.4794963574364611,3.4503726892120783,0.9487796999141427,0.016681262651288525,-0.01899242453238787,-1.8006346677505563,-0.5767975247395754,-0.13296716675810097,0.09626590944166016,-0.0002676386694416478,0.00018868319411138043,0.22266402209215827,-0.00609944103385586,0.0,0.016143389381319248,-0.14239631611472514,0.07421545497094695,-0.0008768131301854952,0.02649269795676176,0.14893173391927172,0.0,0.0,0.10985047584010406,0.0,0.0,0.0,0.0,0.0,0.0
0.3902139443505937,0.12603007955855644,-1.9178534451323415,-0.4212235173451611,0.005561951945555436,0.009409227470558876,-0.5259083766074977,-0.17743144513824868,-0.021647929338273173,0.05980867643976581,-0.001799442884175232,0.0012828705451306212,0.2192027688701449,-0.012854652052368718,0.0,0.010704714289741653,-0.09698818291054016,0.08228821147638582,-0.0018657460463726656,0.1287609638006477,-0.8892114635060389,0.0,0.0,0.1586788033178951,0.0,0.0,0.0,0.0,0.0,0.0
0.3902139443505937,1.042614139290281,-1.4640657134362467,0.20360004456865985,-0.0016720336848156062,0.0308828297819307,0.3613062285553314,0.09882352614378136,-0.024621699220938723,-1.1110066396770544,0.004599008960234048,0.001991124281506496,-5.71105837532188,-0.006934855115990475,0.0,-0.009203236134335843,-0.11364737494259956,-0.03171681931518269,-0.013882163573435578,0.015431983410703384,0.007635039659655753,0.0,0.0,-0.12833864012066737,0.0,0.0,0.0,0.0,0.0,0.0
0.3902139443505937,-0.37482525626092317,-1.1670816859334239,-0.1658596214620909,0.024041007601805074,0.0005022571736460492,-0.40739166464635485,-0.11812440309484395,0.015977290000737904,-0.06298726621104565,-0.0020453221378592392,-0.00032046000230350147,-5.227544978221897,-0.014660119962103509,0.0,0.0015473420664466157,0.022595415463675984,0.03770874582451968,-0.00451046040599866,0.052583883610937875,0.08148781570879415,0.0,0.0,-1.0502828627978933,0.0,0.0,0.0,0.0,0.0,0.0
0.3902139443505937,1.0497917270822548,-1.1867142872101002,0.3247000827148468,0.002370916671246361,-0.007953046831622053,-0.33319959612094363,-0.14161516401839513,0.044166752889389226,-0.466578521637735,0.001965210855934362,0.0007659460090005787,0.2604027939569312,-0.013541703008122673,0.0,-0.003045756689701128,-0.1332884687910924,-0.08447471518647405,-0.00611402361972406,-0.03667268556372092,-0.9534703378163888,0.0,0.0,-0.4680708265371621,0.0,0.0,0.0,0.0,0.0,0.0
0.3902139443505937,-0.30145026432830513,-1.5994688686965877,-0.23756313367843804,-0.006017281233923754,-0.013267532534939896,0.16103112988512414,0.12766345530356196,-0.00020466858484574632,0.118868567074975,0.0034657277105632745,0.0010839968355795622,0.24915709899545538,-0.01929906805408408,0.0,0.008329561250247168,-0.14803224234849052,0.0717629397692335,-0.001157089981296925,0.01648325238508627,0.09549099784318549,0.0,0.0,0.0038793493764314227,0.0,0.0,0.0,0.0,0.0,0.0
0.3902139443505937,0.19162205102354773,3.5714340604704145,-0.16977218619971482,-0.0014665376487464064,0.008254419983319293,1.4273203734478752,0.4179214035735033,-0.05369105247051102,0.13026259589761868,0.0016561238966476836,0.0009882247869908564,0.25474482169107315,-0.007386385967958025,0.0,0.004544449283169812,0.381185442068266,0.0549023112144005,-0.00127576566227637,0.020052782306273276,0.06291015255715271,0.0,0.0,0.028148752606279297,0.0,0.0,0.0,0.0,0.0,0.0
0.3902139443505937,-0.7087834845683798,-1.0196649978385153,-0.5016943249906536,0.005966396876329764,-0.08132273040640847,-0.5610840430772067,-0.16689060549606322,0.0778626673288654,0.09662773437677169,0.004093440080045224,0.002284759988575974,0.218642992170357,-0.013688463569916706,0.0,0.00593912313053935,0.19064792682294376,-0.25217012949974105,-0.0015440009205193222,0.027732510748157968,0.5689200222069817,0.0,0.0,0.08133318553961544,0.0,0.0,0.0,0.0,0.0,0.0
0.3902139443505937,1.267582624296808,-1.9187735634673886,0.30742204243522864,-0.00027215011906327804,0.030177089766284762,0.940032191552756,0.1928325458158595,-0.0025409300474055077,0.10996787740011524,0.0036211918967077985,0.0021755012276676432,0.28107724980558557,-0.007218743756031504,0.0,0.0022471199591839164,-0.06169914736998638,0.0035419886813908156,-0.0014497587721559813,0.017719604285622473,0.10159745885627404,0.0,0.0,0.025522935701184964,0.0,0.0,0.0,0.0,0.0,0.0
0.3902139443505937,1.187481940850328,-1.1579004896087093,-0.24903008441355803,0.004337616004548692,-0.0017304353271135285,-0.5468848298586448,-0.23483401159786257,-0.01055473670453699,-0.04851832698828935,0.004796738772025698,0.001977340257542801,0.24311982867596044,-0.008191310995745832,0.0,0.0007786625206226145,0.016142974734774194,0.10492666224419722,-0.002263964154106926,-0.1129943880387526,-0.34112906739987275,0.0,0.0,-0.03913966958403499,0.0,0.0,0.0,0.0,0.0,0.0
0.3902139443505937,-0.15366329199807768,2.54612629323445,0.35708639802094566,0.02597866357729361,0.004384609012611165,0.7395144713512062,0.17808810182840712,-0.0776525821999564,0.11551917338200916,0.0007182320067200818,0.0002494566317985743,0.2382723858204566,0.8003059355068886,0.0,0.019132049638722188,0.0175675162300173,0.03194349383327234,-0.0021755704758639636,0.025107633059918918,0.08502290345821037,0.0,0.0,-0.03334613328834709,0.0,0.0,0.0,0.0,0.0,0.0
0.3902139443505937,-0.14992804006330618,-0.1586706920181151,0.15803682014878667,0.0031298160701038135,0.04120196851342339,-0.10274146093580724,-0.16415121825957904,0.1332383037320815,0.061568011459462474,0.007428538891619469,0.0034565227149471163,0.2547519064049502,-0.011752213090711205,0.0,0.01977196036058199,-0.055346813661593885,0.44655652091411063,-0.001106174574012846,-0.043250177716756696,-0.34627851874174553,0.0,0.0,2.0204686969446803,0.0,0.0,0.0,0.0,0.0,0.0
0.3902139443505937,0.9245102952856286,-1.126547966130474,-0.01506911543127544,0.006288621281934794,0.15569569649694634,0.9711117480347097,0.27490420735526977,-0.00018625211381057504,0.2153971099581427,0.0045836770035866,0.0011093534911131733,0.275449359756156,-0.0021173738662795013,0.0,0.0009278190964559557,0.16912807964614257,0.021323974498480166,-0.001611821436473172,0.0187363419764438,0.006801682619962265,0.0,0.0,0.09037049306840632,0.0,0.0,0.0,0.0,0.0,0.0
0.3902139443505937,-0.8573474749915088,0.9818483084807589,0.24616318539935336,0.041484667579049464,-0.08177471795016814,-1.6938816813022999,-0.7537402852560764,-0.18705272428480088,0.08403554040916762,0.0005769535702401939,0.00021006952184949673,0.2238702724365206,-0.008796629153639128,0.0,0.012258358654007403,-0.2281257243314788,0.0480226900665976,-0.000864710956641241,0.020471100632711528,0.13040111355280204,0.0,0.0,0.15098449769641456,0.0,0.0,0.0,0.0,0.0,0.0
0.3902139443505937,0.15480492004744756,3.1992593854929257,0.12342983778261686,0.004447090052975481,0.01607468353811718,1.9815688631434645,0.40502474908114133,-0.06224097850535457,0.11132151095712396,0.0012696060657173785,0.000942120712300611,0.25557066272196544,-0.005955464937332623,0.0,0.013320890124286467,-0.11381982253043914,0.03738213999950297,-0.0012346652227878986,0.017298720645827943,0.10050327968479007,0.0,0.0,0.03303557150940926,0.0,0.0,0.0,0.0,0.0,0.0
0.3902139443505937,1.6636059249717137,-1.493654801900354,0.7614364032566451,0.005125191970159321,0.0016801294930669337,-0.36669834531530665,-0.16790337321606916,0.0021580742273726184,-0.02879071798179916,0.004080535741268001,0.00494465967792063,0.2638916459848667,-0.01107634026178823,0.0,0.010678815426147369,0.07972239990078507,1.0816562940483112,-0.001583289109392222,0.19813031833315603,-0.2242139930659013,0.0,0.0,0.4913097512220181,0.0,0.0,0.0,0.0,0.0,0.0
0.3902139443505937,0.362224161139101,-1.6581446281726815,-0.08188522417889946,0.004456570294254747,0.012043384054041636,-0.8532133820408959,-0.14656857337036536,0.14328110358815324,-0.3902369080486751,0.006635699037727933,0.0021074955051181717,0.2571443956615394,-0.006696262744973579,0.0,0.012998313138023927,0.18533670902860905,-0.13277639523377915,-0.00672122733993935,-0.03429735964124382,0.14173692801494078,0.0,0.0,-0.2952856321060028,0.0,0.0,0.0,0.0,0.0,0.0
0.3902139443505937,-0.6963770358371835,-1.0261443886903376,-0.41308188438490206,0.004063480626519552,-0.08861080407669031,-0.4341246386169314,-0.1595152659319196,0.07398106275640814,0.12967627412922883,0.002551794599821198,0.0007343628927230901,0.21346456462681043,-0.01737735931727196,0.0,-0.009529457788105097,0.18532546942836947,-0.2930184397207617,-0.0013483880862059457,-0.0634544419343352,0.43860607965052434,0.0,0.0,-0.4432100810412012,0.0,0.0,0.0,0.0,0.0,0.0
0.3902139443505937,-0.2228706603502367,-1.7453643767298401,0.2830258538614102,-0.0004495004422467965,0.03126299103239528,1.2277601885679892,0.20070318877006396,0.014363175306084589,0.16993170049359577,0.005040320777517733,0.0020918276936677705,0.26785498612681513,-0.009694747681618416,0.0,0.012930894168982682,-0.05959554907043997,0.03132646503141101,-0.0016448049473263716,0.012503854609390522,0.16224274351779405,0.0,0.0,0.0390553452696433,0.0,0.0,0.0,0.0,0.0,0.0
0.3902139443505937,0.29357786732347607,-2.0509309487397966,-0.26119596137476564,0.00013624466204298203,-0.04109393405917847,0.6238604265907284,0.09236421903501975,-2.6453573657474624e-05,0.09774014344002639,0.007039651393465722,0.0021926030791625775,0.2604296111815724,-0.010883066323326555,0.0,0.007107611386752337,-0.021662303965920178,0.018606487655933833,-0.0014203722476967256,0.015542221216717911,0.040404631544020846,0.0,0.0,0.07197687821005308,0.0,0.0,0.0,0.0,0.0,0.0
0.3902139443505937,-0.23726509303501833,-1.2243741674010253,0.08592141131046249,0.001111500547150046,-0.012306308831111095,0.17976188489946712,0.05478277395912594,-0.014739960545546762,-1.0584293042335626,0.004609302303765936,0.0017067416314952518,-5.374809141448126,-0.012121084099414307,0.0,-0.002822095143543475,-0.07878932339061849,0.016541233642557933,-0.013760072292315963,0.002296184769198637,0.02038838616464647,0.0,0.0,-0.18055936066458336,0.0,0.0,0.0,0.0,0.0,0.0
0.3902139443505937,1.1561910048279747,3.6117159280646143,-0.05278936684555843,-0.006446551427854595,0.030493023956575,0.9431371856402093,0.5097514102473608,-0.05697856310935602,0.08233767220369645,0.0011962455585957832,0.0007118401678403218,0.26467537757348586,-0.0043339188720227005,0.0,0.005569441766429142,0.06486085714229531,0.011568404360319251,-0.0013795422540165106,0.01788459552099754,0.0489376160056043,0.0,0.0,0.01314534436443203,0.0,0.0,0.0,0.0,0.0,0.0
0.3902139443505937,-1.8703655104887802,-0.8559930391601304,-0.4196237252569901,-0.055267413224830315,0.0639582098667469,-1.342170907404207,-0.28792710332365523,0.2256522834661219,-0.40260759834377724,-0.0006840746837087993,-0.0006436268111182065,0.21209850929217108,-0.012749056516770794,0.0,-0.00016334074778916245,-0.09280564977060693,-0.4214572980514484,-0.004697838493615891,-0.518075630805579,0.10882090779960935,0.0,0.0,-0.6416856320118356,0.0,0.0,0.0,0.0,0.0,0.0
0.3902139443505937,1.2735362403049915,-2.2221631809143654,0.293139823889315,0.0013966326187910716,0.044865049218880716,0.926974607496037,0.20376347590507116,7.756887821611998e-05,0.15124680088997228,0.0048347574910901255,0.0020474096522950084,0.2919078868853371,-0.009437355542177452,0.0,-0.0022308884201666123,0.2914315358896353,0.0042925552254176064,-0.0014687753295994795,0.011537796366924744,0.07880276237028719,0.0,0.0,0.02762822789403648,0.0,0.0,0.0,0.0,0.0,0.0
0.3902139443505937,0.22473001026037756,2.932640916386383,0.18573247195222214,0.0034867811071726523,0.015103537749065806,1.9871973892662957,0.28384875679173344,-0.06866275782156415,0.10628493220430954,0.0005906988603564072,0.000996639911892052,0.2541253495393955,-0.008122934062287996,0.0,0.010763238491601577,-0.12965671940164575,0.03571541532555805,-0.001202735760280283,0.0123107323441299,0.10420409530138786,0.0,0.0,0.020877349600054263,0.0,0.0,0.0,0.0,0.0,0.0
0.3902139443505937,-0.08355294322267845,-0.7366559626010845,0.4091180123023527,0.006032181338950318,-0.005769734203484597,-0.6415686807063057,-0.1720843485628285,0.06436984615979026,-0.3031853170520615,0.000766074179461731,0.0011043909102955835,0.2696092093870517,-0.00740322743221376,0.0,0.043350797713690103,0.19956847044957646,0.6990198257363605,-0.0039631715049764146,-0.017811611640697517,0.3543245639802059,0.0,0.0,0.8701396577483884,0.0,0.0,0.0,0.0,0.0,0.0
0.3902139443505937,-0.404312086662435,-1.428394782241966,-0.10546997150742426,-0.016170406057215692,-0.04010236144146732,-0.2987256158799475,0.11310124752071107,0.005564014900930133,0.1036549482038707,0.003319129477039933,0.0010593419811040436,0.24297983410928015,-0.005409274631143902,0.0,0.010185540386747407,-0.0668311192658691,0.04912841777181225,-0.0013577352066696034,0.004515683825094921,0.10544092507998111,0.0,0.0,0.028284550549071134,0.0,0.0,0.0,0.0,0.0,0.0
0.3902139443505937,-0.13678492217104943,-1.3017726024369007,-0.17012112532688733,0.0034060145364987085,-0.019271701833960844,-0.2538388881179787,-0.1647556889182306,-0.10067148398030207,-0.47136994604704524,0.0003184313888895593,0.0011621695008289172,0.2527231251286691,-0.01927443105335845,0.0,0.008844466684891528,0.12031784024951818,-0.38944846653291454,-0.004204727704482286,-0.08624302596892204,0.08872292381088387,0.0,0.0,0.09670996163441328,0.0,0.0,0.0,0.0,0.0,0.0
0.3902139443505937,-0.3203710633398738,-0.8876257696294043,-0.1556379187095923,0.004238385166359766,0.015398231597025282,-0.5056562579422321,-0.16617857843273312,0.20626529768824983,-0.3080465450184637,0.00624759083998017,0.0019105606767739183,0.24236711127825505,-0.011791198645239408,0.0,0.02667667083217466,0.19227425110457755,-0.0060646070189992116,-0.004768967028310642,-0.013395800210072266,0.5570412969262544,0.0,0.0,0.21966234473738666,0.0,0.0,0.0,0.0,0.0,0.0
0.3902139443505937,-0.21379612079511026,-1.6532039306684452,0.39808790403953703,-0.003629119573656461,0.03787633041050833,0.7379521255871335,0.1430522205055303,0.012856657845464626,0.21319638749804742,0.004910869259499055,0.0021180879877897895,0.27869519887499866,-0.010464321024714233,0.0,0.003235533223366056,0.4284194516987886,0.043742513237458466,-0.001313506461460028,0.001911306330442164,0.16472700603727858,0.0,0.0,0.05524422537102937,0.0,0.0,0.0,0.0,0.0,0.0
0.3902139443505937,-0.11920688428026095,-0.8944847028722454,0.23891170354948013,-0.004458739498862358,0.041081492737788376,1.206476295621678,0.16614159243158644,0.0249129969298938,0.16997355591838958,0.0028295925991496424,0.0010258205457383037,0.2792627036100091,-0.013177397541312922,0.0,0.01544605089996369,-0.02818652695183582,0.07241169735549842,-0.0013078650624018444,0.02217451114561559,0.1426636564225844,0.0,0.0,0.1170845952955083,0.0,0.0,0.0,0.0,0.0,0.0
0.3902139443505937,-0.8783838269510538,-0.8446065310692308,-0.46725103518255007,0.00728543619642994,-0.014961546804701617,-0.960555693037767,-0.19464146184928188,0.2363785326614714,-0.3367914663674022,0.0034942046189031096,0.0006511650799121994,0.20011647498321336,-0.012730513022510081,0.0,0.019420973777900852,0.021000813767868127,0.010977589434199162,-0.00473994435621376,0.003216803065465418,-2.1779386943443493,0.0,0.0,0.03338248866256311,0.0,0.0,0.0,0.0,0.0,0.0
0.3902139443505937,-0.05011541389199321,3.4140585721446963,0.1760804353455482,-0.07451884151877322,-0.024445581274670246,0.9757351426673722,0.4152107058492477,-0.053613003713476125,0.120107243838525,0.0017610739702719662,0.0009710256291574609,0.2573583223249734,-0.0036187249084132836,0.0,0.008984623233693778,0.2790502388927357,0.014781428783857168,-0.00150480793682665,0.020179148454667895,0.045043897231343985,0.0,0.0,0.054345371740861646,0.0,0.0,0.0,0.0,0.0,0.0
0.3902139443505937,-0.5534300268549274,0.5398944993088778,-0.5250296280796212,-0.1501988743473763,-0.04176011467453388,-0.9189229186800664,-0.4273905890371075,0.2454656362481558,-0.4671965787719996,-0.003174016126661607,-0.0005814271609015254,0.22204796398169444,-0.007815696218886576,0.0,0.023317432529724666,0.3081756616449456,0.4184338893920498,-0.003916478760754725,-0.0022764147739768744,0.02409666548634533,0.0,0.0,0.5714928759275252,0.0,0.0,0.0,0.0,0.0,0.0
0.3902139443505937,-0.14863508294159625,3.1986242307213266,-0.18786922535370928,0.009618252296110234,-0.177236036410758,2.1472369954358226,0.2898898198718718,-0.039800314128391474,0.10526812585237158,0.0014140989098732017,0.0005958574276028712,0.23662808052376408,-0.00761267073182133,0.0,0.019338032864676637,-0.050957486521721815,0.03640691967951446,-0.0017802498797952976,0.029246056706237793,0.11142406228144894,0.0,0.0,0.08043184518587244,0.0,0.0,0.0,0.0,0.0,0.0
0.3902139443505937,0.2460671052238395,3.6337485810186148,0.3953623239065915,0.042571951829122226,-0.034534320373604314,-0.4394080308467117,-0.629577521775515,-0.10987315464296186,0.13808264382679492,-3.884714853005569e-05,0.0003053003096392992,0.23747481250750468,-0.007743363519061279,0.0,0.014101743422007687,-0.1680885303422658,0.07543602554345848,-0.0008838742054852124,0.02574150964544976,0.15433550132326718,0.0,0.0,0.32050389074550123,0.0,0.0,0.0,0.0,0.0,0.0
0.3902139443505937,-0.2599294081221809,-1.7799110890737098,0.16254204215883905,0.001909015733594559,0.029038065977475422,0.7542742126998029,0.2006783835678558,0.014552827220555117,0.151983917429062,0.005044049540544824,0.0019762559898831226,0.2634682711767565,-0.01084415320322533,0.0,0.010501894522277715,-0.03046308316947647,0.03091368319592229,-0.001290892444625403,0.008977108842388684,0.15877604475018323,0.0,0.0,0.03925681790390478,0.0,0.0,0.0,0.0,0.0,0.0
0.3902139443505937,-0.32454546486075564,-2.379861729827822,0.009407339679084253,-0.0018114852482089341,-0.04683175267878855,-0.6897170111715256,-0.21628978725937256,0.06775949313238433,0.036210830803939956,-0.0045122190431511455,-0.0001234567691880108,0.22072178714268348,-0.021581230898810446,0.0,0.00981480955845773,-0.059841726421127166,-0.016552261131452275,-0.0011294105471833975,0.0367374985369457,-0.6376150784914271,0.0,0.0,-0.9009245156081269,0.0,0.0,0.0,0.0,0.0,0.0
0.3902139443505937,-0.21379612079511026,-1.6532039306684452,0.39808790403953703,-0.003629119573656461,0.03787633041050833,0.7379521255871335,0.1430522205055303,0.012856657845464626,0.21319638749804742,0.004910869259499055,0.0021180879877897895,0.27869519887499866,-0.010464321024714233,0.0,0.003235533223366056,0.4284194516987886,0.043742513237458466,-0.001313506461460028,0.001911306330442164,0.16472700603727858,0.0,0.0,0.05524422537102937,0.0,0.0,0.0,0.0,0.0,0.0
0.3902139443505937,-0.18029716568006707,-0.9502333514347364,0.018905613090544497,0.0014908120744030855,0.004986277712178524,-0.3532844681766231,-0.17991941122597335,0.07241984277983292,0.026680724516432507,0.004695850390704889,0.0015552750205260909,0.2330476703791232,-0.013881777541485797,0.0,0.00096286458900234,-0.058082396819831926,-0.38290469201571803,-0.00123567364961171,0.27076386778170614,0.5554061188565973,0.0,0.0,-0.1857334961289139,0.0,0.0,0.0,0.0,0.0,0.0
0.3902139443505937,-0.2415045449112638,-1.288499211049489,-0.6132939350376914,0.006180765955202852,0.011570205805567833,-0.6112131666592574,-0.18231406878439557,0.20044652549339267,-0.45848342407968784,0.0054660008974416596,0.0022374974946570048,0.24462367250617528,-0.007338697401492266,0.0,0.02867615047370554,0.1876210528112043,-0.2128770890328383,-0.006029885250850169,-0.07247916195352282,0.05152376587962799,0.0,0.0,-0.13125598739526925,0.0,0.0,0.0,0.0,0.0,0.0
0.3902139443505937,0.2876009360120437,3.0112924617029404,1.1363780385610762,0.059672616041506366,-0.03532664394721913,-1.23214139134524,-0.33896811415193046,-0.127720742046879,0.08583686866397973,0.0005769535702401939,0.0002191783356390697,0.23233582073268563,-0.008380859387284993,0.0,0.013400233642575832,-0.19999083844619603,0.04863910813185993,-0.000864710956641241,0.02072521354844209,0.15621509600818836,0.0,0.0,0.20366170890057256,0.0,0.0,0.0,0.0,0.0,0.0
0.3902139443505937,-0.4166450398594966,-1.4459170307971048,0.2897236730706528,0.003976893506481682,-0.006280050594794139,-0.48066112611748535,-0.18396377779725273,-0.028254442800812733,-0.020498223939591952,-0.0008953195985257607,-0.00025423024979337076,0.21120154213249598,-0.01643380299690819,0.0,-0.19252538825327684,-0.15815573844314665,-0.20662408318346534,-0.0011325735472053045,-0.0014901233733010397,-0.8045332687676592,0.0,0.0,-0.25064414429179543,0.0,0.0,0.0,0.0,0.0,0.0
0.3902139443505937,0.6620139521616181,-1.3329066637898803,0.18255113819141272,0.009593743049900329,-0.002847954863396547,-0.5055927861115366,-0.19676308781870355,0.0005954777397917239,0.004454367527023073,0.005973858974919503,0.0018794361424239949,0.23537431360435476,-0.008588089019668907,0.0,0.005154282044119344,-0.1888028007697744,-0.12127029890762156,-0.002684209221961769,0.05782897930130445,-0.26962361786764355,0.0,0.0,-1.8853763834861834e-05,0.0,0.0,0.0,0.0,0.0,0.0
0.3902139443505937,0.29357786732347607,-2.0509309487397966,-0.26119596137476564,0.00013624466204298203,-0.04109393405917847,0.6238604265907284,0.09236421903501975,-2.6453573657474624e-05,0.09774014344002639,0.007039651393465722,0.0021926030791625775,0.2604296111815724,-0.010883066323326555,0.0,0.007107611386752337,-0.021662303965920178,0.018606487655933833,-0.0014203722476967256,0.015542221216717911,0.040404631544020846,0.0,0.0,0.07197687821005308,0.0,0.0,0.0,0.0,0.0,0.0
0.3902139443505937,-0.07036293631300099,0.3918657940979446,-0.16670457244193673,0.0017728640990358172,0.009920989596798036,-0.301915841593172,-0.18153427307368242,0.20599279695377656,0.015721995018959156,-0.005642511180469737,-0.0006946441838260078,0.24190222128686067,-0.018773896036472674,0.0,0.011760419412113043,-0.108477037817267,0.29296300156398436,-0.001096328881100774,-0.07936939521345489,0.3012370143931589,0.0,0.0,-0.04722158163275281,0.0,0.0,0.0,0.0,0.0,0.0
0.3902139443505937,-0.3215793913159181,-1.0570705591323397,-0.05182350109757294,0.0042841846634892235,-0.004053078176350746,-0.169521586535527,-0.0971469760599417,0.04566741888997862,-0.18964887334306274,0.0031391088972157403,-0.00027210334963303985,-5.627264102760961,-0.01024723964893817,0.0,-0.5375748577178092,0.06465194015293571,0.10365450828250762,-0.0047435744522689605,0.01762177240550136,0.0745170453705269,0.0,0.0,1.0099179620718706,0.0,0.0,0.0,0.0,0.0,0.0
0.3902139443505937,0.9802865868199677,-2.3704725863709815,-0.30942288403700285,0.002318400577150101,-0.22618157613818685,0.7526617319464056,0.11333950214948421,0.00038999751055506464,0.09607270055129871,0.0054374086055707935,0.0019063153054730635,0.26480431243517644,-0.00938534547917624,0.0,0.006439184587475158,-0.1272485280137912,-0.005906814838733383,-0.0013567768751915972,0.016931649220630153,0.06925779215222219,0.0,0.0,0.015265277395946896,0.0,0.0,0.0,0.0,0.0,0.0
0.3902139443505937,0.562811171272351,-1.8037920320487704,0.0428998983135525,0.0039255734862663864,0.013439020729861861,-0.3856815693317997,-0.09072357921360256,0.17082424272209432,0.012876716018505804,-0.07080309648812488,-0.029795759833139413,0.23946614952994644,-0.011176826126504003,0.0,-0.012016890989454835,0.04423608646665009,-0.15299676356594932,-0.0024113866276320598,-0.16394650763623594,0.25449821491410435,0.0,0.0,-0.012886980700879461,0.0,0.0,0.0,0.0,0.0,0.0
0.3902139443505937,-0.9431619963842607,-1.1841142444981656,-0.6350701923548063,-0.0013563551157911014,-0.2301958725083845,1.004405338983186,0.13619985509777063,-0.013867296993711163,0.0902049910899903,0.0035968900492526364,0.0017358727244888394,0.23597717645978278,-0.01142274589753377,0.0,0.02253359804012856,-0.0867771211974574,0.025990584648288843,-0.002381465079093209,0.03113303604207547,0.13325811435570392,0.0,0.0,0.028769919684033283,0.0,0.0,0.0,0.0,0.0,0.0
0.3902139443505937,-0.25928202864331273,-1.646753479930252,0.11877252412053446,0.0004749937371292548,0.045445694929995,0.6618312772265992,0.17800043808679447,0.0015776045864488533,0.20953318927661646,0.00504667785302092,0.0019057396912783384,0.26387033935862914,-0.007599172854565261,0.0,0.008832315624952085,-0.04988324837958587,0.043939046903344985,-0.002104820604133075,0.008645143154285042,0.15482757727886778,0.0,0.0,0.04452724195286255,0.0,0.0,0.0,0.0,0.0,0.0
0.3902139443505937,2.7424949555284086,-0.3374287504515864,0.23030858586290556,-0.013361385994398421,0.034869427087105546,0.12498753465098036,0.1967243351953123,-0.012881448950699297,0.10469399623296416,0.004315166555198337,0.002323667694511214,0.3034563806230518,-0.005378766726743551,0.0,0.0026516782866519706,-0.05118803992304956,-0.002139106493192822,-0.0015067302441868322,0.011587301792887236,0.06619527184351684,0.0,0.0,0.029666149724887788,0.0,0.0,0.0,0.0,0.0,0.0
0.3902139443505937,1.987376515242132,-1.26123717945456,0.024443594568610665,0.0048890686604995005,0.011465384614932218,-0.27232162972560986,-0.13270195742289262,0.07055385960932577,0.0018592031952392458,-0.0005996788588876895,0.0030676309752409557,0.25817311833832696,-0.011313441745903704,0.0,0.013084376300882583,-0.06495618939431101,0.5223562408246223,-0.00154772252539081,0.0037595527658650404,0.16935591855656387,0.0,0.0,0.8646038874932864,0.0,0.0,0.0,0.0,0.0,0.0
0.3902139443505937,-0.269458834385524,-0.7189497033912289,-0.1494307234895245,0.004192095285702824,0.032705573464139936,-0.34875899665063614,-0.16620975664818577,0.07469558964954072,-0.014697261223779356,-0.00430876062327087,-0.0016700421212825541,0.2370811144635765,-0.012110574684162798,0.0,0.005263512192063557,-0.15372056903446055,0.5193211506521329,-0.0011762036731906213,0.03886601210947482,0.09744712277707519,0.0,0.0,1.066420582052504,0.0,0.0,0.0,0.0,0.0,0.0
0.3902139443505937,-0.44831394140820857,-0.9062708522728914,-0.47620980532819485,0.004279847527508709,-0.01373271511456005,-0.6700164847733133,-0.19203253808811618,0.191914975331214,-0.20519926555393353,0.00025073787971544156,-0.0006087356018642232,0.22537216042455235,-0.011136225010301967,0.0,0.009717218235448851,0.11499375080666421,-0.10362935379963051,-0.004936366954451309,0.008694354517582414,-0.5611909381134857,0.0,0.0,-0.6108429462643724,0.0,0.0,0.0,0.0,0.0,0.0
0.3902139443505937,-0.7304883110281607,-1.1209718388829466,-0.4730813212587938,0.003829148102298604,-0.07129168008108512,-0.7449217277244735,-0.18641716549689014,0.0642865968114401,-0.1257924760096637,-0.0022852566535827945,-0.0010460475966528003,0.20009974882213005,-0.012404269552056823,0.0,-0.0016256601266886508,0.1338152038844836,-0.1816250393010618,-0.0015825958704181865,-0.3694797241733182,-0.4038044211028207,0.0,0.0,-0.1624668262917857,0.0,0.0,0.0,0.0,0.0,0.0
0.3902139443505937,1.547098242842804,-0.5114362120378749,-0.4242952291747034,-0.013518088492089051,-0.10186548513694263,-0.05856941151384616,0.10928489860891558,-0.0017770475254144614,0.09078736693226021,0.007329839845026862,0.0021139069687185217,0.25519243076000764,-0.005962135058253027,0.0,0.012317150803643095,-0.11609506507300109,0.02838128235205389,-0.0016395017403271032,0.007531809570918031,0.040945518782652006,0.0,0.0,0.06675302000165272,0.0,0.0,0.0,0.0,0.0,0.0
0.3902139443505937,-0.2363086187170183,-1.4987972266912177,0.1150292308476482,0.014194551033744725,0.03389564725198432,1.1899041596878985,0.21837861398734892,0.009906764654757207,0.16737834167283486,0.004468592155151382,0.0017685237794828608,0.2623523750829727,-0.008055465362588141,0.0,0.0226714764316028,-0.09505353356810933,0.03633614411421094,-0.0016572474428951005,0.022642813679050997,0.17287557756053556,0.0,0.0,0.08021088160660628,0.0,0.0,0.0,0.0,0.0,0.0
0.3902139443505937,-0.5409997785503486,-1.3117237936147697,0.14838260552143206,-0.004977462518458846,0.035740901584942114,0.5033568746692354,0.08564734487960285,0.0006198061009854804,0.19134245646395528,0.0037093194200551647,0.0016401387616382342,0.26187260829238224,-0.007019033468925044,0.0,0.011552101569850036,0.05021733781746638,0.03286916637913941,-0.0013755579669312702,0.012940220692514366,0.15565438967942002,0.0,0.0,0.02445291186267785,0.0,0.0,0.0,0.0,0.0,0.0
0.3902139443505937,-0.30350795079096926,-1.6713100184139948,0.1145749449045624,0.0010797166549804565,-0.018935676801592062,-0.7072344060224092,-0.0712075943403166,-0.05665526921101024,-0.9160559759632675,0.002571112500405556,0.000714544254099668,-0.9778709259572004,-0.007404323127540754,0.0,-0.865817110266574,0.040973711410157,-0.23416911562999024,-0.027936447882509163,-0.2156417264714362,0.1278290240928228,0.0,0.0,-1.3627132848273977,0.0,0.0,0.0,0.0,0.0,0.0
0.3902139443505937,-0.5297973026552636,3.919216395123105,-0.17101732713753953,0.012586573726577423,-0.1542730134639937,2.34078538651328,0.34469110507366285,-0.03754354855613347,0.09876119849226953,0.0013922967251378704,0.0005668190171702909,0.23840038628463667,-0.007718808471979131,0.0,0.019682823018657994,-0.07969674640522116,0.03802594832454408,-0.0017802498797952976,0.029400804226768062,0.10681940903530164,0.0,0.0,0.06698095331290897,0.0,0.0,0.0,0.0,0.0,0.0
0.3902139443505937,-0.3916075195054785,-1.4214135355675106,-0.34429462383877785,-0.0010920456696877627,-0.14848671727789595,0.6023201432160884,0.09761189543868073,0.010477835987737749,0.10567632241235284,0.0035997869041884583,0.0010749222223435143,0.248180251259663,-0.007537161524325527,0.0,0.01509312522150327,-0.024502063623435915,0.05106043303675848,-0.0013434490681007683,0.01701789045239589,0.11178117786616729,0.0,0.0,0.04060879535241361,0.0,0.0,0.0,0.0,0.0,0.0
0.3902139443505937,-0.8531584941363273,-1.692646498661544,-0.035926476464889445,-0.0033315229782926487,-0.033311408121923215,-0.6601125360474195,-0.10468858141832982,0.1820869392444561,-1.0411082249393646,0.0013077165314582238,0.0002320593800658948,-0.7338715978833187,-0.008191137596046113,0.0,-0.6767837705416638,-0.08624443535546969,-0.2823121646628596,-0.02791523517162808,-0.2971561953880941,0.15410407300188494,0.0,0.0,-1.3053523819089818,0.0,0.0,0.0,0.0,0.0,0.0
0.3902139443505937,0.076240516066474,-1.469005977818646,-0.05039054989078002,-0.006331870664711335,0.040227986952760315,-0.30032502989293686,-0.16135957987736632,0.004207136847338004,-0.5870857118009417,0.0005118226427377835,0.0002728957867287104,0.2566574352029796,-0.020695220216918837,0.0,0.019832360027874616,0.16216288213557017,-0.17573774799881398,-0.004366784970804162,-0.1675782288766405,0.21623023309921668,0.0,0.0,-0.14039361221245725,0.0,0.0,0.0,0.0,0.0,0.0
0.3902139443505937,-0.6283365133262208,-0.8491296639452837,-0.5492317039675165,0.006430825677696626,-0.08094968034424489,-0.9269768901466526,-0.19335202299257953,0.16986815378153164,-0.1790743075725859,-0.0022454975118956963,-0.0010889369574255121,0.22435351765331754,-0.010486708402550313,0.0,0.00798705879811782,0.04370441574518741,-0.20475686476255864,-0.004863260764485695,-0.5068705467343853,-0.045849119983769365,0.0,0.0,-0.05925818148500425,0.0,0.0,0.0,0.0,0.0,0.0
0.3902139443505937,-0.3554018130381479,-1.7741975558601248,-0.180745312938581,-0.0014195832134362987,-0.07072405184826396,0.4837911693866559,0.09951465900010158,0.00792383180680722,0.15714505554200617,0.0031069198360279566,0.0008424733858681236,0.2653604066820311,0.4671855860778174,0.0,0.0042509421778052555,0.012691596107326342,-0.011058568843204653,-0.0013532513441687076,0.010028876909909602,0.10042090004011438,0.0,0.0,-0.0712520594136667,0.0,0.0,0.0,0.0,0.0,0.0
0.3902139443505937,-0.35608387751278503,3.227453485506145,-0.04482700292111858,-0.0004950227785747345,0.014578351982529526,2.0373467459373282,0.14619535321648985,-0.03537760613916233,0.09956785231938257,0.0013773559851557567,0.000864848362189346,0.2373113423291939,-0.007791207269947553,0.0,0.01842043573694404,-0.0712456943167358,0.03853048290251498,-0.0017802498797952976,0.02851289930193254,0.11802953518310108,0.0,0.0,0.09633269843953572,0.0,0.0,0.0,0.0,0.0,0.0
0.3902139443505937,-1.014955140571046,1.0395499771294576,0.19728108593930996,0.016919469374988023,-0.04914250183089795,-3.5542396779858385,-0.6461744751930488,-0.22278118200750077,0.08253531564111412,0.0002477730564350311,5.6193081796303904e-05,0.19821787523413983,-0.007916393307693297,0.0,0.014671238774884306,-0.11252867527810623,0.03758017716938679,-0.0008735800182873485,0.02437164172777185,0.06583063972683105,0.0,0.0,-0.03921467663576461,0.0,0.0,0.0,0.0,0.0,0.0
0.3902139443505937,-1.1232461430975151,-1.2724285941285616,-0.16321116831033863,0.0002953409064163616,-0.011103624296461839,-1.0371422477598944,-0.17092620940560868,-0.12018208199667169,-0.3989870259103882,-0.0017761163595214938,-0.0006308000677952714,0.22021429177111534,-0.011099182868764651,0.0,-0.0026139448853027235,-0.01826193674726111,-0.2263104510001346,-0.0043810721867252175,-0.010285776587797458,-0.13506193141928088,0.0,0.0,-1.0084519526185378,0.0,0.0,0.0,0.0,0.0,0.0
0.3902139443505937,-0.7436124649061789,-1.1922179293062847,-0.1640086651953494,0.0028540591318199967,-0.08998482353667105,-0.3162696883742092,-0.1459779448875486,0.08663252592760096,0.07650075127061391,0.0026827847439430514,0.0014351128893331283,0.23377447897763723,-0.012338530362363022,0.0,0.013016005807610259,-0.0819017838369946,-0.09779941850501926,-0.0010608871369938815,-0.00636902888400811,-0.2652239663072779,0.0,0.0,-0.24784283965396015,0.0,0.0,0.0,0.0,0.0,0.0
0.3902139443505937,-0.2533852828315505,-1.046630222191953,0.03338418040672802,0.08169859340658273,-0.025981859519741936,-0.1954539074115085,0.058867764425093214,-0.015987828934286203,-0.9828609745428427,0.003611950084510176,0.0015145252637056058,-5.371952276479502,-0.004793061708926821,0.0,0.00040459559501533366,0.034738948136322126,0.018223170960658237,-0.013881733504680041,0.014020594321258259,0.05967152340598164,0.0,0.0,-0.10269552565253744,0.0,0.0,0.0,0.0,0.0,0.0
0.3902139443505937,0.5934877812510448,-0.7196132056044963,0.380953361000232,0.0023139426577473495,0.017257128265865423,-0.25068677210194407,-0.09770271535576938,0.034862031767994954,-0.38424075693213144,3.045870612925807e-05,0.0003838775255151416,0.2748329857053751,-0.012721111028386193,0.0,0.011890551088536892,0.13025830502263328,-0.14545432206873232,-0.005887338002541239,0.04935182246475367,0.31137266153546594,0.0,0.0,-0.2702356257448215,0.0,0.0,0.0,0.0,0.0,0.0
0.3902139443505937,0.3459976394214653,3.3673905655312737,0.2905929896783388,-0.0018291011171242305,0.006754089802292347,1.661571716816586,0.44548827684205416,-0.06574565510997363,0.1343155272326552,0.001052743286612201,0.0011489372061977683,0.2662819071778314,-0.008586537785558067,0.0,0.004418021639257961,0.472016763391434,0.046784619584339694,-0.0012242733858770605,0.009271213577019894,0.10565100717615052,0.0,0.0,0.04528633023118048,0.0,0.0,0.0,0.0,0.0,0.0
0.3902139443505937,-1.014955140571046,1.0395499771294576,0.19728108593930996,0.016919469374988023,-0.04914250183089795,-3.5542396779858385,-0.6461744751930488,-0.22278118200750077,0.08253531564111412,0.0002477730564350311,5.6193081796303904e-05,0.19821787523413983,-0.007916393307693297,0.0,0.014671238774884306,-0.11252867527810623,0.03758017716938679,-0.0008735800182873485,0.02437164172777185,0.06583063972683105,0.0,0.0,-0.03921467663576461,0.0,0.0,0.0,0.0,0.0,0.0
0.3902139443505937,-0.5666709735855351,-0.9436047265184639,0.3059759251769081,0.0023156799932854567,-0.006584586614417682,-0.7939107218084774,-0.12634150787899684,0.174956146760397,-0.38792421739266686,0.003249264817648328,-0.0005249975545829406,0.2259241215662745,-0.009782867381099444,0.0,0.020958958740267365,0.2566406286975317,-0.25379359986054045,-0.004714209564999611,-0.2515239191297075,-0.8166319270149106,0.0,0.0,-0.5887442132047421,0.0,0.0,0.0,0.0,0.0,0.0
0.3902139443505937,-0.6876029091679293,-0.8236048945203768,-0.4936525855822886,0.004795137165068402,-0.08178789285606852,-0.46770765074896126,-0.19066284476130976,0.20308036890961464,-0.2103776082574519,0.0012886639867263404,-7.949264909830552e-05,0.2264838523284355,-0.010987691724652351,0.0,0.007151448647041767,0.11116411536300985,-0.12700458239992643,-0.004844936789477287,0.24476472148329625,0.13460429456448653,0.0,0.0,0.1046946720874677,0.0,0.0,0.0,0.0,0.0,0.0
0.3902139443505937,-0.22624457185594765,-1.1942728987579643,-0.023349544349442565,0.005375404515779686,-0.002408531411941089,-0.41325311958269295,-0.17779255749136202,0.0466458884528784,-0.05241949418976993,0.007164795112853192,0.0014213336003748337,0.2451397891937787,-0.01586932003756724,0.0,0.010663695547401077,-0.05340411489203055,0.16844419234163358,-0.0011167457525088297,-0.002887613224293572,0.053882429712374,0.0,0.0,1.0742415175813058,0.0,0.0,0.0,0.0,0.0,0.0
0.3902139443505937,0.25687557644519327,-1.8835627015930065,0.0853395852310369,0.0014682575546735297,0.028237548245106117,0.6233433264104619,0.18338660248779604,-0.00786453981622109,0.16188888178631555,0.005133783405453594,0.002286248309829829,0.26532012163134505,-0.0035389294470639506,0.0,0.0005821961199790023,-0.10799359325584619,-0.005516375585732435,-0.0017800806582304349,0.012881690645226691,0.07499721927537856,0.0,0.0,0.07616063934036456,0.0,0.0,0.0,0.0,0.0,0.0
0.3902139443505937,-0.5297973026552636,3.919216395123105,-0.17101732713753953,0.012586573726577423,-0.1542730134639937,2.34078538651328,0.34469110507366285,-0.03754354855613347,0.09876119849226953,0.0013922967251378704,0.0005668190171702909,0.23840038628463667,-0.007718808471979131,0.0,0.019682823018657994,-0.07969674640522116,0.03802594832454408,-0.0017802498797952976,0.029400804226768062,0.10681940903530164,0.0,0.0,0.06698095331290897,0.0,0.0,0.0,0.0,0.0,0.0
0.3902139443505937,-0.4006795339119353,-0.7023659051127283,-0.11283651831178915,0.00834388895262413,0.01915671169788476,-0.6270529652572971,-0.1559006820349292,0.31689943199174003,-0.2237273358458036,0.002561052997858996,5.76466759608848e-05,0.2452837284149585,-0.009911666309654656,0.0,0.007293338047639553,0.22789930005667908,-0.0441918938722473,-0.004952663437495461,0.06357156786619098,0.22833503898641627,0.0,0.0,0.29814221439320626,0.0,0.0,0.0,0.0,0.0,0.0
0.3902139443505937,-0.7351721497076622,-1.0452099236060668,-0.37038948093391255,0.0059059456474066995,-0.07147509271165357,-0.24804469256004466,-0.1684517773895821,-0.014560113235285752,0.013135245599467417,-0.0007004215333245797,-0.0011771507749812164,0.2395837188088483,-0.016065882065501753,0.0,0.011286336243347362,-0.10928552109342131,1.7311936691208083,-0.0011464352873056282,0.022288124901533653,0.24930983087830516,0.0,0.0,0.13846203220742914,0.0,0.0,0.0,0.0,0.0,0.0
0.3902139443505937,-0.09410146845634593,4.134830314592171,0.15672891061824565,0.003783057502876801,0.048903222035569106,1.0721666375062588,0.43664147669561393,-0.042288425805903536,0.13112720586593543,0.0011318690879778147,0.0005585512770073836,0.25436488309421273,-0.00568223726775495,0.0,0.01887789085927201,0.014675431758671247,0.04450898887552125,-0.002099079507182031,0.030160759756911463,0.11851785048339213,0.0,0.0,0.06318289127700091,0.0,0.0,0.0,0.0,0.0,0.0
0.3902139443505937,-0.19885347920111,-0.9787599422813573,0.2389797399938933,0.006648909019299032,0.016292744523585246,-1.1076746872740055,-0.18140716781871633,-0.10351118223979253,-0.41281031601736146,-0.00026687667408811214,0.00036509074946378475,0.23278947131442013,-0.008834927785602771,0.0,0.004158154226857209,-0.15925340810943855,-0.2970446534939947,-0.004537218913997831,-0.09125332462092839,-0.1303596527885851,0.0,0.0,-0.5066321669413905,0.0,0.0,0.0,0.0,0.0,0.0
0.3902139443505937,-0.1876697973271403,-1.0260236012266948,-0.03809727566611287,0.0033568542684740132,-0.01643338647367634,-0.36935717408871477,-0.17406556235350432,0.038138907236814706,0.012895664521593301,-0.002368625882147384,-0.0005993478308407359,0.23649773758985373,-0.013797847698642642,0.0,0.0036374908279120954,0.17348084829445795,0.1816664042270811,-0.0013207769185308092,0.08876617861850553,0.275899921081286,0.0,0.0,0.6088531115454004,0.0,0.0,0.0,0.0,0.0,0.0
0.3902139443505937,-0.18536680872891387,4.426804610249986,0.32385793636323634,0.00913350862256231,0.004946560582189405,2.027009770612792,0.4293150626966845,-0.04219746525003015,0.17661146137581138,0.0006198310295181501,0.0007564496814998525,0.26268662750668975,-0.0031744783342796752,0.0,0.015888920619032295,0.08252798471556605,0.05314071136966918,-0.0018218221687042314,0.022913502646023313,0.10856619967232015,0.0,0.0,0.04633698166836925,0.0,0.0,0.0,0.0,0.0,0.0
0.3902139443505937,-0.25820764117652584,-1.546976420811023,-0.4904060565939379,0.0014749629126668109,-0.23734908262103208,-0.23522573181384296,0.058479738561467,0.17508569762531193,-0.6455851975498961,0.003838147993927559,-0.00010790608750616515,0.25415740975823237,-0.0064172473814447075,0.0,-0.4434766771831952,0.044361731025155296,-0.17612709371785662,-0.02642891903590823,-0.21248738540043446,0.006033605455971464,0.0,0.0,-0.07123194532645295,0.0,0.0,0.0,0.0,0.0,0.0
0.3902139443505937,-0.5784092629690896,-1.5263647831518068,0.1976452723755846,0.007077858476851259,0.0206368763006783,-0.52210909998279,-0.18178440227564802,-0.07136084503154674,-0.05654284042817541,-0.008731614668546864,-0.003341725367351601,0.2176030529352837,-0.016838899623160458,0.0,0.0047151482554679035,-0.014577143470933059,-0.17362162006245907,-0.0011165217712232427,-0.2488027380935554,0.19189731846524657,0.0,0.0,-0.7714809688626856,0.0,0.0,0.0,0.0,0.0,0.0
0.3902139443505937,-0.34695597906968756,-1.8344878879521525,0.06434082172085977,0.0009602927882641563,0.01898010136345823,0.4275398780718894,0.09380328801240806,0.015329706894042157,0.13254720425094307,0.005044711069267873,0.0019409141966124483,0.2614802709254914,-0.0257888525054177,0.0,0.00802256049237643,-0.21567705487129854,0.02974870120570095,-0.0011003292058201896,0.007706003188298226,0.15740021070143687,0.0,0.0,0.035973753281528874,0.0,0.0,0.0,0.0,0.0,0.0
0.3902139443505937,0.7681233686343335,-2.101908849500486,-0.4031249527606366,-0.0028722612550754283,-0.22661557634700946,0.7346320491852957,0.1401298709236612,-0.014850080673455906,0.12120142396148703,0.0026387064000648053,0.0013160809280538036,0.2591515327500203,-0.01101022061362418,0.0,0.005306000341038501,-0.051894498864527766,0.028842265585375608,-0.0017926750835926043,0.02209382089853899,0.046125587287011965,0.0,0.0,-0.03391014688914349,0.0,0.0,0.0,0.0,0.0,0.0
0.3902139443505937,-1.0344997268765403,1.0826116484904553,-0.64656860257988,-0.25734637999458543,-0.08217420612357,-2.311211497032441,-0.7565430482601907,-0.1254255680090085,0.08918239547929337,0.00042766609976066343,9.925007085200242e-05,0.20296143816823103,-0.008995463381459375,0.0,0.012550304178438053,-0.31267691005245213,0.045299278491617,-0.0008397676024822828,0.025222606137447808,0.15016467655078883,0.0,0.0,0.10912006328871708,0.0,0.0,0.0,0.0,0.0,0.0
0.3902139443505937,-0.5213229454045627,-1.3314246641600869,0.0859649724331436,0.006326567833432302,0.021930706337706298,-0.3079787124359536,-0.1564602752444505,-0.09795389731345502,0.020773717227405213,0.004576309756626016,8.096676309204528e-05,0.24388474545316316,-0.015188810404119497,0.0,0.011258567081002625,-0.0030510367069703534,-0.20971006623499866,-0.0010979308492603105,-0.008693689709307282,-0.44535632982693896,0.0,0.0,0.6794356743317571,0.0,0.0,0.0,0.0,0.0,0.0
0.3902139443505937,0.22473001026037756,2.932640916386383,0.18573247195222214,0.0034867811071726523,0.015103537749065806,1.9871973892662957,0.28384875679173344,-0.06866275782156415,0.10628493220430954,0.0005906988603564072,0.000996639911892052,0.2541253495393955,-0.008122934062287996,0.0,0.010763238491601577,-0.12965671940164575,0.03571541532555805,-0.001202735760280283,0.0123107323441299,0.10420409530138786,0.0,0.0,0.020877349600054263,0.0,0.0,0.0,0.0,0.0,0.0
0.3902139443505937,-0.3418680134883199,-1.7988021374386305,0.16226895384121126,-0.003347746863393133,0.008958619972751667,0.2778098581052688,0.09376602982165694,0.015571030020303007,0.12819214838685047,0.004938679542898237,0.0020056333545161436,0.25954172812740517,-0.019594590834054387,0.0,0.00664174437897267,-0.3829290676342314,0.030188262471811732,-0.0011003292058201896,0.00803935329403244,0.15586583258652054,0.0,0.0,0.036130068695765585,0.0,0.0,0.0,0.0,0.0,0.0
0.3902139443505937,-1.1236473980029835,-0.8659147527658393,0.014565944076837718,0.001360699149736958,0.012407006934119107,-0.7018132103469371,-0.1328068589021883,0.2148172569227091,-0.33126865369041986,0.004172523040166251,0.0002937544673435113,0.22636980450775226,-0.009216782082123471,0.0,0.012205703703340568,-0.10729202233073827,-0.11288043326503716,-0.004903748612576522,0.1002476469062001,0.14851305598645997,0.0,0.0,-0.2619048125347236,0.0,0.0,0.0,0.0,0.0,0.0
0.3902139443505937,0.04497210693769216,-1.1648261974193204,0.059071336578910075,0.0028563756595530367,-0.0032084968186376316,-0.8616246822265731,-0.14959027398653807,0.015320493640438072,-0.3225571651208084,-0.0027670249917547515,-0.0017600866853837791,0.2397258282845705,-0.015029798127073708,0.0,0.008894388843613384,0.1485823698587089,-0.06007579005555386,-0.004858856913035673,0.03175752175899019,0.19868014475801568,0.0,0.0,0.08720827065187661,0.0,0.0,0.0,0.0,0.0,0.0
0.3902139443505937,1.4255295677177169,4.247792467508831,0.5474433223301844,0.014441593004195993,0.034408058815491645,2.5465643753643863,0.6942377647248917,-0.05713720500757634,0.12170683730031018,0.0011461943047418805,0.0006796302353510775,0.2705086018164063,-0.002649687777991183,0.0,0.014633575976583704,0.020758901035307014,0.01918831272550876,-0.0017360873572727763,0.02065411438890855,0.055054916123695626,0.0,0.0,0.01500102527501741,0.0,0.0,0.0,0.0,0.0,0.0
0.3902139443505937,0.4667969408928966,-1.771381397782963,0.4380125998287665,-0.0018870873292754493,0.036284097978474796,0.7602960907920521,0.16816050609474414,0.005035985942328478,0.16027184691937227,0.006225933106165381,0.002404115528634468,0.2836699940913123,-0.006797770056695809,0.0,-0.004151410400254663,0.15787754289344272,0.0025594596684406523,-0.001548389337703023,0.011078368688679481,0.055301657795910245,0.0,0.0,0.09146440088709493,0.0,0.0,0.0,0.0,0.0,0.0
0.3902139443505937,-0.10748250534537256,-1.7949326996253043,-0.03721714987898668,-0.0064611476956657485,-0.05283564218772316,-0.5684181879275098,-0.14406152913897638,0.047071556753674464,-0.5279978031755179,0.003249158427972387,0.0003887021262317561,0.24764500727955518,-0.02029281149917377,0.0,0.016069407468957332,0.08945908685145973,-0.13386075323668964,-0.004512126228540634,0.01980004566379559,-0.017096741948258595,0.0,0.0,-0.48484639727669415,0.0,0.0,0.0,0.0,0.0,0.0
0.3902139443505937,-0.5019529920985182,-2.8582113698950287,0.14699661277328735,-0.008161718247515843,0.016727376502039506,0.6692040594786302,0.1864904811900471,0.017602141163411016,0.1336206320208736,0.0028320796351163895,0.0009097906254813003,0.25620296504803414,-0.015782061264610212,0.0,0.012334066628079747,0.11837599138566808,0.07411562068060229,-0.0013071106384746308,0.015579655162122761,0.10739358664873792,0.0,0.0,0.129830797902231,0.0,0.0,0.0,0.0,0.0,0.0
0.3902139443505937,0.588711058803177,-0.8889139972418796,-0.7389844015899508,-0.007388709221468293,-0.562434257967975,-1.4739268892100563,0.13415716702905986,-0.5281787309245385,0.07207217467312382,0.0027338448867557934,0.0012777720468276944,0.22561937895613612,-0.007360082240878626,0.0,0.011330116714875663,-0.08808643580044048,-0.3188304315756228,-0.00388552262986453,0.023519709327627175,-0.026020915242459586,0.0,0.0,-0.18019642653135703,0.0,0.0,0.0,0.0,0.0,0.0
0.3902139443505937,-0.5744247442857748,-1.0935355869502184,0.3192877579725077,-0.005655383456598992,-0.02550003765342838,-0.8063438839283557,-0.16022579423806918,-0.12837826992364906,-0.44501501181533276,0.0010671276519694786,-0.0011241633907757174,0.23810928611108087,-0.017143597480007343,0.0,0.008975581543312345,-0.21231009763656247,0.031421256392867324,-0.004715289484385358,-0.04894215741434825,-1.6495373852408566,0.0,0.0,-0.5419973902558823,0.0,0.0,0.0,0.0,0.0,0.0
0.3902139443505937,1.0819794509426826,-2.3195441610645227,-0.3138735093825544,0.0017198305241701145,-0.20822655282144503,0.8898369241911086,0.14117999542938955,-0.004576661513839808,0.14081788251881033,0.005783840092658091,0.0018892482075008837,0.2690753796250405,-0.005881589683725928,0.0,0.003963579529136166,0.1867591534515874,-0.0034809336353348315,-0.001564612085794568,0.017475896199582282,0.06516192279566795,0.0,0.0,0.008779725708698047,0.0,0.0,0.0,0.0,0.0,0.0
0.3902139443505937,0.020129737082022904,-1.9768579062796983,0.22905872273465835,0.0032890749647692856,0.0081214493048069,-0.4975257701001369,-0.2013731787575804,-0.01683985532391391,-0.30116665942017035,0.005447012940204518,0.0019227461709999606,0.24813637037410977,-0.012154470585563622,0.0,-0.003252214959132659,-0.0436420439839207,-0.39301311242292836,-0.005764182087525593,-0.22391658133884004,-0.05816608340363354,0.0,0.0,-0.46570079814661747,0.0,0.0,0.0,0.0,0.0,0.0
0.3902139443505937,0.6998437161953344,2.903163315944784,-1.0770037092765194,-0.1911862584931766,-0.05850308990889778,-1.1345930316796842,-0.6618761288057359,-0.0509654566378918,0.15447592503227137,-0.0003669039878716119,0.0002801265678739504,0.22732959785969198,-0.008727630051756032,0.0,0.012475752726520267,-0.21337333291649896,0.06482336519970072,-0.0008496774962082037,0.03151852793702663,0.2023115068259021,0.0,0.0,0.37249787853001237,0.0,0.0,0.0,0.0,0.0,0.0
0.3902139443505937,1.0980041882275762,1.3074381436412683,0.17405222616270632,0.02517616948812713,0.03911393275215459,1.7136425719799946,0.1901250566860602,-0.06657538209295731,0.1538197599029598,0.00037529544395761437,0.0010955758161184882,0.29844057071753055,-0.002635386190589161,0.0,0.017885079249937638,0.040036327778834896,-0.026695530005838596,-0.0019299673611861974,0.03188040038735974,0.057573990564685595,0.0,0.0,0.006754391923046389,0.0,0.0,0.0,0.0,0.0,0.0
0.3902139443505937,0.1766278790172293,3.447504118840958,0.2605908042021472,0.04353614200529855,0.0039021949465327917,-0.8346270788319454,-0.26392723360503884,1.6360172239797834,-0.416221188450399,-0.0024329491967827565,-0.0015436532938717467,0.25016979998470584,-0.007086861925676326,0.0,0.00955275340701966,0.686590004823946,-0.13539309831231805,-0.0039976822053207385,-0.02711614279925635,0.27949499592696453,0.0,0.0,0.3683419211334487,0.0,0.0,0.0,0.0,0.0,0.0
0.3902139443505937,-0.29633417190178996,-1.7859743684191303,0.2839217509997814,-0.0001785036788829071,0.02694831280068275,0.5888108477082388,0.14305997644757526,0.012589220381111006,0.20940804289610354,0.004978988197333104,0.001979477921719978,0.2735449872935834,-0.01393587863126569,0.0,0.004257193545772598,0.29680016661620373,0.042261167190333584,-0.001313506461460028,-0.0006016436156047476,0.16422457714432548,0.0,0.0,0.05136041939014684,0.0,0.0,0.0,0.0,0.0,0.0
0.3902139443505937,-0.7129151552408973,-1.2038795176933677,-0.4550516393306505,-0.015104895200975969,-0.10057590448043909,-0.22642552448673564,0.12038975163140049,-0.014214421271028767,0.09040552141054194,0.0035584479192765114,0.0016858650109905008,0.23177174323301253,-0.009608161020254056,0.0,0.012510329809656044,-0.02847962066213659,0.025265679303760974,-0.0013983222094299634,0.024156588881596906,0.1348171428744323,0.0,0.0,0.004483414346011866,0.0,0.0,0.0,0.0,0.0,0.0
0.3902139443505937,0.7908471216828615,-1.2949361290883845,-0.5084634574836135,0.0021846757114691528,-0.012626631407117943,-0.6156468468869009,-0.15805135101712336,-0.055118732801292016,-0.5349130149720459,0.0043791636423309264,-0.0009434025414722863,0.25122444639543245,-0.00830605152730925,0.0,-0.07012574218543016,0.153980115184226,-0.10981545524840305,-0.005970294386921771,0.06163386526058065,0.245927066595713,0.0,0.0,-0.10004102514124437,0.0,0.0,0.0,0.0,0.0,0.0
0.3902139443505937,-0.29633417190178996,-1.7859743684191303,0.2839217509997814,-0.0001785036788829071,0.02694831280068275,0.5888108477082388,0.14305997644757526,0.012589220381111006,0.20940804289610354,0.004978988197333104,0.001979477921719978,0.2735449872935834,-0.01393587863126569,0.0,0.004257193545772598,0.29680016661620373,0.042261167190333584,-0.001313506461460028,-0.0006016436156047476,0.16422457714432548,0.0,0.0,0.05136041939014684,0.0,0.0,0.0,0.0,0.0,0.0
0.3902139443505937,-0.05861578609431067,-1.1980529753267992,0.3336622220114738,0.002489205754682687,0.004136210297245259,-0.6170449276561976,-0.16763772955331657,-0.04160200538313737,-0.391718334630121,0.006022069223265116,0.0019445461398310872,0.2592922542435106,-0.009329624482374507,0.0,0.01818163619150389,0.18019260549182672,-0.15817260723652685,-0.004411743006859519,0.1327730030495292,0.31443918857233194,0.0,0.0,-0.1097192198869373,0.0,0.0,0.0,0.0,0.0,0.0
0.3902139443505937,-0.6535617304928255,-0.5094105493097469,-0.16279036218217177,0.007380069854215854,-0.012372731799869327,-0.9114626902782658,-0.20950144943011859,0.2959623083850898,-0.3390642201852066,0.0035467609979198326,1.0468173542143172e-05,0.21885164807782095,-0.012064823445825098,0.0,0.008108818474759354,0.30581748654076873,-0.2865439293546583,-0.004804562296633463,0.09867831753699129,-0.13800154083459804,0.0,0.0,-0.3259022925392305,0.0,0.0,0.0,0.0,0.0,0.0
0.3902139443505937,-0.7039439093507626,-1.8496145385910818,-0.1642406687416484,-0.06079474562161671,0.03686901148139442,0.030468115734622735,0.10637005497037892,-0.007075021400948034,0.13984159729313728,0.0029704441496927153,0.0007709895423047801,0.2620993973295147,-0.010010833929642448,0.0,0.01716765255257525,-0.04784082085274494,0.01040523463778769,-0.0025435436791985517,0.015913723950686177,0.010450276520071477,0.0,0.0,0.1275109529069274,0.0,0.0,0.0,0.0,0.0,0.0
0.3902139443505937,-0.3740221026065916,4.1789862696063755,-0.18400329826268944,0.005804380889749981,-0.036769039580432615,2.0113081510759123,0.44715737169794784,-0.030609527432784472,0.12927797302434524,0.0012307660641522648,0.0006139880274647129,0.25230893981132146,-0.007144190071630668,0.0,0.018070450172732122,0.007269590558396758,0.04395581178748213,-0.0019310771421621553,0.026535419066336267,0.07669059403945433,0.0,0.0,0.07203235661672408,0.0,0.0,0.0,0.0,0.0,0.0
0.3902139443505937,2.130512380085389,-0.8102912731220718,-0.4316532528557374,0.0032892236868006497,-0.1757435189976908,-0.7152533901425372,-0.26664744506933236,0.05421650094614872,-0.006511552663365228,-0.007278904027679978,-0.003920175207771368,0.2553039344096779,-0.011459034704764344,0.0,0.008516491173360273,-0.07812515120858181,-0.5736160170594601,-0.0021844157158288293,-0.0006227725773295127,0.021213480279174954,0.0,0.0,0.04652779988798363,0.0,0.0,0.0,0.0,0.0,0.0
0.3902139443505937,-0.29408326398825113,-1.679244685007755,0.46999434657108946,-0.00877304133993288,0.023511038035683492,0.5871931562950241,0.19525305063064688,0.014588366748421145,0.20709521821422794,0.0025226601142839065,0.0009698464451593967,0.2787046628855516,-0.01765216499067301,0.0,0.002536073312190739,0.4811052127197589,0.07048953293357996,-0.0013334607068686334,-0.0033079593863981657,0.1585149695610003,0.0,0.0,0.1256842887955976,0.0,0.0,0.0,0.0,0.0,0.0
0.3902139443505937,-0.22526719116960509,-1.375078016023423,0.21604048153412997,0.0038133712538214893,-0.028363308708573596,-0.37352365670417836,-0.17274010741733226,0.017706506563389672,-0.0030733246704219615,-0.0008551320229022013,0.0010371959604646458,0.24678398735018495,-0.013732100985942996,0.0,0.014314211411154609,0.155700325325868,0.7392929228316316,-0.0012544778492320483,-0.03090684129980583,0.2300326948228585,0.0,0.0,0.3490609296730344,0.0,0.0,0.0,0.0,0.0,0.0
0.3902139443505937,-0.8141943054102999,-1.145653854645926,-0.5168576881684559,-0.004500118934514884,-0.16433505730045858,0.5728225358804322,0.12040237107538766,-0.01292966050337156,0.12965533673773338,0.0038885200323314256,0.0017276479863397442,0.2461558145499163,-0.01060877204882243,0.0,0.006173986445186534,0.13759405675245712,0.02815556840203131,-0.0013983222094299634,0.026227131122405167,0.13826812577935166,0.0,0.0,0.004980531059268853,0.0,0.0,0.0,0.0,0.0,0.0
0.3902139443505937,0.9587267141313823,2.956414488600948,-0.9371394498907144,-0.21924918181985548,0.10879289587488494,2.295745852850867,0.4141182136371227,-0.05356620583482156,0.11274226363160732,0.001452315404507656,0.0009529923845105364,0.25687989495709235,-0.005453628612125431,0.0,0.013865719823119906,-0.07677948734855727,0.01615181882287333,-0.0017969520027752493,0.015922816172315495,0.0590480152365346,0.0,0.0,0.029497271725589393,0.0,0.0,0.0,0.0,0.0,0.0
0.3902139443505937,0.03358703847323537,3.3088951868827103,0.4639943800312073,0.00014752278394834412,0.01937564258403809,2.168709390273641,0.4166646515258775,-0.05720026261458665,0.1294168657212086,0.0007767030986013827,0.0009872070565532494,0.2594306469188742,-0.005136263086118408,0.0,0.020136325385949328,-0.12005520913019906,0.03731137688155404,-0.0015993321928276212,0.023881047131591775,0.10250542414454426,0.0,0.0,0.03877754756999966,0.0,0.0,0.0,0.0,0.0,0.0
0.3902139443505937,0.8351727779281833,-2.3422466275071345,-0.546218250184264,-0.0022917031604688725,-0.38096339165966836,0.5371072851939712,0.14100744590713915,-0.003426023928449379,0.13531635289380678,0.00541324517830869,0.0018276965139003094,0.26328872530108044,-0.005695361551578671,0.0,0.003828065221384381,0.25049872130213247,-0.004570396670147846,-0.001564612085794568,0.012923079932752603,0.06023297420614869,0.0,0.0,0.009803494010326092,0.0,0.0,0.0,0.0,0.0,0.0
0.3902139443505937,-0.34489737545589844,-1.953441183487713,0.05232795763181152,-0.01602907431605,-0.008958550067124498,-0.39322688749464707,0.11473032000769584,0.01620392479630562,0.1334756149276211,0.0025475753093274606,0.0010622022011766716,0.24883682890135345,-0.013374095386826178,0.0,0.009671559309831356,-0.12544622834397268,0.06924650828176439,-0.0013645144763378154,0.007067067697625301,0.14397749963699333,0.0,0.0,0.00272774989618288,0.0,0.0,0.0,0.0,0.0,0.0
0.3902139443505937,-1.0131128889563223,0.4916539525070886,-0.5753489442332583,-0.08106722787379717,-0.03897004330473202,-3.1507975632320813,-0.7823610001597355,-0.15960890227113037,0.08245085897255053,2.3697914434403002e-05,4.833723327983504e-05,0.1917221814341147,-0.00908128778982156,0.0,0.01342126704007114,-0.2779414896773844,0.0413962346017548,-0.0008396953003287724,0.02660570224046524,0.12877789267648446,0.0,0.0,-0.0266299839962253,0.0,0.0,0.0,0.0,0.0,0.0
0.3902139443505937,-0.40624492676573865,-1.433070305679941,-0.15260140011765655,-0.005953816509717818,-0.012358725528914068,0.3143570048019585,0.13604928596398197,0.01207790614075368,0.09575893726294578,0.0035597245464424666,0.0011031793589804516,0.25067363955402305,-0.00923076156589497,0.0,0.010284394198922433,-0.15561201055812107,0.047934104862250006,-0.001150414965511703,0.015570518783922651,0.11406258650483404,0.0,0.0,0.04342768421480907,0.0,0.0,0.0,0.0,0.0,0.0
0.3902139443505937,-0.4558159433785349,-1.6351250155810906,0.045971044594173664,-0.0034501605764525652,0.008354902685961802,0.14885433696779818,0.13149612038565467,0.005766086372243728,0.13185041308697912,0.00490552367174458,0.001929435484644889,0.2572399208792142,-0.014240709835820627,0.0,0.009022704570086415,-0.1077762794175295,0.03437527109881897,-0.0011507546259991377,0.01650338048871834,0.1594270864920391,0.0,0.0,0.046631121911534165,0.0,0.0,0.0,0.0,0.0,0.0
0.3902139443505937,0.07029682950122641,3.9540389344872007,-0.24049534072090822,0.02309691164932368,-0.16573300698574914,2.1484478837257934,0.27332407401613523,-0.03485641609237827,0.10063897055357719,0.0014147184553912802,0.0008784277827914826,0.2452317753039343,-0.007707291344925773,0.0,0.019250272620995112,0.0027532436578074186,0.037224572571217335,-0.0017802498797952976,0.02855369734530649,0.11468657038612945,0.0,0.0,0.10044093680781226,0.0,0.0,0.0,0.0,0.0,0.0
0.3902139443505937,0.15005694582253404,-1.3085153457291019,-0.480525575149758,0.0057140504787763354,-0.0793629753216007,-0.18031293212558203,-0.08136683859320978,0.15165094677392982,-0.3777709369681815,-0.5129794257924484,-0.13618159931937,0.24696460168488577,-0.012707948565349292,0.0,-0.018362189370574603,0.09949454650816296,-0.2165822486125388,-0.005897112611212429,-0.03440387557317239,0.3063246383384288,0.0,0.0,-0.16448342293099696,0.0,0.0,0.0,0.0,0.0,0.0
0.3902139443505937,-0.07134925715098799,-1.4529427418526477,0.061789002884369046,0.010793104445329469,0.005148438094924849,-0.560002621067945,-0.18031456968357068,-0.008604426492702405,-0.0017796370934763674,-0.0033173468155599114,-0.0008089519916174944,0.22285642739029754,-0.00902747600093354,0.0,0.003443827742284785,-0.015324533213174717,-0.12174710297171384,-0.0025398390477574914,0.03546603836609658,-0.18029206524859565,0.0,0.0,-1.0115014661558281,0.0,0.0,0.0,0.0,0.0,0.0
0.3902139443505937,-0.7129151552408973,-1.2038795176933677,-0.4550516393306505,-0.015104895200975969,-0.10057590448043909,-0.22642552448673564,0.12038975163140049,-0.014214421271028767,0.09040552141054194,0.0035584479192765114,0.0016858650109905008,0.23177174323301253,-0.009608161020254056,0.0,0.012510329809656044,-0.02847962066213659,0.025265679303760974,-0.0013983222094299634,0.024156588881596906,0.1348171428744323,0.0,0.0,0.004483414346011866,0.0,0.0,0.0,0.0,0.0,0.0
0.3902139443505937,-0.8728262730976374,-1.3547119352182975,0.05564107731451322,0.0007357178708356388,0.0008866048624590773,-0.42822213804357157,-0.17720117421224738,-0.010821286230764799,0.10649019424510964,0.0019888138123338103,0.0006844055200068415,0.23957365764045038,-0.00866850482711269,0.0,0.013586573966633774,-0.10129369893475293,0.07261219247414019,-0.001276166116361102,0.022939327583272155,0.19192872072678063,0.0,0.0,0.22302261940191695,0.0,0.0,0.0,0.0,0.0,0.0
0.3902139443505937,-0.29240260143492425,5.623073275588111,-0.10744914832167902,0.008003122392006717,-0.07938319126210817,2.076095757160882,0.5261828167774517,-0.034430345245123894,0.09899357717888554,0.001758987696499701,0.000690912921243001,0.24640931916082473,-0.006932637565594879,0.0,0.02037154715319378,-0.10403424622653218,0.042677259776928725,-0.0017802498797952976,0.022013105562484685,0.09826990575973008,0.0,0.0,0.04096892611965378,0.0,0.0,0.0,0.0,0.0,0.0
0.3902139443505937,-0.8815199114396957,4.013854864507254,0.09803509650908955,0.011384769173229814,0.0009307818858814986,1.93881751531878,0.3873890948549354,-0.040093995693905024,0.1649119320634631,0.0007737496965235706,0.0006214048464167938,0.25601650571194506,-0.0052789394718230345,0.0,0.01236848403139975,0.020131839637490552,0.043682014964703024,-0.0018110677013654774,0.022236960579598904,0.09875365030828011,0.0,0.0,0.07855892235744658,0.0,0.0,0.0,0.0,0.0,0.0
0.3902139443505937,1.4111001140158341,-2.0902082053741635,0.49372061464951966,-0.01565796089349723,0.04284366830016826,0.24359279404504805,0.19952909750136283,-0.005773756022520771,0.11296291510133466,0.004349967821194364,0.002099446128297305,0.27732999930382096,-0.002825953570113314,0.0,0.0067970470906641095,-0.10633478915365747,0.006418500808374432,-0.001471164618011523,0.014875496876726891,0.0888947161383655,0.0,0.0,0.003909406173904726,0.0,0.0,0.0,0.0,0.0,0.0
0.3902139443505937,2.1045005282733635,0.7146275815008919,0.05969339038536807,0.010930174572979906,0.0720007234211452,1.5794147007098036,0.21462313755233145,-0.07661879876926612,0.11484844571539542,0.0021856958701816447,0.0012637757334690157,0.2991956529866288,-0.004706836918478031,0.0,0.009501159376763057,-0.10127004301555105,-0.0270475877008514,-0.0019950532378180757,0.01870168619633064,0.06352636523538935,0.0,0.0,-0.01859581578220406,0.0,0.0,0.0,0.0,0.0,0.0
0.3902139443505937,-0.40624492676573865,-1.433070305679941,-0.15260140011765655,-0.005953816509717818,-0.012358725528914068,0.3143570048019585,0.13604928596398197,0.01207790614075368,0.09575893726294578,0.0035597245464424666,0.0011031793589804516,0.25067363955402305,-0.00923076156589497,0.0,0.010284394198922433,-0.15561201055812107,0.047934104862250006,-0.001150414965511703,0.015570518783922651,0.11406258650483404,0.0,0.0,0.04342768421480907,0.0,0.0,0.0,0.0,0.0,0.0
0.3902139443505937,1.5233196668336233,-0.7655612699639645,0.24101025595331832,0.05911191770586912,0.008295131622372887,-0.27247824933157194,-0.15407437908323157,0.056777987007711736,0.30484769282393526,0.00418326663114628,0.0015320878701907301,0.27451052074568116,-0.013169062942042158,0.0,0.0022956906939674113,0.08452149030448702,-0.3265221317904074,-0.004866928127941631,-0.10467292658182559,0.23242790274199038,0.0,0.0,0.2998290872067753,0.0,0.0,0.0,0.0,0.0,0.0
0.3902139443505937,-0.41491252540939116,-1.1580243850653016,-0.7067830160783365,0.006925589093517108,-0.006927833794783526,-0.34615914065184517,-0.15967564775883156,0.10281924311482585,-0.4524104262029,0.0015231343166616225,0.0013272433109661422,0.2391318532244554,-0.01776630025482254,0.0,0.03064879266938458,0.2154921505314775,-0.19739507729843445,-0.004293720996837258,-0.0536818093661746,0.15593375976607854,0.0,0.0,-0.3544843723621523,0.0,0.0,0.0,0.0,0.0,0.0
0.3902139443505937,-0.8281241193572915,1.917965577182009,-0.5940255619510735,0.05945892705296566,-0.0853462416560031,-0.7181847128221932,-0.6748903949620687,-0.14139126667418103,0.10896378415278289,3.3344819371358633e-06,0.0002247487807139217,0.22317391377467125,-0.009235672688780264,0.0,0.011524644166245658,-0.15050251695128006,0.05587243161107195,-0.0009139666670271874,0.02182710036590111,0.08231586580777002,0.0,0.0,0.2324649318632972,0.0,0.0,0.0,0.0,0.0,0.0
0.3902139443505937,-0.3264501461330368,-1.2540469613345142,0.2830938371442663,0.00027235093434744363,-0.0026672276562286603,-0.7725490240177667,-0.20971146596661855,-0.12975347512820432,-0.38199006014471787,-0.0024744741303773317,-0.0015537980403674797,0.24309392168796998,-0.015996607224131005,0.0,0.01191188622966644,0.017685876691207157,-0.0589734025145148,-0.004631602084716859,0.027171088177287795,-0.05864315104045597,0.0,0.0,-0.4921169282789542,0.0,0.0,0.0,0.0,0.0,0.0
0.3902139443505937,-0.292677277754541,-1.5182741262555945,0.2770432426941752,0.005716675510523682,-0.0037501481885961236,-0.40325849795454843,-0.16320733430746676,0.02663862392687521,-0.08394825196032811,0.004638922470415891,0.0011094083861512654,0.22682665187596393,-0.01563468970181121,0.0,0.0014339999909034344,0.028827789530660335,-0.2608460781669338,-0.0011425479664012909,0.300360579250654,0.3873430275779567,0.0,0.0,-0.15885724953115982,0.0,0.0,0.0,0.0,0.0,0.0
0.3902139443505937,-0.05322790141825522,3.7647286754188425,-0.06167310114795321,0.003952778739349557,-0.041123508868877105,1.9541349193255737,0.3452168890470906,-0.031187238374485376,0.10571240023248073,0.0014177747627316893,0.0005987006769328863,0.24291994103255832,-0.007660279526817398,0.0,0.019187479726614522,-0.06795365078121691,0.03919874393158485,-0.0017802498797952976,0.02901143587653381,0.12305963808410487,0.0,0.0,0.09975538396940446,0.0,0.0,0.0,0.0,0.0,0.0
0.3902139443505937,-0.2802251631934222,0.17766512977315188,0.49968142625893724,0.006024727466228377,0.008013923530047712,-0.7328011838183716,-0.23298700286539803,-0.09204130767945097,0.1171762136610239,0.002235288525844556,0.0008835896024187666,0.24282362176370423,-0.011607454403089353,0.0,0.015604563330327663,-0.07503763898437191,0.01105205086332482,-0.0013006022319847336,0.022315152632788663,0.17821574401395188,0.0,0.0,0.07681834654063775,0.0,0.0,0.0,0.0,0.0,0.0
0.3902139443505937,0.04335944583051708,-1.5156231156305076,0.3835449997159696,0.007388341080316996,0.006705934176213371,-0.27709352285828964,-0.08964743304470704,0.02489427544657277,-0.4820846501294448,-0.003126607074750588,-0.006548634257795848,-5.371520578729816,-0.0059881507623793144,0.0,-0.1301548812923039,0.18481206617910484,0.1447394509634652,-0.005162868416288233,0.012447632885934912,0.07493509279468645,0.0,0.0,-0.09617056950579161,0.0,0.0,0.0,0.0,0.0,0.0
0.3902139443505937,-0.4344168086424226,-1.3817791035496119,-0.1755438971061139,-0.0022082320462562107,-0.060438851278919486,0.5675213071639633,0.13605682465212646,0.011779857638898094,0.10057267987053581,0.003728676511070108,0.0010707381895572435,0.2557244880401037,-0.011915714898974682,0.0,0.011250957384312572,-0.06941861082546287,0.04989961564063466,-0.001150414965511703,0.017179666698368228,0.11382960205532122,0.0,0.0,0.04599131499936907,0.0,0.0,0.0,0.0,0.0,0.0
0.3902139443505937,0.5100946655657833,-1.7302864431614617,-0.23642423503230506,-0.0023340590242963426,-0.08275590626791778,0.5862376126735234,0.07809337115285261,0.00258420860679514,0.10591633803128588,0.005148006507455241,0.0015272884176073661,0.2572901461130532,-0.005853710728674033,0.0,0.004615899242148551,0.05988238837915958,0.009708423513412232,-0.0015926067415294386,0.005396177624827251,-0.0076055891177620235,0.0,0.0,0.065616689558173,0.0,0.0,0.0,0.0,0.0,0.0
0.3902139443505937,-0.4169260679708221,-1.4047002116583307,-0.23067979068544112,-0.0027808723704995284,-0.06947631200048372,0.5590575262710381,0.11331239511653543,0.007467540388888809,0.15320873569389323,0.0038923228343240397,0.0010810735625220557,0.2580983070912035,-0.007291066680323196,0.0,0.005686967303136346,0.1254811355218216,0.05311534864039733,-0.0013577352066696034,0.008018435775026164,0.1147761747340526,0.0,0.0,0.03086306941010578,0.0,0.0,0.0,0.0,0.0,0.0
0.3902139443505937,-1.9959859636418644,-2.0588991807492425,-0.025364216126174503,-0.04719835250816765,0.05603303274746025,0.8656007183169522,0.19446130312520252,0.017401560287725982,0.16090005726122075,0.0016373407532521366,0.0006906826178628653,0.24504320645398198,-0.01614083768333022,0.0,0.01734470899852464,-0.04577782318473447,0.06444360082602614,-0.0016927031884329366,0.02344894183548797,0.13548842691503335,0.0,0.0,0.17032888794295015,0.0,0.0,0.0,0.0,0.0,0.0
0.3902139443505937,-0.14121470566680416,-1.4350032757868232,0.28446724578803234,0.0007750244511829599,0.07839093928494291,1.2012638350427054,0.1787860523892747,-0.030417290040668465,0.16773823948690134,0.004880749899859665,0.001943873920606999,0.2665594727334041,-0.003353242289810299,0.0,0.021252604927595054,-0.24710221494885687,0.012175586162083316,-0.002702236079506057,0.008501780915423114,0.057366443423381874,0.0,0.0,0.010761979424730832,0.0,0.0,0.0,0.0,0.0,0.0
0.3902139443505937,-0.10107654428497116,-0.6767950882028196,0.02765030674916565,0.0013523991994361724,0.0358836116747397,-0.9644907705314061,-0.1792805265371018,-0.03048185244936745,-0.3947471023290821,0.0051654844405287425,-0.00016321336916928455,0.23313492399583613,-0.006683938813966233,0.0,0.016936865589224807,0.2420529916041336,-0.5409333681865743,-0.004654761178210846,0.013432119161713557,-0.37411999385422323,0.0,0.0,0.42730977682785026,0.0,0.0,0.0,0.0,0.0,0.0
0.3902139443505937,0.10756375433654429,-1.6155803508030633,0.13856336236873887,0.00573712229723691,0.017339355965413375,-0.38579174855018006,-0.1290204785806025,0.30258121672421184,0.028957073818232662,-0.2359306639867919,-0.06613479893759219,0.23872994169588005,-0.012027083204617449,0.0,-0.02010487670048086,0.0028077077038119926,0.05546554576524222,-0.00262988965299836,0.09175984002605281,0.2209596805999006,0.0,0.0,0.19649012323882012,0.0,0.0,0.0,0.0,0.0,0.0
0.3902139443505937,-0.2562791592376566,-1.8096438525890495,0.24278783318612926,-0.013173186457554996,0.014508106753227328,-0.38553233129209,0.14303960106154315,0.01083088567071379,0.14961941588916905,0.004316817100883019,0.0020132199791675427,0.25482093154920343,-0.007772006733127367,0.0,0.008420268743291943,0.07210059368650114,0.035891212643118786,-0.001313506461460028,0.003159808028026463,0.15220809279209319,0.0,0.0,0.04569535011740806,0.0,0.0,0.0,0.0,0.0,0.0
0.3902139443505937,2.8119805528014354,-0.5156019317817289,-0.23483657912883352,0.003129244225811531,0.041693114613307145,0.946955109437179,0.16964209260654362,-0.01354704554621282,0.14921869770794208,0.005695954818490621,0.0021206380032948537,0.30579195222281114,-0.005220064770543456,0.0,0.0036644149419343074,0.04960499383022239,0.0022393207690999356,-0.0016119457298087916,0.009745463077982477,0.02555323281648549,0.0,0.0,0.02429485027608639,0.0,0.0,0.0,0.0,0.0,0.0
0.3902139443505937,1.1064269504818236,4.763798172335486,-0.11049865044738365,0.014580383831733787,0.026997515231975418,2.2099403604348637,0.6271341261078576,-0.053916705157310854,0.11808899154348022,0.0013135573571552172,0.0006699189754680953,0.26319913025246916,-0.003849854253578839,0.0,0.01284740683883773,-0.058245679880806846,0.012199579966183469,-0.001749174563315603,0.01520234987599096,0.04929082564877143,0.0,0.0,0.010426176282359137,0.0,0.0,0.0,0.0,0.0,0.0
0.3902139443505937,-0.4331173066255431,-0.775254236514765,-0.26431107141629634,0.0058738750404726675,0.12350960491018932,-0.3902210778270503,-0.15345140832782506,0.07544825166117042,0.08060436781569905,-0.00217168411176334,-0.00015769522125843178,0.23679215752244756,-0.013305239154447368,0.0,0.0169875770837251,-0.321467309130049,0.02979667382963782,-0.0010919153410241299,-0.01690782107650882,-0.2651185290163481,0.0,0.0,0.5580932578774588,0.0,0.0,0.0,0.0,0.0,0.0
0.3902139443505937,0.5547666713525123,-2.0352752113718187,0.23752234978971773,-0.0001524371260730769,0.01768270999923634,0.7056160443328064,0.18421162474119773,0.009264467927375215,0.12000730157413243,0.006610813299487473,0.0023846980087435664,0.26860866749458134,-0.009086867872602903,0.0,0.0007662866356706293,0.09251040167743244,-0.00962201974758787,-0.001520846764493499,0.01800160301789564,0.04515792560986616,0.0,0.0,0.07780617092808545,0.0,0.0,0.0,0.0,0.0,0.0
0.3902139443505937,-0.6411669640436229,1.373683365062005,-0.45641947670309796,0.013912011424271056,-0.08941571255419681,-3.2170212907342797,-0.7491790520006997,-0.21513393728831703,0.07837291383484168,0.0006316698039205415,0.00014906722037928143,0.19870970250326947,-0.00912464039502765,0.0,0.013092778216835733,-0.19452772848861713,0.03957587933003961,-0.0009036724798293234,0.022078558680464967,0.040322187979679,0.0,0.0,-0.07807801075212001,0.0,0.0,0.0,0.0,0.0,0.0
0.3902139443505937,0.5100946655657833,-1.7302864431614617,-0.23642423503230506,-0.0023340590242963426,-0.08275590626791778,0.5862376126735234,0.07809337115285261,0.00258420860679514,0.10591633803128588,0.005148006507455241,0.0015272884176073661,0.2572901461130532,-0.005853710728674033,0.0,0.004615899242148551,0.05988238837915958,0.009708423513412232,-0.0015926067415294386,0.005396177624827251,-0.0076055891177620235,0.0,0.0,0.065616689558173,0.0,0.0,0.0,0.0,0.0,0.0
0.3902139443505937,0.6124811007309022,-1.8024480769470694,0.19000104666869388,-0.0007225752020113129,0.014311971238409106,0.8089919322156017,0.19291223148138822,0.005742740919725946,0.11723108968055906,0.005124188987984335,0.0016358317764392741,0.27164704316668314,-0.006297719292632811,0.0,-0.004005738026200033,0.07590259522622497,-0.010545107530114598,-0.0015191162541973412,0.005028090414623124,0.05540074114621421,0.0,0.0,0.06632336383404297,0.0,0.0,0.0,0.0,0.0,0.0
0.3902139443505937,0.9239881256184163,3.5666644576022732,1.170898376615774,0.05893402711665599,-0.014158343583278226,-1.166473544431343,-0.6046099450018687,-0.15764463782898727,0.08702698754329065,0.0013235127374847727,0.0006271988317843925,0.24238827699176985,-0.0052664521002398655,0.0,0.009561251713032785,-0.20436101953990873,0.01048702825894896,-0.00110492180257152,0.01643423983232123,0.04646116499821914,0.0,0.0,0.17927484202497235,0.0,0.0,0.0,0.0,0.0,0.0
0.3902139443505937,-0.1556974923869239,5.649714505628046,-0.019439459474483164,0.007004046265123929,-0.06977275561182054,2.1386369519734214,0.5344819397906744,-0.03924636617443713,0.16742655004487444,0.0018701020863759526,0.0007418734340625643,0.2519943914581616,-0.005868091829793537,0.0,0.017362639799507733,0.31406530515100095,0.06899934212402814,-0.0020027257803223253,0.0250384691043544,0.10475931009735177,0.0,0.0,0.042054969392752765,0.0,0.0,0.0,0.0,0.0,0.0
0.3902139443505937,-0.9058459597798915,-1.3743093315240096,-0.11053147321687273,0.0007182974271460934,-0.023152150965753238,-0.5004552370582558,-0.16231676330550576,-0.04671065968631676,-0.3314190884138532,-0.0005693169105270938,0.0009872417497374887,0.23923536594267744,-0.009904702576155871,0.0,0.03358824193983853,0.11229178559280825,0.1258598599201811,-0.004156167411851643,-0.07937919684827137,0.12452585106488892,0.0,0.0,0.02180300545003402,0.0,0.0,0.0,0.0,0.0,0.0
0.3902139443505937,1.5853048558165024,3.8865346486804677,0.661222631995661,0.017907806037520246,0.041656586882151216,2.3511060320194956,0.4338687612596738,-0.05211609959107134,0.12095452037947435,0.001105179131256817,0.0006893846960197452,0.2709951594648074,-0.002859575986957527,0.0,0.01429933239218695,-0.006052822662043089,0.024029303243263942,-0.0017360873572727763,0.02238271040065947,0.059854327838439664,0.0,0.0,0.01355789280881865,0.0,0.0,0.0,0.0,0.0,0.0
0.3902139443505937,-0.5434273072464544,-1.3779915692546914,-0.4306132295835939,-0.0032980877679843323,-0.17979943615098265,0.774699754696574,0.07271704454238569,-0.0146367380290228,0.12493295426161291,0.001388149229195308,0.0005107064969270907,0.24253184455236018,-0.0071524474247217345,0.0,-0.41328927711058694,-0.3040883780351704,0.07578361129650102,-0.001718155152035627,0.018344456141368086,0.08414557853081461,0.0,0.0,-0.050705865669461475,0.0,0.0,0.0,0.0,0.0,0.0
0.3902139443505937,0.20350785031948807,3.529169527826009,0.1412594378222244,0.03766361497994444,-0.03803006626385816,-0.12588458223734245,-0.28673213910504797,1.0392720828985387,0.21678323977141703,0.0009176243215353907,0.0006909631127195863,0.24818060713283208,-0.00941674428622132,0.0,0.00853622042588517,0.779578077523139,-0.20753395625464532,-0.001090656913782313,0.0468746409092089,-0.06693794700688963,0.0,0.0,0.5758224359254134,0.0,0.0,0.0,0.0,0.0,0.0
0.3902139443505937,-0.1891307814363201,-1.5324570007272273,0.37427836318715485,0.005177630452946607,-0.004340570510056519,-0.7164857375157282,-0.11126527212284566,0.2666521170326165,-0.29701271703652576,0.0008862578629036831,-0.0001771570308994912,0.25059910419271836,-0.014028219336332337,0.0,0.016944864809829253,0.2428821169191991,-0.2252585542497555,-0.00463539361884848,-0.0036023919868743873,0.04543379002741338,0.0,0.0,0.4222652935484076,0.0,0.0,0.0,0.0,0.0,0.0
0.3902139443505937,-0.20660301667510103,-1.2233829517780208,0.1480877754663042,0.005379650753068414,-0.01573661948648447,-0.21482867704193753,-0.13874276522012555,-0.019578336390473298,-0.5571374566532924,0.0034600188736297207,0.0015936960518635852,0.2646108731661159,1.393426994538729,0.0,0.005910626517161997,-0.20652418015679466,-0.32548846563957184,-0.003775606407761354,-0.05809134233418135,-0.3746424546023342,0.0,0.0,-0.2959393831958562,0.0,0.0,0.0,0.0,0.0,0.0
0.3902139443505937,-0.32824488737901236,-1.7825629453519256,0.12917755323997485,-0.007887856211030816,-0.021191723186093626,-0.08092438284770301,0.09375158920423646,0.013161933539626696,0.11532669735677928,0.004369844932206242,0.0020282699027903183,0.2540808335602517,-0.011542114730542214,0.0,0.011328463014086262,0.02550229027973378,0.02754657685293176,-0.0011003292058201896,0.007459515650656733,0.15065391230639671,0.0,0.0,0.03417003136178924,0.0,0.0,0.0,0.0,0.0,0.0
0.3902139443505937,-1.2909487096490269,-1.1751549113831237,0.21659918600679187,0.006890012966088589,-0.007514906259352738,-0.8870965316478937,-0.17475882173901064,-0.0047885660608946575,-0.05390884943202736,0.0024361978544863755,-6.182667528985649e-05,0.20468430356992764,-0.0156293904308795,0.0,0.009964996303133836,-0.018839143987685943,-0.006322109667531266,-0.0011546062560775843,-0.053722496918458554,-0.5766597366451687,0.0,0.0,0.19944824213983287,0.0,0.0,0.0,0.0,0.0,0.0
0.3902139443505937,-0.1013167309095354,-0.822435199699513,-0.2166543225148294,-0.00012125944159362396,-0.020776966520295672,-0.47543915019473537,-0.1463600217310467,-0.02322104849982055,-0.5867522734949381,0.00556474901993388,0.002122561059863834,0.2501403371703908,-0.008369453130016101,0.0,0.016528351759566535,0.19234467862760354,0.019997039841898386,-0.004409849617578729,0.0057946677684201225,0.3458293094041531,0.0,0.0,0.005923449519322669,0.0,0.0,0.0,0.0,0.0,0.0
0.3902139443505937,0.7839940073916523,2.77538759996408,0.8659783588608498,0.01903192203973985,-0.01938146274418534,-1.4653424135867825,-0.6248880678781239,-0.17941185627760448,0.07844885664355442,0.0012475986994502715,0.0006174622894369444,0.24195860053270749,-0.00594736211365273,0.0,0.006701705704410698,-0.12377341931032802,0.028866059941618834,-0.00110492180257152,0.013118310848359816,0.04335609203728882,0.0,0.0,0.1717275154720902,0.0,0.0,0.0,0.0,0.0,0.0
0.3902139443505937,0.6471492043162249,-1.2908439594511336,0.6033382964459728,0.0067107616231581995,0.005543880146460801,-0.2011796871502699,-0.13097782280607687,-0.033719180649030275,-0.4458350580529224,0.004558806186614971,0.001743546496436843,0.2813696875826652,-0.007292710788010939,0.0,0.008060320755443768,0.15430470607456134,-0.25637761114036667,-0.004876147565782503,-0.05371652356578085,0.10626539684933586,0.0,0.0,0.39400522382911496,0.0,0.0,0.0,0.0,0.0,0.0
0.3902139443505937,1.1046156182112308,1.929381611211776,0.5205021871737617,0.0031665326610399456,-0.003859681647345821,-2.962262765609104,-0.6872751683845741,-0.2093954176535802,0.06697797828270254,0.001474563609155081,0.0005482264171297963,0.2216428445102707,-0.006432283561009076,0.0,0.005804462251576192,-0.04406108169955609,-0.017007883074462035,-0.0010942809830373939,0.004856558821896486,0.014951070154737234,0.0,0.0,-0.051444435796529873,0.0,0.0,0.0,0.0,0.0,0.0
0.3902139443505937,0.054470278937741666,-0.6578405472520038,0.23620551796757963,0.021088476271391408,0.03500271655243283,-0.21205801175858283,-0.1534107829486507,0.015819268316688898,-0.5081002140371075,0.0020387173706922193,0.0005497039776806084,0.26457253719442664,-0.015898111149539807,0.0,0.01753043815267695,0.20548550364888826,-0.02977848477424621,-0.004166913451535709,0.00796579373200881,0.37563515073914583,0.0,0.0,0.09680564040093226,0.0,0.0,0.0,0.0,0.0,0.0
0.3902139443505937,-0.6608602003433947,-1.2878870842465229,-0.4597314252070524,-0.004224164913400883,0.018707956991683712,0.5015736090173881,0.09812074633100956,0.0034696845401493114,0.16526762918634577,0.005041951506825763,0.0018474356770477858,0.2526308806234017,-0.010216367283362447,0.0,0.008536597001147854,0.2675702342851042,0.03934717997494889,-0.001405506433574094,0.01961675294570064,0.10771120792813013,0.0,0.0,0.04157996611345999,0.0,0.0,0.0,0.0,0.0,0.0
0.3902139443505937,0.8547774560728549,-1.3374303512325083,-0.17760569140027846,0.0061572219178669535,0.032100284950365404,-0.18783829973520952,-0.07727800815970584,0.24917622071192985,0.03416169426561168,-0.0049407332287712945,-0.0020754687758220676,0.24636006142365235,-0.010414347716486944,0.0,0.015958868597537958,0.04300904706299753,-0.006747445161546955,-0.0027460486634374157,-0.30987381934999314,0.3929301425699331,0.0,0.0,0.4877188508253569,0.0,0.0,0.0,0.0,0.0,0.0
0.3902139443505937,-0.4169260679708221,-1.4047002116583307,-0.23067979068544112,-0.0027808723704995284,-0.06947631200048372,0.5590575262710381,0.11331239511653543,0.007467540388888809,0.15320873569389323,0.0038923228343240397,0.0010810735625220557,0.2580983070912035,-0.007291066680323196,0.0,0.005686967303136346,0.1254811355218216,0.05311534864039733,-0.0013577352066696034,0.008018435775026164,0.1147761747340526,0.0,0.0,0.03086306941010578,0.0,0.0,0.0,0.0,0.0,0.0
0.3902139443505937,-0.4008983029477332,-0.7181555447062611,0.14583129320797464,0.003954849668166017,-0.00407195234973785,-0.18460057578516104,-0.11455544863484741,0.099060980600546,-0.15078593651105096,-0.004773062091826901,-0.0011762496204184942,-5.64990196168035,-0.009100445232485476,0.0,0.003522568091808251,-0.06195625888617795,-0.007806697867404501,-0.004580299127868349,0.06049174544242965,-0.11172331195415836,0.0,0.0,-0.22542166373125327,0.0,0.0,0.0,0.0,0.0,0.0
0.3902139443505937,-0.6401661153374992,-0.5176800092429353,-0.16600383780919264,0.0056766538659156745,-0.006033488880324772,-0.9020375417139769,-0.2022804055968675,0.2783264803553358,-0.31316584158250843,0.004022180271993657,-4.8590508055125104e-05,0.22083333833018753,-0.011357419732524507,0.0,0.008507819901740026,0.3150565160442581,-0.05789635250779193,-0.004823916318334106,0.08395732220258789,-0.18777860215062162,0.0,0.0,-0.1420295731649194,0.0,0.0,0.0,0.0,0.0,0.0
0.3902139443505937,2.969174353051883,0.25571557621531754,-0.027156603598601822,0.004607293527478879,0.05248685797278089,1.1466435887424324,0.22545259787322994,-0.01152272823734979,0.11908490031952115,0.005799662642115329,0.0022438530929214545,0.29319028368230643,-0.005654034272647037,0.0,0.010200905039864776,0.04973065325951354,0.016088115909067276,-0.001891370940506814,0.01639879897547527,0.05747500794485499,0.0,0.0,0.05033210414180924,0.0,0.0,0.0,0.0,0.0,0.0
0.3902139443505937,-0.10813583109573256,5.305693738147179,0.1764844030624282,0.015168030336960854,0.0417572926348092,1.2863364118731218,0.5061038879940836,-0.03900491006942962,0.12101829748833266,0.0012977951550883526,0.0005019583492927928,0.24943509204876615,-0.006976680978213306,0.0,0.020330611242077,0.04165150727350165,0.0453798747282936,-0.002177636261940037,0.025228516605714055,0.07666806769713358,0.0,0.0,0.025153384793691436,0.0,0.0,0.0,0.0,0.0,0.0
0.3902139443505937,-0.06919271510670393,-1.9916623580432284,-0.39007015682366064,0.004973105021704826,-0.008925136669486664,0.5586850595216389,0.1023173989284453,-0.009237853932720965,0.10728876329200417,0.006847546054495634,0.0022545284873421857,0.25699665218277384,-0.010330731677546758,0.0,0.0072593807155026885,0.07612743904897565,0.023796257770111816,-0.0014399934278361973,0.017236975592778266,0.03497566674834867,0.0,0.0,0.06293978927472767,0.0,0.0,0.0,0.0,0.0,0.0
0.3902139443505937,-0.7286662819238106,-0.7866440930831226,-0.1147595206403982,0.00710578070696177,-0.02657726286670862,-0.3089908182123962,-0.18544208611712448,0.08460537951992933,0.03377102914262199,-0.005254486848298215,-0.0011959462022376386,0.2247360308432734,-0.017352455987014508,0.0,0.013689579861875169,-0.06266767434912589,0.33842210682004803,-0.0011066502266088721,-0.13477773764044484,0.511167198812887,0.0,0.0,0.31422493929119194,0.0,0.0,0.0,0.0,0.0,0.0
0.3902139443505937,-0.32591778929980963,-0.7445118447491141,0.2528126768628759,0.007417387435833099,0.09336127968143519,-0.5919571853590705,-0.1340956118634661,0.3577736822227881,-0.17807267633078266,0.00637239270029432,0.0007339501661348849,0.2533785487761378,-0.01006996219813073,0.0,0.006247790503318174,0.10547611579184242,-0.06139700988538507,-0.004955700559227651,0.09918088435612975,0.6329590747138717,0.0,0.0,0.38122643573199827,0.0,0.0,0.0,0.0,0.0,0.0
0.3902139443505937,-0.7940469227632525,-2.8808994986889473,-0.17842595585883775,-0.0035129837804755977,-0.010461545829894017,0.3324473865874406,0.07266742264198357,0.00579272881412812,-0.061676440751688676,-0.0022119892852955547,-0.00034506803249797336,0.20026253287298149,-0.023059956315988728,0.0,-0.000659776831966736,0.06859296562005422,-0.04978131581798113,-0.0013848755913547619,0.0072078882906602085,-0.16965516799313915,0.0,0.0,-1.3074571266865123,0.0,0.0,0.0,0.0,0.0,0.0
0.3902139443505937,-0.5824458274510308,-1.2890463510721792,-0.3055225112153929,0.003052370902490402,-0.04099748552257906,-0.5017376872646971,-0.16648353941308014,0.06191756336182087,-0.016166820363878023,-0.002606317056456387,-0.0014241503090392977,0.21525005976583242,-0.012315507523131333,0.0,0.00419885122287446,-0.18782577224405322,-0.21557917456087064,-0.0011969998846572147,-0.014523690418447775,-1.5330957060199129,0.0,0.0,0.18095873675891672,0.0,0.0,0.0,0.0,0.0,0.0
0.3902139443505937,-0.07750179156922363,-0.5840271430749779,0.012895287170140176,0.0032820562000858535,-0.000434974332907562,-0.3449522306089337,-0.17476743271250522,0.011491232132652034,-0.023688783398052974,0.00582445574137389,0.0011120789389257066,0.23530832302670515,-0.01999819879654899,0.0,0.011364572821997468,-0.07959579955006721,0.046486459232795097,-0.0011453668365247382,0.03473891315479567,0.056939576224630965,0.0,0.0,0.5759844704563593,0.0,0.0,0.0,0.0,0.0,0.0
0.3902139443505937,-0.5705393805296964,-1.2548060850258032,-0.2679132804996033,0.005415515776060611,-0.0980857667862263,-0.21072870155630782,-0.16272272398531026,-0.05020321019784955,-0.02227826258283385,0.006039549943521214,0.00128304773403662,0.23052126285928817,-0.014533297117483163,0.0,0.007398948831426106,-0.08633885222600812,-0.08923217162460347,-0.0012565868039942742,0.014739163265107883,0.1264064711170985,0.0,0.0,1.4050616474094504,0.0,0.0,0.0,0.0,0.0,0.0
0.3902139443505937,2.301528470205103,0.7938848753215366,0.5370551057385695,0.00824127529057495,0.07085467124437875,2.2718096314814242,0.2490027183858845,-0.0817558543204574,0.12361483018973339,0.0025416747953297845,0.0013154620635051685,0.30923750901453806,-0.006194279499424171,0.0,0.01057598712120057,-0.08135532279317585,-0.026155054402305953,-0.0023169791610193197,0.019626625250729498,0.05961508635678483,0.0,0.0,-0.019493189534458645,0.0,0.0,0.0,0.0,0.0,0.0
0.3902139443505937,2.380859794489239,1.0280343894424637,0.557356668526247,0.007164434554472293,0.06274592803945625,1.9994810910540424,0.2462001053824786,-0.08288108724193055,0.13937822837457847,0.00036908674037681446,0.0010637682907596601,0.3091868147233884,-0.0034906314253227173,0.0,0.014865248788366215,0.025415018278966566,-0.013826924688321016,-0.0018265116797010733,0.025790206081072548,0.07702023501365142,0.0,0.0,-0.021762226339046283,0.0,0.0,0.0,0.0,0.0,0.0
0.3902139443505937,-0.12773832639512978,-0.44218892056695674,0.16346210968871844,0.000767660591769978,0.01660089962352948,-0.2194347803285696,-0.1455383786387348,0.05788380761429507,-0.23362223028673038,-0.001948869921144961,-0.00026722465896380105,-5.4413163478226405,-0.013077028667240745,0.0,-0.03262671359087733,-0.012192163315561671,0.11360299484141344,-0.004384418262096196,-0.037082231460900075,0.08565605851789992,0.0,0.0,0.06977754806869721,0.0,0.0,0.0,0.0,0.0,0.0
0.3902139443505937,1.0029589067658293,-2.274382626271143,-0.4231421381909325,-0.01485340816267282,-0.13597843726315448,-0.12166964729643226,0.14087256225010894,-0.004104393792501546,0.09319001818706213,0.00509668893021826,0.0018120462439887928,0.2497545400320817,-0.0051464532282638215,0.0,0.009131879673376931,-0.05115914429988012,-0.0014190813594586725,-0.001564612085794568,0.01325914378031137,0.062142619974906735,0.0,0.0,0.011929941955510786,0.0,0.0,0.0,0.0,0.0,0.0
0.3902139443505937,-0.25391663394119457,-1.801013283277646,0.15127778352147989,0.0018237505599000873,0.019955121945207276,0.4984420343164781,0.09864938905205323,0.015160181841822506,0.14135615989451222,0.0044141287699526926,0.0018132764540846604,0.27694633191403556,0.9716964454643643,0.0,0.006096126780961018,-0.07060068094439388,-0.009735857585345288,-0.001096007285296745,0.0085422387208377,0.14331422215212622,0.0,0.0,-0.06815867892571036,0.0,0.0,0.0,0.0,0.0,0.0
0.3902139443505937,0.4491025100291523,0.7681547521286308,-0.8142545497615687,0.004389081802819357,-0.08339314871655253,-3.168483368228437,-0.6645511211350889,-0.21415186890879342,0.07974324119914275,0.0006330765344909482,0.00022702637144191487,0.20527110644073582,-0.008567608275197572,0.0,0.01314392414819111,-0.036320597729278946,0.032988859351597115,-0.0009036724798293234,0.022185200015965738,0.07823631486375449,0.0,0.0,-0.025110227009165282,0.0,0.0,0.0,0.0,0.0,0.0
0.3902139443505937,0.02766843462649357,-2.0177738741377245,0.12569778735606343,0.0018115625409976133,-0.004380719321053282,-0.5474836678266193,-0.24302402113157054,0.012335023772642792,-0.0786605313020939,0.0032680163832643342,0.0019559404078831476,0.23842597941408872,-0.011875462920666791,0.0,-0.002462276292004293,0.14470115577822784,-0.3695816707506741,-0.00264306743473493,0.05039815897197924,-0.04480396129535218,0.0,0.0,0.07766086860964623,0.0,0.0,0.0,0.0,0.0,0.0
0.3902139443505937,-0.20203451214970194,-1.9312528287957118,0.010054270845850453,-0.0016864233516095302,-0.045756764962597736,-0.7301910434015482,-0.06198983753523888,-0.1289132856879832,-0.9849588895490793,0.0011932178976522701,-0.00012415570667633922,-0.8571402637253975,-0.01223421327099348,0.0,0.13613110987784424,0.1339559574135737,-0.2467657946319889,-0.024998748406526414,-0.2244783254546087,0.029086847140342566,0.0,0.0,-1.1349942525268217,0.0,0.0,0.0,0.0,0.0,0.0
0.3902139443505937,0.6756678115266651,3.429105056311467,0.2835144545590174,0.025872825108481472,0.02438676115672,2.194147570423123,0.2587118975389078,-0.06011189051501968,0.1292676093933876,0.0008914727452467118,0.0009947434461407875,0.2586053823800296,-0.002029135798025047,0.0,0.017315402697025178,-0.059109798355133684,0.0011884114532335049,-0.0018395430387579002,0.02750054252723268,0.040511602565089816,0.0,0.0,0.038820628982960806,0.0,0.0,0.0,0.0,0.0,0.0
0.3902139443505937,-0.29633417190178996,-1.7859743684191303,0.2839217509997814,-0.0001785036788829071,0.02694831280068275,0.5888108477082388,0.14305997644757526,0.012589220381111006,0.20940804289610354,0.004978988197333104,0.001979477921719978,0.2735449872935834,-0.01393587863126569,0.0,0.004257193545772598,0.29680016661620373,0.042261167190333584,-0.001313506461460028,-0.0006016436156047476,0.16422457714432548,0.0,0.0,0.05136041939014684,0.0,0.0,0.0,0.0,0.0,0.0
0.3902139443505937,-0.1282570250518156,3.0200154851382197,0.36777501517333694,0.03312499380873031,-0.006705604524612814,-0.8668705367048904,-0.5751049692671283,-0.16833168813227553,0.12433279702428197,-0.0004739414653337188,0.00047372718175835713,0.2388199555925469,-0.006788154787424921,0.0,0.013342832346563843,-0.1852412387027504,0.07161779589449982,-0.000887107317383359,0.015688551053494437,0.1440782096844026,0.0,0.0,0.25653021618789806,0.0,0.0,0.0,0.0,0.0,0.0
0.3902139443505937,-0.30366432039069285,-1.3033153489151097,0.09289769366025037,0.004053867024714887,-0.006592320784440485,-0.677665125179274,-0.18721041111005424,-0.11370370547914509,-0.3615893176363677,0.00687926197169202,0.002028219302212671,0.2432370944348082,-0.010141450043760512,0.0,0.02881787491915585,0.06302580997015549,-0.228871795033307,-0.004249071191187659,-0.17664080578068458,0.16614132597831358,0.0,0.0,-0.29279490300655536,0.0,0.0,0.0,0.0,0.0,0.0
0.3902139443505937,-0.32055706361270475,4.0608027473269726,0.09148410248791264,0.022620609985337357,0.035675168307373974,1.1378219860144145,0.39205222208860147,-0.04307440774559078,0.12395042576465978,0.0006350241704240537,0.0005507460430386093,0.2510338782478404,-0.006299076714663625,0.0,0.01842388044672445,0.026379285817157094,0.039359394364480924,-0.002099079507182031,0.0285985284798939,0.10724961138544602,0.0,0.0,0.047453954867199506,0.0,0.0,0.0,0.0,0.0,0.0
0.3902139443505937,-0.40624492676573865,-1.433070305679941,-0.15260140011765655,-0.005953816509717818,-0.012358725528914068,0.3143570048019585,0.13604928596398197,0.01207790614075368,0.09575893726294578,0.0035597245464424666,0.0011031793589804516,0.25067363955402305,-0.00923076156589497,0.0,0.010284394198922433,-0.15561201055812107,0.047934104862250006,-0.001150414965511703,0.015570518783922651,0.11406258650483404,0.0,0.0,0.04342768421480907,0.0,0.0,0.0,0.0,0.0,0.0
0.3902139443505937,0.27794797538082044,2.7142361167805884,-0.39924198546403294,0.009111413953542218,0.28949922528747857,-1.1705468140403272,-0.5312068893103108,-0.13366202041023872,0.09291665508660403,0.0009663453721415615,0.00015385690403949044,0.22382438158442197,-0.009430359555781651,0.0,0.013055993745562147,-0.12940893160928668,0.055212958580191776,-0.0008973624932492876,0.025674426908512776,0.13864296212683422,0.0,0.0,0.2699851482228831,0.0,0.0,0.0,0.0,0.0,0.0
0.3902139443505937,-1.3052685861784041,-0.07439378663595077,-0.3927900506755212,-0.02484705877537851,-0.8267203884347913,-0.9521604293334984,0.09487361532564968,-0.1739388708122126,0.05960245370834431,0.000800868702661303,0.0005440283536891833,0.2026802526504549,-0.007906356683097351,0.0,0.010240626721091984,-0.046371337775886694,0.02987115823818187,-0.0027957800615969054,0.029159138774342445,0.06550593179423023,0.0,0.0,0.042628090699520366,0.0,0.0,0.0,0.0,0.0,0.0
0.3902139443505937,-0.47477442459524793,4.515106405946038,-0.13645115006136024,0.020280798524547304,0.0823549077420562,2.2593080090060793,0.43619765550139,-0.03462228513334986,0.10091611631672771,0.0014098901793486616,0.0005668190171702909,0.24110817746438654,-0.007420706150765017,0.0,0.019517902096468535,-0.04368187577866758,0.03775351294207318,-0.0017802498797952976,0.02892897719732784,0.11062253122342465,0.0,0.0,0.06569741322192103,0.0,0.0,0.0,0.0,0.0,0.0
0.3902139443505937,0.0783540252187706,1.926744017264636,0.10984720252242225,-0.0012595173257666297,-0.01223679814778633,0.11567139806019383,0.17597231030663435,-0.1362195855665786,-1.6278695684554805,-0.0043645672435319105,-0.001121769584808951,-6.627345908497683,-0.005419217683467813,0.0,-0.31433586134297753,0.30551614296453267,-0.03982728119246397,-0.013966173071340298,0.019762186542464748,-0.030293736654232375,0.0,0.0,1.2570589370317702,0.0,0.0,0.0,0.0,0.0,0.0
0.3902139443505937,-0.2746533246834169,-1.5352680432777055,0.19743037259122193,0.06372739226975604,0.02808549550897108,0.6036246595881597,0.13031893945849535,0.007827913663359179,0.2026225513336656,0.004499252724462696,0.001758090405867228,0.2703376736866494,-0.006525448505404828,0.0,0.007918205335853041,0.2712484762938845,0.03366192941718057,-0.0013144754442359907,0.00873585756254526,0.16391969083689223,0.0,0.0,0.06716526689594812,0.0,0.0,0.0,0.0,0.0,0.0
0.3902139443505937,-0.4344168086424226,-1.3817791035496119,-0.1755438971061139,-0.0022082320462562107,-0.060438851278919486,0.5675213071639633,0.13605682465212646,0.011779857638898094,0.10057267987053581,0.003728676511070108,0.0010707381895572435,0.2557244880401037,-0.011915714898974682,0.0,0.011250957384312572,-0.06941861082546287,0.04989961564063466,-0.001150414965511703,0.017179666698368228,0.11382960205532122,0.0,0.0,0.04599131499936907,0.0,0.0,0.0,0.0,0.0,0.0
0.3902139443505937,0.7548792074034121,-1.0022929059705847,0.17127764897634287,0.0029756824448924227,0.03432177073897646,-0.4065143017545903,-0.13685589617118546,-0.01118478690386204,0.0046719453498200265,0.004491722266046411,0.0015031948502639814,0.23877398062493985,-0.007220778653537028,0.0,0.0004431761324838095,0.04270616784305912,0.11330733824326528,-0.0024141247317770284,0.058430134407267555,0.07348814308613871,0.0,0.0,0.22150909982714606,0.0,0.0,0.0,0.0,0.0,0.0
0.3902139443505937,0.0863625577595957,-1.6112043591460659,0.5452385103763359,0.012484688949498644,0.010847131897996375,-0.4244590270568863,-0.13404910947970616,0.05497157471372261,0.10308145313799914,-0.00010174454722681277,0.0013401866125944298,0.25169955993873633,-0.008557002108321795,0.0,0.015592449472027264,-0.25512624170631315,0.20223736268216436,-0.0018115535918899897,0.013543630052927186,-0.312080307027568,0.0,0.0,0.5782562978599124,0.0,0.0,0.0,0.0,0.0,0.0
0.3902139443505937,-0.16540528345814123,0.4233698971171015,-0.19774785146270274,0.013482012025309067,-0.01512929568902494,-4.019212178813484,-1.1040535988190574,-0.2871559341593954,0.07704528327267515,0.0012346243437955208,0.0005081841825245884,0.20618514310575053,-0.005000878267106282,0.0,0.009152741553296793,-0.1273822174903716,-0.01948433625393238,-0.0011137908642176275,0.013263930753246804,0.008404479022829283,0.0,0.0,-0.08059455180428482,0.0,0.0,0.0,0.0,0.0,0.0
0.3902139443505937,-0.8706513737767521,4.533098578430372,0.07978798863748364,0.01663537855709907,-0.002839674551293448,2.1965074074798876,0.5690323988320596,-0.03570411167498416,0.12848408024948205,0.0010700757672109157,0.0005738047434720576,0.25446534462750486,-0.005839533503546366,0.0,0.01749048118314782,0.014814674970796195,0.040417563275793884,-0.0015885777254888672,0.02617468122260479,0.09900315811096441,0.0,0.0,0.05360898731446918,0.0,0.0,0.0,0.0,0.0,0.0
0.3902139443505937,-0.40624492676573865,-1.433070305679941,-0.15260140011765655,-0.005953816509717818,-0.012358725528914068,0.3143570048019585,0.13604928596398197,0.01207790614075368,0.09575893726294578,0.0035597245464424666,0.0011031793589804516,0.25067363955402305,-0.00923076156589497,0.0,0.010284394198922433,-0.15561201055812107,0.047934104862250006,-0.001150414965511703,0.015570518783922651,0.11406258650483404,0.0,0.0,0.04342768421480907,0.0,0.0,0.0,0.0,0.0,0.0
0.3902139443505937,0.3222461267962489,3.561384300728658,0.105951441582904,-0.00944103065064723,0.0030112806084703105,1.062518891247276,0.4612909214088597,-0.0641865785391629,0.10279098891828037,0.0008284256145141264,0.0009163986898787698,0.25358793399253315,-0.004642125315543624,0.0,0.010692684307879462,0.24281052493401514,0.040428915820732624,-0.001248795907931444,0.012605243682920453,0.09010364803220786,0.0,0.0,0.03522919792979014,0.0,0.0,0.0,0.0,0.0,0.0
0.3902139443505937,-0.7254945772254977,-1.628390625572907,-0.12025086460176362,-0.008907056866856304,0.020955527390290756,1.3189864953442438,0.1992905960587184,0.00659088644066021,0.1664086987243656,0.002582835787198297,0.0009153925880728503,0.2596832344289137,-0.007858407976725261,0.0,0.014671174854265973,0.03896801661137373,0.044731989368427726,-0.0016430744370302141,0.023837038905530013,0.14998213947660935,0.0,0.0,0.09759057969427831,0.0,0.0,0.0,0.0,0.0,0.0
0.3902139443505937,-0.2301661692432829,-0.8744146546287168,-0.08553799330654274,-0.0025531761080900468,0.029367634110082915,0.22525132443991425,0.059498908628806475,-0.020703889460942784,-0.8969052316145953,0.0031649670874738163,0.001085669456384562,-5.411197774231328,-0.003438258755040185,0.0,-0.0076681055956701475,0.05029748234138081,0.04977605868358986,-0.013901468142754973,0.018137933575035802,0.06295364477436682,0.0,0.0,-0.12881729964994965,0.0,0.0,0.0,0.0,0.0,0.0
0.3902139443505937,-0.29383240640134684,3.661194205268541,0.08499488988588391,0.014112943977890589,0.013290426625391469,1.6236817941177906,0.5265184363267117,-0.03525422972566493,0.11662281290346933,0.0013441907994771775,0.0006745760902952782,0.2575748491933647,-0.005889932532960239,0.0,0.012971804933990817,-0.08908836266874964,0.03808815604078023,-0.0012346652227878986,0.017930239237757883,0.10568341104652479,0.0,0.0,0.03142083549716349,0.0,0.0,0.0,0.0,0.0,0.0
0.3902139443505937,0.46021571446203313,-1.9334487512751009,0.44287790963873247,0.009454157880693823,0.014955421602186719,0.9615535363856368,0.22050233730074298,0.004139541592048893,0.13929539023715784,0.0043948185755749575,0.0020520321047469946,0.2681497883192817,-0.005895773325144243,0.0,0.002477132862098734,0.019886488725161296,-0.02172810499477768,-0.0015293727802595243,0.020899839209595376,0.06640267841779968,0.0,0.0,0.0868685352950366,0.0,0.0,0.0,0.0,0.0,0.0
0.3902139443505937,-0.28570456795650656,-1.423488439087285,0.0022094807797804774,0.005655359333156398,-0.032598626030077606,-0.11748619173289217,-0.11675049567543705,0.08597417880514256,-0.33290623985035667,0.0058799510440180275,0.002101130604066898,0.2581773806699541,-0.013760737682425703,0.0,0.015411018977413664,0.38588055020617945,-0.057655924257925345,-0.004169151332291702,0.09352197867522162,0.10773931262762895,0.0,0.0,0.1198174709793398,0.0,0.0,0.0,0.0,0.0,0.0
0.3902139443505937,-0.09989848972326927,-1.7820398740687822,0.6335038702218065,0.15075199607625242,-0.002388442125912553,0.2846762246887916,0.14543826237379676,0.009928178431668877,0.16360076431866233,0.002308329531497859,0.0008838375886855682,0.2682346528818595,-0.014504862471931668,0.0,0.009905027334168572,-0.04030362838595834,0.08879895849338848,-0.0013655397620917125,0.04290613425770977,0.13302375280271303,0.0,0.0,0.05341985067493802,0.0,0.0,0.0,0.0,0.0,0.0
0.3902139443505937,0.21517453898339436,0.37164057568917597,-0.21279191225452057,0.00281931575081694,-0.011080618070630686,-3.8901513429561407,-0.6685469477872173,-0.31860164528436785,0.05981618728134776,0.000770015000888275,0.0005453870878563817,0.2034590065513547,-0.005315044207918129,0.0,0.009242532409263881,-0.23269680694746828,-0.06694547386821646,-0.001034176856114085,0.013118213247585088,-0.0009348096672740012,0.0,0.0,-0.16025127635263467,0.0,0.0,0.0,0.0,0.0,0.0
0.3902139443505937,-0.4344168086424226,-1.3817791035496119,-0.1755438971061139,-0.0022082320462562107,-0.060438851278919486,0.5675213071639633,0.13605682465212646,0.011779857638898094,0.10057267987053581,0.003728676511070108,0.0010707381895572435,0.2557244880401037,-0.011915714898974682,0.0,0.011250957384312572,-0.06941861082546287,0.04989961564063466,-0.001150414965511703,0.017179666698368228,0.11382960205532122,0.0,0.0,0.04599131499936907,0.0,0.0,0.0,0.0,0.0,0.0
0.3902139443505937,-0.22812164436462018,-1.8372461131978526,-0.07194801930438083,-0.0007393963895696848,-0.061302180512459364,-0.44687104556486495,-0.0910519946340596,0.14224972997726132,-0.8942796580649057,0.00139455132339411,0.0008706110543200496,-0.2652537453052822,-0.013096801944371069,0.0,0.15809376534046438,0.15400564071088946,-0.2514184289988428,-0.023900890181398224,-0.2331626787101542,0.04813396667796425,0.0,0.0,-1.0794706394757176,0.0,0.0,0.0,0.0,0.0,0.0
0.3902139443505937,0.3745012887913553,-1.3974488791418207,0.1503867812842464,0.008924022432708921,0.015842307330657356,-0.49440308717361536,-0.17634564756455084,-0.0011829704570531614,-0.0005036481487102077,0.00391877965113011,0.0012162056073488003,0.2323539862340566,-0.008447920367459815,0.0,0.004731535561159688,0.020713905943403835,-0.07503370792287087,-0.002419455838903353,0.0688773996982947,-0.06410304176347859,0.0,0.0,-0.24575746052631256,0.0,0.0,0.0,0.0,0.0,0.0
0.3902139443505937,-0.2912608933245916,-1.4566535645145096,-0.1661732617982061,0.002003097152990716,0.01724554232460619,0.47725117864708244,0.10781679063037958,0.003502980519234192,0.1442506364974409,0.00434809280126098,0.0016826367499269547,0.2738277121014444,0.8104591556549933,0.0,0.007961807003163525,0.03318161357605157,-0.0012135431894748456,-0.0011464327054756926,0.01588418220439152,0.14416720429247232,0.0,0.0,-0.06362279205269286,0.0,0.0,0.0,0.0,0.0,0.0
0.3902139443505937,1.5678254138092715,0.309445653452846,-0.33854364916783936,0.02818811625791737,-0.0061130274444716,1.3660485678678955,0.20122474584575095,-0.05848409268500633,0.09127887040592313,0.0038214453061661048,0.001515728662623432,0.27763056504864564,-0.008532305409785296,0.0,0.009501608618297058,-0.08711612533698695,-0.018999511301393122,-0.0014475406661244874,0.03403583064445777,0.04970835725816866,0.0,0.0,0.05639824941842497,0.0,0.0,0.0,0.0,0.0,0.0
0.3902139443505937,-0.7857818536583879,-1.2313976980036196,-0.5812914596758544,0.00035632034101572686,0.03407251377323398,1.0751425086893216,0.15339099092170191,0.004441425395463273,0.12816902460462593,0.005119159121881601,0.0018888889409042478,0.24667519102991617,-0.011110687008999927,0.0,0.022661638723639622,-0.09976759372057939,0.03455050082835645,-0.0025328270548785935,0.025147233425630147,0.107739916612082,0.0,0.0,0.05859860708071767,0.0,0.0,0.0,0.0,0.0,0.0
0.3902139443505937,-0.07469945734681768,-1.3549020582130256,0.4048319669451002,0.004835967365897475,-0.0046988390725221565,-0.31758660205950007,-0.17170833145258838,0.002607416797878222,-0.36889893207020846,-0.0037454650840540956,-0.0008313161158447607,0.2613426369383842,-0.011664357454689075,0.0,0.014039153511051446,0.0895862817070195,-0.38544887467681865,-0.003942271237932665,-0.008382207878633176,0.18778204579218086,0.0,0.0,0.10423762737469913,0.0,0.0,0.0,0.0,0.0,0.0
0.3902139443505937,-0.243236753431893,3.3583167897126227,0.4694539417766788,0.061004348836422105,-0.012465852556474453,-0.6733424372623013,-0.18348412875762476,1.55054927405721,-0.4333022394837411,-0.0028117069899668136,-0.0014755850175969167,0.24867271830063972,-0.005681251622160742,0.0,0.014282908977204977,0.4169666843720233,0.19454244389330747,-0.004108814803702787,0.008641653908456566,0.12624351181091584,0.0,0.0,0.5308796431148467,0.0,0.0,0.0,0.0,0.0,0.0
0.3902139443505937,-0.404068891512282,-1.6915753358408734,-0.11392457697843228,-0.004745116176137034,0.025604742202939165,0.2694339571360765,0.11129420979255168,0.0025736113089477913,0.19114710176690813,0.004950503891698624,0.0019244048313441136,0.26093851339603313,-0.008574550895713033,0.0,0.004573989127812714,0.13156200353967626,0.03841931491061136,-0.0013760410150938734,0.008065980783343453,0.15295156561995932,0.0,0.0,0.04228606224611723,0.0,0.0,0.0,0.0,0.0,0.0
0.3902139443505937,-0.5857403381604509,-1.469572532233964,-0.5267349223455781,-0.016162875745462633,0.004687554194427904,-0.5634447176102753,0.09810812688702239,0.0012530763146583112,0.11767486749919041,0.004631401976295902,0.0018056527016985424,0.23063795823892874,-0.009880289063215057,0.0,0.014718347771063655,0.05997057682580334,0.033955378074488514,-0.001405506433574094,0.01780554571009252,0.1019618317672184,0.0,0.0,0.03995295114236475,0.0,0.0,0.0,0.0,0.0,0.0
0.3902139443505937,0.05850829572724777,-1.7800208120106922,-0.17581471066397986,0.002720273535653054,-0.007715798470694269,0.25432344618875186,0.1528257837560413,0.004204095186641741,0.14842367918251478,0.005835388777030011,0.001980896133467626,0.26663054478979226,-0.0017451394301845678,0.0,0.00018887993675868045,0.16343508596370696,0.004509551740374144,-0.0015729689767495151,0.01968106585313137,0.039645095041750816,0.0,0.0,0.056869214871998766,0.0,0.0,0.0,0.0,0.0,0.0
0.3902139443505937,-0.08114066374051075,-0.8136803884284833,0.18383016818862344,-0.003646088905328473,0.051585574828105926,0.926805384392044,0.22760673805145995,0.015118845315157945,0.24759039159867324,0.002855869245720497,0.0009511705431649886,0.27995572605356506,-0.011528777606224427,0.0,0.01227432910758113,0.06599194873546349,0.08942205665453551,-0.0015307840907528166,0.011547933990364849,0.14797585420558196,0.0,0.0,0.1290491263438955,0.0,0.0,0.0,0.0,0.0,0.0
0.3902139443505937,1.269991647277195,-0.8482162971665563,-0.18583217978131386,-0.00014130155733753515,-0.010118791127986127,-0.3555749862709027,-0.14045633678308325,-0.009245314324297631,0.036076108706377584,-0.0021171916151764116,-0.00016084265458495158,0.25682998086975517,-0.013669155314582184,0.0,0.00014612148568367693,0.06161456039646912,-0.0943181356537922,-0.0025668828764404844,0.03752119949860671,0.6279092363467341,0.0,0.0,-0.11750324539980274,0.0,0.0,0.0,0.0,0.0,0.0
0.3902139443505937,1.340532721845884,0.8736210873781529,-0.3918684093227213,0.004379027469503511,-0.033073526279453834,-0.11500824311875874,-0.12720160741968156,0.6261103300692701,-0.41598656051221,0.0060510549959895184,0.0019509507853850104,0.29227519399665536,-0.007290732795326276,0.0,0.011421972173689685,0.15625684527084194,-0.0688986981607496,-0.004618845034081641,0.029298737019729276,-0.12996939444631725,0.0,0.0,0.6932232562088705,0.0,0.0,0.0,0.0,0.0,0.0
0.3902139443505937,2.8320221118623654,0.7389516446772461,0.3580426792169108,0.010993896161168006,0.022927771372152177,1.4006363844012055,0.2626964762753102,-0.015208689252536923,0.1480265198408517,0.003346058194264591,0.0014733268900351932,0.32506443889122855,-0.0073815788260716275,0.0,0.004056356261390874,0.20627205552238648,-0.004277491618678166,-0.0015077411791306694,0.015116720778275704,0.06494592434500657,0.0,0.0,0.036335851188469576,0.0,0.0,0.0,0.0,0.0,0.0
0.3902139443505937,-0.29633417190178996,-1.7859743684191303,0.2839217509997814,-0.0001785036788829071,0.02694831280068275,0.5888108477082388,0.14305997644757526,0.012589220381111006,0.20940804289610354,0.004978988197333104,0.001979477921719978,0.2735449872935834,-0.01393587863126569,0.0,0.004257193545772598,0.29680016661620373,0.042261167190333584,-0.001313506461460028,-0.0006016436156047476,0.16422457714432548,0.0,0.0,0.05136041939014684,0.0,0.0,0.0,0.0,0.0,0.0
0.3902139443505937,-0.6679849368354754,-0.7129985123455236,-0.0915834750694738,0.004992549951915129,-0.029779685138026563,-0.4990233671750628,-0.16459760789178868,0.26277082681984815,-0.21961366140876926,0.0005385265195622551,-0.00017043335403573676,0.2346306213677679,-0.011591117452081714,0.0,0.007460319981246983,0.170681738723571,0.022646950189355034,-0.0046456556466477105,0.1602670156243539,0.2159780721148563,0.0,0.0,0.29482464493514116,0.0,0.0,0.0,0.0,0.0,0.0
0.3902139443505937,-0.2802251631934222,0.17766512977315188,0.49968142625893724,0.006024727466228377,0.008013923530047712,-0.7328011838183716,-0.23298700286539803,-0.09204130767945097,0.1171762136610239,0.002235288525844556,0.0008835896024187666,0.24282362176370423,-0.011607454403089353,0.0,0.015604563330327663,-0.07503763898437191,0.01105205086332482,-0.0013006022319847336,0.022315152632788663,0.17821574401395188,0.0,0.0,0.07681834654063775,0.0,0.0,0.0,0.0,0.0,0.0
0.3902139443505937,-0.3418680134883199,-1.7988021374386305,0.16226895384121126,-0.003347746863393133,0.008958619972751667,0.2778098581052688,0.09376602982165694,0.015571030020303007,0.12819214838685047,0.004938679542898237,0.0020056333545161436,0.25954172812740517,-0.019594590834054387,0.0,0.00664174437897267,-0.3829290676342314,0.030188262471811732,-0.0011003292058201896,0.00803935329403244,0.15586583258652054,0.0,0.0,0.036130068695765585,0.0,0.0,0.0,0.0,0.0,0.0
0.3902139443505937,-0.4245445118993292,-1.901308879119223,-0.21739603670612684,-0.0058966478142285636,-0.007576196424488825,0.02460932925535078,0.060877887044045426,0.004398821831925629,0.1522880070909122,0.002803340571752289,0.0009509491924036385,0.2574085206637203,-0.015611314048901112,0.0,0.002819159084437253,0.07677314007336536,0.0766691523123044,-0.0013628631535906838,0.0011592137650360413,0.1611595495226842,0.0,0.0,0.004024638047325724,0.0,0.0,0.0,0.0,0.0,0.0
0.3902139443505937,-0.5857403381604509,-1.469572532233964,-0.5267349223455781,-0.016162875745462633,0.004687554194427904,-0.5634447176102753,0.09810812688702239,0.0012530763146583112,0.11767486749919041,0.004631401976295902,0.0018056527016985424,0.23063795823892874,-0.009880289063215057,0.0,0.014718347771063655,0.05997057682580334,0.033955378074488514,-0.001405506433574094,0.01780554571009252,0.1019618317672184,0.0,0.0,0.03995295114236475,0.0,0.0,0.0,0.0,0.0,0.0
0.3902139443505937,-0.5409997785503486,-1.3117237936147697,0.14838260552143206,-0.004977462518458846,0.035740901584942114,0.5033568746692354,0.08564734487960285,0.0006198061009854804,0.19134245646395528,0.0037093194200551647,0.0016401387616382342,0.26187260829238224,-0.007019033468925044,0.0,0.011552101569850036,0.05021733781746638,0.03286916637913941,-0.0013755579669312702,0.012940220692514366,0.15565438967942002,0.0,0.0,0.02445291186267785,0.0,0.0,0.0,0.0,0.0,0.0
0.3902139443505937,-0.11958627726010866,-0.8376296956632283,-0.05885604817973123,0.0005256714900834754,-0.016802141084945627,-0.1421593383032865,-0.11481553381422765,0.027872046317131745,-0.3788715342126119,0.00017817776950089113,0.0007945056062022768,-5.372765501962785,-0.008298363829845426,0.0,0.015881756477690284,-0.1687091768035303,0.2001018707154761,-0.004375107661562782,0.11645576898269033,0.39001939308719596,0.0,0.0,-0.203975418856192,0.0,0.0,0.0,0.0,0.0,0.0
0.3902139443505937,-0.12988418554839476,3.027899039187719,-0.2954938857916533,0.053006592423808625,-0.053499420962044075,-1.1030874673931066,-0.6451825850780982,-0.15268801285009614,0.09396694776710729,0.000758274297051185,0.00017025107020334697,0.21803371936798704,-0.00899871858045306,0.0,0.012278661071398453,-0.1602553397947535,0.05431567541478786,-0.0009040567733012662,0.020596256929051343,0.10602396389410933,0.0,0.0,0.1285434326153307,0.0,0.0,0.0,0.0,0.0,0.0
0.3902139443505937,-0.06855955845560283,4.3018699743800415,0.2790979999285518,0.014469763560058456,0.04299013612310856,1.7810888370851132,0.4523267838836831,-0.042803810057535294,0.1093124814564961,0.0013080992020595228,0.001013062581824204,0.26197731366111177,-0.007704409498768586,0.0,0.011808709110866997,-0.09747458198470386,0.042567449915085376,-0.001202735760280283,0.013344154986152107,0.1100366828735942,0.0,0.0,0.03159375251143147,0.0,0.0,0.0,0.0,0.0,0.0
0.3902139443505937,-0.653561342536141,4.178038293576378,-0.3016355183116218,0.014210236399055241,-0.0012885633583921848,2.204417159630314,0.49741742903122177,-0.035030989229547935,0.12273608875142288,0.001231087252323857,0.0005875245091607139,0.24820688718147416,-0.007671787578911029,0.0,0.01779547312677526,-0.05942816788486572,0.04498097172039629,-0.0019310771421621553,0.02589391333176824,0.06709244852018903,0.0,0.0,0.04010722699787883,0.0,0.0,0.0,0.0,0.0,0.0
0.3902139443505937,-0.3124698417486943,4.3434383772455245,0.20092661313276497,0.019636850337887413,0.0446793652579971,1.219553758282323,0.50342266068052,-0.0443073056508379,0.12409623396678068,0.0011308376905246563,0.0005521429797874825,0.25206507784635895,-0.00613014757370429,0.0,0.01840502114201683,-0.008230603515375707,0.04133108823121913,-0.002099079507182031,0.029355817045433767,0.10997669798789439,0.0,0.0,0.04870222087545941,0.0,0.0,0.0,0.0,0.0,0.0
0.3902139443505937,-0.4619831992251341,3.0114126026851107,0.486553478943841,0.032747626240640766,-0.012396982686406046,-0.8494088579879904,-0.5938482018754009,-0.14855334229868095,0.12700458761440467,-0.00046682432567588786,0.0006490357721782438,0.23347267037892852,-0.007235233441764,0.0,0.01407157345889611,-0.19660592439519237,0.0789972371180844,-0.000887107317383359,0.024533515133222456,0.14194652648280745,0.0,0.0,0.2885025782646033,0.0,0.0,0.0,0.0,0.0,0.0
0.3902139443505937,-0.3691995649609503,-1.800673474916317,0.05987749736315365,-0.00467711403258681,0.04062770149284154,0.8574677193507367,0.2131005586377465,0.02014827435622513,0.15523926733532573,0.0025917397866221325,0.0009013486071614138,0.2690391455087829,-0.01691489113606524,0.0,0.009179340315002988,-0.1459252278764944,0.0579426581801009,-0.0013107121710810277,0.0040159906896459945,0.12096512110871184,0.0,0.0,0.09364405669320472,0.0,0.0,0.0,0.0,0.0,0.0
0.3902139443505937,-0.12486498489565552,4.157946006067652,-0.16225023431771152,0.004695821447970718,0.03711316308200187,1.9501172491595065,0.3540531533034336,-0.0300607844440069,0.12621166626805538,0.0012335838704585957,0.0006219469553285821,0.2506938860048165,-0.007420421940985489,0.0,0.01781401144255017,-0.04554894001352413,0.044795078752100384,-0.0019310771421621553,0.026631947349402548,0.07583852145871332,0.0,0.0,0.051182821503964936,0.0,0.0,0.0,0.0,0.0,0.0
0.3902139443505937,-0.4390919483904437,-1.4664120304422787,-0.363582097484587,-0.002601677111976019,-0.14080481653529003,0.9158726055909491,0.09787567224661849,0.010180250236045478,0.12229035263146881,0.003597039802651795,0.001105193852628943,0.24680766410145533,-0.006933930442776129,0.0,0.024075368048638548,-0.10926573499280504,0.04785693080766837,-0.0018736041341796362,0.0177777617556517,0.10943471728866395,0.0,0.0,0.03450990005428331,0.0,0.0,0.0,0.0,0.0,0.0
0.3902139443505937,-0.6429486325386078,-0.5945371654555113,-0.29070394672735783,0.007283887994040134,-0.06924718936680435,-0.9657014272851454,-0.1952562174558163,0.2735034425304941,-0.2473274637775792,-0.0012044664415513967,-0.0003216244180967,0.22055640964794979,-0.011372207717447099,0.0,0.009251677484576141,0.11071848328365787,-0.12363234074088587,-0.004759240658856099,-0.39921428118916,0.1660132135271397,0.0,0.0,-0.36167647722549967,0.0,0.0,0.0,0.0,0.0,0.0
0.3902139443505937,-0.05798337446886519,4.2512451266835445,0.5544730802549254,0.009314809279941395,0.04659942459477468,1.1221461628299305,0.4531647255548101,-0.06057828672899902,0.12714952881230232,0.0009128772822138905,0.0006789494872736976,0.2568097823355054,-0.0049155519619603055,0.0,0.02225008605495257,-0.03052619527997029,0.034336532753599866,-0.0021114157636718004,0.02293059236501795,0.11629667509574597,0.0,0.0,0.019979210838770113,0.0,0.0,0.0,0.0,0.0,0.0
0.3902139443505937,0.2356664661489378,-1.5783104552739675,0.10819302680041779,0.0055171530173980955,0.00803570008010096,-0.6392096324377553,-0.19587999281926993,0.02592158739108976,-0.004415640459906731,0.0050711385406707115,0.005226049214569881,0.24341665372207166,-0.010782335399029001,0.0,0.010044031649470197,0.03730781561528829,-0.3954023552246617,-0.001880286200960923,-0.11277668157717569,0.6126370877015836,0.0,0.0,-0.5638010725635834,0.0,0.0,0.0,0.0,0.0,0.0
0.3902139443505937,-0.4786647439059737,4.900963688679992,-0.2456352720020479,0.009793274216218657,-0.015158658914569394,1.8955349119680795,0.3000460272266179,-0.02866307579861419,0.16223591499246753,0.0011923705708365162,0.0006464861125430385,0.25019430469584425,-0.0067499467364761055,0.0,0.015475029176181456,0.1925005330116665,0.0530006459939879,-0.0020027257803223253,0.03194694652870939,0.12246002027859375,0.0,0.0,0.0824229730021264,0.0,0.0,0.0,0.0,0.0,0.0
0.3902139443505937,0.01079659908639556,-1.2378051181687355,0.562716415985051,4.495783133157738e-05,0.0467868091120102,0.3536337600557189,0.14096917578350274,-0.006858556926649236,-0.5532273547537906,0.003391616545711757,0.001263456934035793,0.40078017048128894,-0.007183510746492585,0.0,0.4391309478790642,0.26861742137418776,0.15214011276393433,-0.018363510099513175,0.06817339949940737,0.3044493630767475,0.0,0.0,0.42975858354874763,0.0,0.0,0.0,0.0,0.0,0.0
0.3902139443505937,0.6272531076806622,-2.5320147398155513,-0.2947846386012989,0.003962720769474177,0.02673571782128863,0.6113047256522968,0.12865946719157345,0.0002820001882905115,0.12109607470599075,0.004978860670476905,0.002005505303737161,0.26413455975177125,-0.0054385778459529605,0.0,0.00503287847935143,-0.09417649973961292,0.0009145983848305618,-0.0014834758619518627,0.017782950664649154,0.09193518139270809,0.0,0.0,0.008382800699908592,0.0,0.0,0.0,0.0,0.0,0.0
0.3902139443505937,-0.30114101485872863,-1.8239396572990798,-0.2599811595203295,0.005349231225355715,-0.00691166448402831,-0.35833134430617253,-0.13711972201610348,0.1339131808374004,-0.3695600894765844,0.00934564283006504,0.0023403371692331913,0.24681661000458,-0.010722520775239202,0.0,0.016068482925684698,0.033199446097421384,-0.29148244925747907,-0.006346305959041101,-0.08436838779921414,-0.05546128163064283,0.0,0.0,-0.21383547617577256,0.0,0.0,0.0,0.0,0.0,0.0
0.3902139443505937,1.0725749413859127,1.962341610621556,-0.05371008736025119,-0.0013040128594862387,0.009610950245834584,2.293017174136834,0.18437864181588248,-0.055963602892520274,0.12212886843938629,0.001275157584833643,0.0011073677179791474,0.24488537213375694,-0.005824627736484029,0.0,0.009707113635184823,0.01298608832036933,0.006340414252844834,-0.001786602582849348,0.016622960041054836,0.02641457667680611,0.0,0.0,-0.0021706400294025955,0.0,0.0,0.0,0.0,0.0,0.0
0.3902139443505937,-0.6608602003433947,-1.2878870842465229,-0.4597314252070524,-0.004224164913400883,0.018707956991683712,0.5015736090173881,0.09812074633100956,0.0034696845401493114,0.16526762918634577,0.005041951506825763,0.0018474356770477858,0.2526308806234017,-0.010216367283362447,0.0,0.008536597001147854,0.2675702342851042,0.03934717997494889,-0.001405506433574094,0.01961675294570064,0.10771120792813013,0.0,0.0,0.04157996611345999,0.0,0.0,0.0,0.0,0.0,0.0
0.3902139443505937,-0.11363029853754963,3.1654166251244638,0.3883796252753103,0.0020834139274146504,0.022540196546924827,1.789681751989115,0.294373837721494,-0.05415848800229346,0.11217518919669613,0.0007945685689042494,0.0009703150537503909,0.2551507945135393,-0.005380264534111512,0.0,0.016501709779435932,-0.09406943647962472,0.03719698718732725,-0.0012347713864217836,0.021275032875118845,0.10126100314773001,0.0,0.0,0.0401524839306261,0.0,0.0,0.0,0.0,0.0,0.0
0.3902139443505937,-0.10514619335439344,-0.8874075462754136,0.44006356535125163,0.003897326460290952,0.002974214559606379,-0.9150898017337653,-0.1530461541612804,-0.12143332110942197,-0.3314419682298188,0.0027595707005915134,0.0004923860095714346,0.25525432188005814,-0.009260014985894245,0.0,0.01940870255872108,0.1499210201236625,-0.22091850679822628,-0.004171960220041719,0.0036092626740948106,-0.16563817513996912,0.0,0.0,0.05680654049877504,0.0,0.0,0.0,0.0,0.0,0.0
0.3902139443505937,-0.273967195740433,-0.8108978797993865,0.180300502831736,-0.0018604437003985584,0.01718405295741222,-0.47182909061807327,-0.18110945791193858,0.04067740633514764,-0.08232283384726558,-0.002167841036815862,-0.0008466376414048072,0.24021269736124604,-0.019341890548697022,0.0,-0.07609766238749145,-0.134559408522028,-0.0726754855055196,-0.001107812324343903,-0.05679639999703077,-0.2656332478987857,0.0,0.0,-0.19093327201426744,0.0,0.0,0.0,0.0,0.0,0.0
0.3902139443505937,-0.32824488737901236,-1.7825629453519256,0.12917755323997485,-0.007887856211030816,-0.021191723186093626,-0.08092438284770301,0.09375158920423646,0.013161933539626696,0.11532669735677928,0.004369844932206242,0.0020282699027903183,0.2540808335602517,-0.011542114730542214,0.0,0.011328463014086262,0.02550229027973378,0.02754657685293176,-0.0011003292058201896,0.007459515650656733,0.15065391230639671,0.0,0.0,0.03417003136178924,0.0,0.0,0.0,0.0,0.0,0.0
0.3902139443505937,-0.9257384771530834,-1.7055924694755227,-0.3056565337270783,0.005459382807582097,0.013816407751347631,-0.6277274108492145,-0.18949969542424136,-0.08991563153808829,0.010330988490338115,-0.002231507110509637,-0.00034841668543931717,0.19098397181884721,-0.018278632543509973,0.0,0.0010054849324058453,-0.18128040617573474,-0.3701700804660947,-0.0012876030415302033,-0.002696266463118096,-1.1097428978986699,0.0,0.0,-1.0923298528820224,0.0,0.0,0.0,0.0,0.0,0.0
0.3902139443505937,-0.601920666366291,-0.8548826849817779,0.06038545957994713,0.004919866620196693,0.05724266152531719,-0.08251615245517864,-0.18783710594034564,0.10852428670742836,-0.28044984240234944,0.007262281130253407,0.002327943514969164,0.2482713778523235,-0.0134727479275498,0.0,0.012220338399468702,-0.062478297531118124,-0.12593255924843416,-0.0041736429312782,0.0015703828099834934,0.11647344021070194,0.0,0.0,0.46982317105412574,0.0,0.0,0.0,0.0,0.0,0.0
0.3902139443505937,-0.2134916082096356,-0.9224958540430993,0.042123536049872165,0.001368082715465465,0.007270094954961112,-0.27113738735600107,-0.15321634929253053,0.004524569023845385,-0.18977558635701652,-0.0029150938960489595,-0.001226463740310768,-5.366651616162805,-0.014109054349876115,0.0,0.10130259800501742,-0.10937384251504419,-0.18557821759931317,-0.0046359336019498815,-0.13922721949247946,0.05974712640618138,0.0,0.0,-0.5467233756964679,0.0,0.0,0.0,0.0,0.0,0.0
0.3902139443505937,0.5418264936818498,2.797545211405288,0.4100405637738,0.015416197214069617,-0.028132179223615893,-2.344501686031313,-0.527730176124583,-0.17132522166661593,0.1362047261968419,0.00042642246143810125,0.00014965433525945191,0.22028676661713584,-0.005845702659552803,0.0,0.012255346620864575,0.20779217229948166,0.04044676477215631,-0.0010850074900301656,0.025345440724765723,0.13736026561189543,0.0,0.0,0.09520464708402711,0.0,0.0,0.0,0.0,0.0,0.0
0.3902139443505937,0.11487095949268324,-1.8292421541337545,-0.05364806401202223,0.005283143453628911,-0.024748881580647787,0.14115620066612403,0.1146269282137701,0.0077148845315907185,0.1159392003253748,0.005783052947684041,0.0020084210657430003,0.2583054870398432,-0.007126185772720721,0.0,0.0038387068007306817,-0.15390848406644916,-0.004858182450718023,-0.001365119690796962,0.025014922953852638,0.05211695410594153,0.0,0.0,0.06349239897767812,0.0,0.0,0.0,0.0,0.0,0.0
0.3902139443505937,0.7936052387068236,4.153382965958679,0.1257402482513345,0.0010479054033787137,0.1014753786021171,0.7126247321225426,0.41857904368939086,-0.09666416918755837,0.107166604984821,0.0014333745249897182,0.0004903959762505009,0.2585713526555144,-0.004594790821407028,0.0,0.011519958970460122,0.002612761707963467,-0.006042164078004343,-0.0022596763450087676,0.01636306325403102,0.04670437932704278,0.0,0.0,-0.032507901285435875,0.0,0.0,0.0,0.0,0.0,0.0
0.3902139443505937,0.15213420789192786,3.190955214134848,0.11618052828110853,0.00016903303894324532,0.017684667240679682,2.2854363181090838,0.40504322144568966,-0.062491334389936946,0.12837762441555137,0.0012657790238703214,0.0009590127151034697,0.2565998560083932,-0.005951589026483638,0.0,0.016905509341478674,-0.14753933315058845,0.03690231969985086,-0.0015885777254888672,0.018152819259280004,0.10200089667691714,0.0,0.0,0.03213351368281977,0.0,0.0,0.0,0.0,0.0,0.0
0.3902139443505937,2.201202029226047,0.42583534215351077,-0.09563833855986732,0.002971374920964888,0.02636884951576225,0.6462864116066354,0.21992365692565732,0.23292639095065007,-0.3365230887863992,0.009386503095785764,0.0018905783300167457,0.28711328432319944,-0.0076347765549745275,0.0,0.04832530878628524,0.15140638060812361,-0.3121168315799961,0.46029153889118507,0.003001091824267218,0.09811713636700127,0.0,0.0,0.36082234618877435,0.0,0.0,0.0,0.0,0.0,0.0
0.3902139443505937,-0.23879204575571966,-0.33165276557091666,0.5879440584798767,0.0206397843089996,-0.0002723219020285757,-0.44129545838847917,-0.3270348249956949,-0.07813582908814615,0.2969945247912264,-0.000968641938633682,0.0005557980739000143,0.25600689142983996,-0.009231906955392468,0.0,0.015544845162781219,0.007239530954103735,0.06460836508182471,-0.0012982032680287816,0.027654626403647038,0.2602753995724625,0.0,0.0,0.2741443825471105,0.0,0.0,0.0,0.0,0.0,0.0
0.3902139443505937,-0.7944459332204001,-1.405860075499038,-0.5232405248829942,0.00356252372951954,0.0019552384885099107,-0.5352979424693542,-0.18198033138243455,0.0816660033737584,-0.024226486844955458,0.0034878589657430363,0.0019498196470479627,0.2049143438259526,-0.0171799379830124,0.0,0.01685600209698264,-0.40276054126314015,0.13561782321222046,-0.0011728839257700448,-0.11423174924014645,-1.546710143103505,0.0,0.0,0.08935265760701155,0.0,0.0,0.0,0.0,0.0,0.0
0.3902139443505937,-0.2027367651373218,3.9600499041221333,0.2041833843255863,0.014894226727641098,0.03883292044060554,1.7789721878674334,0.4687021215040705,-0.04010519709972877,0.11416085600058716,0.0013352934687726392,0.0009585433822327628,0.25891247532955647,-0.005735835659205283,0.0,0.01391402290097568,-0.11561430326554176,0.046528407923031374,-0.0012346652227878986,0.018337003283133917,0.10879539608806764,0.0,0.0,0.04252180385979025,0.0,0.0,0.0,0.0,0.0,0.0
0.3902139443505937,-0.9718436855834788,-1.7785379188054238,-0.3947605220510778,0.007346293717160422,0.010793639291623879,-0.5977142972797894,-0.1893040560317736,-0.1323737977588442,0.014579838066606355,-0.0014290483385215754,-0.00025406680466981326,0.19240941341167378,-0.018087081795847126,0.0,0.00846186891519879,-0.26727108194148974,-0.3627317899539308,-0.001183636851827979,-0.012057272728956084,-0.759094604681111,0.0,0.0,-1.1295143345865466,0.0,0.0,0.0,0.0,0.0,0.0
0.3902139443505937,0.027500526745703264,3.7346362545299394,0.5033639978372136,-0.003087015658370021,0.09574070267346091,0.6858866989101349,0.4420363562409175,-0.07402463866181518,0.11539945023523261,0.0009105890323372244,0.0006789494872736976,0.25709638573636373,-0.005158961293412831,0.0,0.022341593140330313,-0.09056549255262479,0.04249322025360153,-0.0021114157636718004,0.02444207188179458,0.11430369117537101,0.0,0.0,0.02357129414357455,0.0,0.0,0.0,0.0,0.0,0.0
0.3902139443505937,0.843233019951156,3.641711399032799,-0.9054040884814547,-0.1623711571927225,0.022059465866530237,2.2244641251793893,0.4409621276046313,-0.04804460220470969,0.11335858714599756,0.0014664113033493501,0.0006687262091903933,0.2601379993199979,-0.005524496484646951,0.0,0.013919730516995842,-0.08669289182778832,0.014953932695405882,-0.0017969520027752493,0.016288850663192144,0.062189986493841526,0.0,0.0,0.03302128426862469,0.0,0.0,0.0,0.0,0.0,0.0
0.3902139443505937,1.2280602921724355,2.1344666327167436,-0.036410743864206,0.00495827621762266,0.0026613304960865585,2.316755123071504,0.19657898673310784,-0.08143962541183854,0.09335437426514939,0.000587802705684895,0.0008495975154544968,0.259056325242788,0.3868427930701754,0.0,0.005633958936658649,-0.09388882563707956,0.0006917756540899345,-0.0013612668120309458,0.01642202422796296,0.03901872337966181,0.0,0.0,-0.046256816589054776,0.0,0.0,0.0,0.0,0.0,0.0
0.3902139443505937,0.6471492043162249,-1.2908439594511336,0.6033382964459728,0.0067107616231581995,0.005543880146460801,-0.2011796871502699,-0.13097782280607687,-0.033719180649030275,-0.4458350580529224,0.004558806186614971,0.001743546496436843,0.2813696875826652,-0.007292710788010939,0.0,0.008060320755443768,0.15430470607456134,-0.25637761114036667,-0.004876147565782503,-0.05371652356578085,0.10626539684933586,0.0,0.0,0.39400522382911496,0.0,0.0,0.0,0.0,0.0,0.0
0.3902139443505937,-0.4497574366432809,-1.9555715462871515,0.14820526230920483,-0.007911301112030724,-0.009122997230277458,-0.47059890436178614,0.1365920845178925,-0.014364181942551707,0.13001578339040895,0.004319506537361981,0.0019128997229621533,0.252254777664229,-0.002219969869853408,0.0,0.009455739748112571,-0.07293832494585922,-0.0008212726105437354,-0.0016125752140839999,0.019216579679678537,0.04977978496183554,0.0,0.0,0.02122474650987505,0.0,0.0,0.0,0.0,0.0,0.0
0.3902139443505937,2.1494209216552553,1.335006805825956,0.30113070568458794,0.011189627097529659,0.05069575551427337,1.9089173778902775,0.4344590688493153,-0.08178736056067147,0.1477081127662219,0.0007582635312016493,0.00100739137159094,0.32747807439993687,-0.007083911979169401,0.0,0.0019149295911532866,0.16884170492937733,-0.017380220501782135,-0.0014681129678827862,0.01554177421348129,0.06491468611776412,0.0,0.0,-0.019503821222299447,0.0,0.0,0.0,0.0,0.0,0.0
0.3902139443505937,-0.38145816360626505,-1.0949088492453298,0.1865346781453601,0.0044892796764421415,0.0185428345342943,0.7541630989014497,0.17944474055909743,0.019896952519205202,0.15589777982461636,0.003096613413018354,0.0010508229042343925,0.26397702235523346,-0.014976871835671285,0.0,0.013200604962076118,0.10148554182340341,0.07598089629933347,-0.0013071106384746308,0.020407791056647775,0.13035500930168406,0.0,0.0,0.17200633110717772,0.0,0.0,0.0,0.0,0.0,0.0
0.3902139443505937,1.4893427503395054,0.5862094855235223,0.11733782208112561,-0.0013306379332065962,0.0017214050089531738,-1.6890743196043765,-0.30197636256625543,-0.05034049991285617,0.08414570783561444,0.0050430527012820395,0.0017560351217384086,0.2600033456207246,-0.007966411002265378,0.0,0.012960628924703324,-0.12786147473647558,-0.030477413295534824,-0.001532242239416817,0.011680262464423836,0.013911038003852445,0.0,0.0,0.026826782940300612,0.0,0.0,0.0,0.0,0.0,0.0
0.3902139443505937,0.7410718473421841,-1.9742491042451278,0.530467643548439,-0.00518746254981348,0.011578968013919813,0.47674212611540634,0.16958879171355096,0.009005103734025442,0.11548823346041509,0.006505001605644643,0.002449730835210061,0.2737183399767611,-0.005474101287832283,0.0,0.0033621530175328364,-0.03666948604269865,0.009531269202143583,-0.001356514487481911,0.02191155797601833,0.05787088043368706,0.0,0.0,0.0576799796881533,0.0,0.0,0.0,0.0,0.0,0.0
0.3902139443505937,-0.0022020205236819583,1.0269718791516083,-0.02549052757836898,0.021662082605082726,-0.06213025356571502,-2.9977826147887727,-0.9093474892605149,-0.2206515622625505,0.07875251513275876,0.0004250952060124274,0.0001882729780297183,0.20921638880298005,-0.008396547559508694,0.0,0.012559427724650045,-0.07644238943479208,0.029673699058530154,-0.0008643266631692982,0.02103239413766855,0.10148248678358632,0.0,0.0,-0.038498724377606604,0.0,0.0,0.0,0.0,0.0,0.0
0.3902139443505937,-0.3488996557741537,-4.833656552474672,-0.05525367939725734,-0.0066611363071928855,0.00480060685388213,0.05038849184792665,-0.03704807391101942,-0.0003386076770427709,0.17594565801614973,0.002855869245720497,0.0009511705431649886,0.22894092260920879,-0.015722035974010014,0.0,0.0078063437785077456,-0.006169239363867876,0.07944637776472246,-0.0015307840907528166,0.006288512766136325,0.08982372983406293,0.0,0.0,0.08504762328552834,0.0,0.0,0.0,0.0,0.0,0.0
0.3902139443505937,-0.22881384248222447,3.870509373578622,0.14685168166517887,0.011757182624818648,0.007857666365740921,-0.050517205576372286,-0.32090777226589573,1.0457040606798564,0.16610311180602957,0.14209036592569327,-0.03805680891123668,0.22958224507266742,-0.011608893920629467,0.0,-0.0028681809150439717,-0.10916359591008544,-0.19096986409854091,-0.0009029785121793021,0.020704882921348172,-1.1750374883368635,0.0,0.0,-0.21493191218114108,0.0,0.0,0.0,0.0,0.0,0.0
0.3902139443505937,-0.24556941660270848,4.242811763303554,-0.2013871751997547,0.006338980690833279,-0.040932163130323836,2.0713372357848896,0.4419245974353924,-0.030927145234931563,0.13822801948652896,0.0012012968952912237,0.0006139880274647129,0.2520948020585012,-0.007234747511463014,0.0,0.0184268406949489,-0.08975113367041405,0.05247365778094257,-0.0019310771421621553,0.02669731177822669,0.07593389315750534,0.0,0.0,0.08310358534764681,0.0,0.0,0.0,0.0,0.0,0.0
0.3902139443505937,-0.29076626868865957,-1.6444597936155243,-0.13552508721849676,-0.0072195931492436355,0.014400963924262369,0.04256151108487703,0.0783454685912725,0.014064700454211073,0.18045966411850586,0.002730426493913587,0.000909259322587798,0.2630163556754688,-0.015254727511468972,0.0,0.003030910830871111,0.07340950803429146,0.05385742827003331,-0.001358894385182008,-0.0011836452857549927,0.13214682518488274,0.0,0.0,0.07649230898809835,0.0,0.0,0.0,0.0,0.0,0.0
0.3902139443505937,-0.18928520756763767,-0.8711494619464374,-0.1286094018051684,-0.0016082427857689835,-0.014368916253263515,0.4177551664848576,0.0801454107375273,-0.024562907929364802,-1.1297260671769096,0.0029982789593394617,0.0010788862481043821,-5.410213649213202,-0.01155020130906194,0.0,0.004549629890831987,0.004321783202800579,0.09174309898076383,-0.017757690920370568,0.017262505147173073,0.023264797740179075,0.0,0.0,-0.15287100728495148,0.0,0.0,0.0,0.0,0.0,0.0
0.3902139443505937,1.0319436545400864,-2.3643213521012383,-0.29725462512591283,0.0020230397572020835,0.04542050331895578,1.094724358579248,0.18091818375566432,-0.006150822518219207,0.13195232179097927,0.005663511656738433,0.0019340798478231307,0.2628387848197822,-0.006353517513233856,0.0,0.014884169834328916,-0.05629180620572024,0.007225379495922859,-0.0022335538735566603,0.018485455082299807,0.03974628151668053,0.0,0.0,0.03367923229912139,0.0,0.0,0.0,0.0,0.0,0.0
0.3902139443505937,0.38932573000925425,4.638500213315383,0.3540238301349201,0.03616170236916246,0.016813064629482222,2.019141087035373,0.38909082206192136,-0.03927422987438268,0.13390417999489143,0.0009365883522075945,0.0007285957608843285,0.2640844912274454,-0.0018633524150767997,0.0,0.01750791689590025,-0.04707082425802058,0.0027844903825453592,-0.0018395430387579002,0.027890667852509425,0.04724261888412842,0.0,0.0,0.04538788169031938,0.0,0.0,0.0,0.0,0.0,0.0
0.3902139443505937,-0.28024201362871015,4.325846816902402,0.255376528651697,0.012735114311705618,0.005515710017074925,1.6835401738278541,0.4691087092017311,-0.036455574156618265,0.11551910539779815,0.001321107028215311,0.0006759730270441515,0.25850195114973523,-0.0055003054544675925,0.0,0.013791398304259917,-0.05429735721069373,0.03886733241584294,-0.0012346652227878986,0.01682552376635727,0.10869003514418671,0.0,0.0,0.04036026677559103,0.0,0.0,0.0,0.0,0.0,0.0
0.3902139443505937,2.69939030370161,-0.3583879636349865,-0.29778577157370567,0.0031205341145553525,0.04819828741320322,1.226019148516028,0.21476790701057066,-0.012991793709077423,0.13296398853370459,0.005795942805197152,0.0021590582088742995,0.29531082056114955,-0.005551922297820884,0.0,0.015174261382658772,-0.014490508657915598,0.008398358041718828,-0.002563173116076883,0.018238135968708588,0.03007775910560203,0.0,0.0,0.03742173631619289,0.0,0.0,0.0,0.0,0.0,0.0
0.3902139443505937,1.2268993805811825,4.096120943856865,0.06971535777760354,0.01834916272373281,0.01071151874873341,1.8621369111114132,0.46565797874597364,-0.04708489971279044,0.09954140683552874,0.001285540490564448,0.0006973316997467185,0.26660978936298424,-0.00535427109854936,0.0,0.005636864071020644,-0.0202281546633,0.008922247187263171,-0.001363332598107019,0.013657783345709183,0.04770294126663046,0.0,0.0,0.006215119695332764,0.0,0.0,0.0,0.0,0.0,0.0
0.3902139443505937,2.7716229553125484,-0.3379494057903917,0.005135822759379884,0.005027815900176224,0.04667342838028881,1.1325741363545767,0.21430484567514999,-0.011294947507418506,0.12221292057421825,0.005795118631802325,0.0021492128119456064,0.29852777789437046,-0.005574839033657733,0.0,0.008427599128258488,0.028846669990713045,0.011528563083436215,-0.0018921857919343042,0.016621357787862237,0.03801012940370891,0.0,0.0,0.03707046488664909,0.0,0.0,0.0,0.0,0.0,0.0
0.3902139443505937,-0.3408212874522065,-1.769819650757284,0.08872049021590844,-0.0042117046170301615,0.016272926683970533,-0.7575635304687334,-0.2632949628778253,0.03612205623928891,-0.004090510731023159,-0.0028273696590676526,-0.00022152970552677886,0.21817047898543604,-0.02268252395537585,0.0,0.0016822802824755139,0.019237401825168723,-0.062168298474303635,-0.0011964932684785986,0.004160911964091701,-0.10813808606311154,0.0,0.0,-1.3361107533963326,0.0,0.0,0.0,0.0,0.0,0.0
0.3902139443505937,0.7121979875430686,-1.9455798914095428,0.25054421676639504,-0.00518746254981348,0.014824317193263527,0.3919488263588182,0.15392524422697806,0.011694054225022675,0.1031343454335105,0.0065626264377889746,0.0023989268007884933,0.26900188871243547,-0.013528467942851887,0.0,-0.0018485979677125078,-0.07437774244202432,-0.008160304385856342,-0.0013302835256882866,0.016848157612281207,0.046726478722062925,0.0,0.0,0.07567447669914963,0.0,0.0,0.0,0.0,0.0,0.0
0.3902139443505937,-0.4169260679708221,-1.4047002116583307,-0.23067979068544112,-0.0027808723704995284,-0.06947631200048372,0.5590575262710381,0.11331239511653543,0.007467540388888809,0.15320873569389323,0.0038923228343240397,0.0010810735625220557,0.2580983070912035,-0.007291066680323196,0.0,0.005686967303136346,0.1254811355218216,0.05311534864039733,-0.0013577352066696034,0.008018435775026164,0.1147761747340526,0.0,0.0,0.03086306941010578,0.0,0.0,0.0,0.0,0.0,0.0
0.3902139443505937,0.958332069682628,2.914353234815229,-0.9073081557277547,-0.21626875197060175,0.10881784486915688,2.2984393252716413,0.4168468211702978,-0.05326746406273387,0.11296699104073554,0.0014498488706371326,0.0009512965643790044,0.2568726834018661,-0.005459220587496817,0.0,0.013865719823119906,-0.07615684843927024,0.01614636226619161,-0.0017969520027752493,0.015922816172315495,0.061089445281225264,0.0,0.0,0.03052930130571175,0.0,0.0,0.0,0.0,0.0,0.0
0.3902139443505937,-0.7994820138957274,4.940695462009866,0.11131241729762015,0.018994496590811382,0.011993360102136013,1.916794110607506,0.4519254837548527,-0.03326146783927876,0.1319204505342146,0.0010893925738967073,0.0005930148026417011,0.25832555480871766,-0.005427986682136939,0.0,0.017861645626886583,0.005706991630073695,0.03959105300901878,-0.0015885777254888672,0.026037045704945715,0.10780469400204307,0.0,0.0,0.0630180543768905,0.0,0.0,0.0,0.0,0.0,0.0
0.3902139443505937,0.7474477622563416,-1.743087721828847,0.3766057249587216,0.00416375644203607,0.02271197020624674,-0.4678759051070574,-0.14762633277470463,-0.04218184118686766,-0.030485941270728446,0.0029239701479193245,0.002806545304687649,0.23952704153865095,-0.01127355182254993,0.0,0.006782987793623679,0.037311315796689955,0.015142514557657971,-0.0018357534891771507,0.03312090677416222,0.5238375103292816,0.0,0.0,0.09920100202326614,0.0,0.0,0.0,0.0,0.0,0.0
0.3902139443505937,0.016352416179427016,2.9504204445374462,0.10362071813788516,0.0024194076924667347,0.019946914674318438,1.9968313525965726,0.3158113262168503,-0.05939128429785114,0.11117841314061465,0.001280121558388796,0.0009421207123006111,0.25395531706186975,-0.0059666544808907205,0.0,0.013349270900458865,-0.12005473988189917,0.03755700937828355,-0.0012346652227878986,0.017296581984866492,0.10071556420762579,0.0,0.0,0.03478352392453078,0.0,0.0,0.0,0.0,0.0,0.0
0.3902139443505937,-0.25782758515373966,-1.1387878929710111,0.09096794469493887,0.0035114237166769193,0.0037657467693287504,-0.13580380856077437,-0.12509476763385155,-0.09254888349071466,-0.14947082522708507,-0.004222859542209288,-0.0008617383606634048,-5.277889207864625,-0.014375350975166748,0.0,-0.004056660561571976,-0.05388036669998448,-0.1525400840668534,-0.004387863842868912,-0.12863166153897376,-0.07100399979343254,0.0,0.0,-0.4584368211152786,0.0,0.0,0.0,0.0,0.0,0.0
0.3902139443505937,-0.7964125015305904,-0.8701488214621328,-0.5757196887395722,0.00410678802219792,-0.07723671369434974,-0.5339236901991982,-0.19108707696829533,0.19331982943625536,-0.23306627606429553,0.0023372887728929934,0.0003812843012318921,0.2210213460513855,-0.012320522215408386,0.0,0.008327342628176361,0.2428289663999569,0.02080577737520769,-0.004533823357551013,-0.27542462880133384,-0.46258447983118267,0.0,0.0,-0.1933483399372489,0.0,0.0,0.0,0.0,0.0,0.0
0.3902139443505937,-0.404312086662435,-1.428394782241966,-0.10546997150742426,-0.016170406057215692,-0.04010236144146732,-0.2987256158799475,0.11310124752071107,0.005564014900930133,0.1036549482038707,0.003319129477039933,0.0010593419811040436,0.24297983410928015,-0.005409274631143902,0.0,0.010185540386747407,-0.0668311192658691,0.04912841777181225,-0.0013577352066696034,0.004515683825094921,0.10544092507998111,0.0,0.0,0.028284550549071134,0.0,0.0,0.0,0.0,0.0,0.0
0.3902139443505937,1.1008181840387883,-0.9717568301471927,0.4030471239435898,-0.003853167262781963,0.02489832790193029,0.8421952243625027,0.16282436007132947,0.011194118143564597,0.11247677790043172,0.004483348560390186,0.0014827940653863738,0.27973859821885627,-0.009448829138803667,0.0,0.0031483876832860695,0.14417314916604446,0.05195315252303075,-0.0015540748427399058,0.00728530253230122,0.07355868923784815,0.0,0.0,0.21945320007148963,0.0,0.0,0.0,0.0,0.0,0.0
0.3902139443505937,-0.18014340788467278,-0.7198414315344623,-0.1292306105493853,0.0028856280025020406,0.000741060464642252,-0.39172331814405914,-0.18138765487670852,0.02244571637545832,0.029242105020976104,0.0018771758516036166,0.000484957450401472,0.2302500873064479,-0.02178276571460088,0.0,0.008672323769312427,-0.02520512781053756,-0.09612695743892359,-0.001120573915955449,0.08357620212088818,-0.005418708622121007,0.0,0.0,-0.11785766107364838,0.0,0.0,0.0,0.0,0.0,0.0
0.3902139443505937,0.016352416179427016,2.9504204445374462,0.10362071813788516,0.0024194076924667347,0.019946914674318438,1.9968313525965726,0.3158113262168503,-0.05939128429785114,0.11117841314061465,0.001280121558388796,0.0009421207123006111,0.25395531706186975,-0.0059666544808907205,0.0,0.013349270900458865,-0.12005473988189917,0.03755700937828355,-0.0012346652227878986,0.017296581984866492,0.10071556420762579,0.0,0.0,0.03478352392453078,0.0,0.0,0.0,0.0,0.0,0.0
0.3902139443505937,0.032169805264754624,3.830618409775402,0.210803491304098,-0.0006229031779712042,-0.0019880681953232007,0.7270595342265505,0.4306310641395717,-0.048254243009585966,0.10553100027422392,0.0010946431628858254,0.0010649189838758965,0.2550222130033132,-0.006037024857887091,0.0,0.008653016073852009,0.210982648200289,0.04377329710942688,-0.0012242733858770605,0.00844343195746075,0.09860189978198379,0.0,0.0,0.04298150585431535,0.0,0.0,0.0,0.0,0.0,0.0
0.3902139443505937,-0.2558258342007386,-0.8378291424835159,-0.0820566735256669,0.003533672802016245,-0.019749771029648734,-0.2104627934746745,-0.15174944870031382,-0.12541089542022107,0.25376446780762835,0.0031382429785742983,0.0003375641501913293,0.27277773505325364,-0.01680288031943198,0.0,0.013098061461762385,-0.014818570668629027,0.2855560759350035,-0.0042177924874322375,0.010320504217610832,0.005214199648347445,0.0,0.0,1.5206163147971963,0.0,0.0,0.0,0.0,0.0,0.0
0.3902139443505937,0.173092559900487,-1.6433423822593272,0.11049960646236029,0.0050562605909984125,-0.03409995791625804,-0.4194095901303189,-0.19241674640772405,-0.030254796237686826,0.02725575077561998,0.0009889299222526624,0.0030191803777517073,0.24958807530350066,-0.009243136411729356,0.0,0.011203645498088145,0.18043314670085772,-0.35739905393012744,-0.0018913333868715023,0.23704516922077262,-0.4008836830623136,0.0,0.0,0.5560745419301152,0.0,0.0,0.0,0.0,0.0,0.0
0.3902139443505937,-0.7263546053007502,-0.974879083186779,-0.33899512605403354,0.0056791816662657086,-0.051811940835143365,-0.34806578771581986,-0.1823146446415835,0.12532237105831906,-0.031576032703570095,-0.0026370806821473733,0.0003194071413652421,0.21690630029885133,-0.017879212242987687,0.0,0.01683338967752596,-0.10233319130774063,0.42778449193526397,-0.0011338857402799787,-0.08580740604073793,0.09670671741598115,0.0,0.0,-0.49858246934685185,0.0,0.0,0.0,0.0,0.0,0.0
0.3902139443505937,1.8704339650713977,1.355233071246344,-0.015270419085209689,0.009222680460982565,0.0533591989570467,1.7636403036600137,0.24384861204632652,-0.07672163947942602,0.1263124027131471,0.0005265708598651319,0.001013596514819071,0.3082801490337205,-0.004421460231737512,0.0,0.009025431280288987,-0.04559482109883196,-0.019687931807080946,-0.001485686383042931,0.019316218707062384,0.07288397446569889,0.0,0.0,-0.024652454143473387,0.0,0.0,0.0,0.0,0.0,0.0
0.3902139443505937,-0.7729016053000115,4.453604524747202,0.3722840710165488,0.015260469869529626,0.02314060756631675,1.9278830234453677,0.47837133482146643,-0.03477211156696783,0.12743612313318187,0.0008195639584052504,0.0006185837887420007,0.2539256497983328,-0.0050156945592562795,0.0,0.018961396954110678,0.05556336148060219,0.03724533021194466,-0.0015993321928276212,0.027355261653484036,0.10225610974201259,0.0,0.0,0.05584871545261257,0.0,0.0,0.0,0.0,0.0,0.0
0.3902139443505937,-0.14736595271921377,1.8339615142513734,0.34424695768611957,0.018632374688220227,-0.03346954553820139,-1.4174318289584467,-0.5889124684533972,-0.1431958316262989,0.10737184910140458,9.088197621093911e-05,0.0003261948148730134,0.2356215121707616,-0.007376143561559879,0.0,0.014379953195748604,-0.16160825413357507,0.057975441900435486,-0.0008838742054852124,0.02612989562576221,0.16236508317809245,0.0,0.0,0.3254545667286182,0.0,0.0,0.0,0.0,0.0,0.0
0.3902139443505937,-0.32884880551876267,4.535470173021699,-0.3146936874826535,0.006511571493559097,-0.0902863853686238,1.856433817927909,0.34372743736437145,-0.030112028662054365,0.09764384892274752,0.0017564916494371113,0.0009849055669518703,0.2453800659151986,-0.007799415685533179,0.0,0.020335752849852024,-0.13472435020667192,0.04135359240946151,-0.0017802498797952976,0.023651808970933358,0.08850038064788632,0.0,0.0,0.03937319271089026,0.0,0.0,0.0,0.0,0.0,0.0
0.3902139443505937,-0.31845137016298686,-1.5380447149206062,0.007775946003648679,0.003966800421838877,-0.055042235640125364,-0.417894764078228,-0.18071424744108455,-0.014624203569138518,0.045205139237135594,-0.43051893605987335,-0.11891444746169036,0.23120388841063216,-0.015241505517273393,0.0,-0.04305808129492382,-0.08867298832494298,-0.7369768420611974,-0.0012981158753222035,-0.03341737115138805,-0.9343179306511052,0.0,0.0,0.7372788888225948,0.0,0.0,0.0,0.0,0.0,0.0
0.3902139443505937,1.3722894169027293,3.352988707471168,0.039916532351658214,0.022198946508085324,0.05465247948772261,2.2285463179474507,0.4624610542134447,-0.0616098952449077,0.09899002285786268,0.0012884303988317455,0.0009799020549353297,0.26349002032098084,-0.005356278320593831,0.0,0.005618259323471047,-0.0568900534602736,0.009498484953253141,-0.001363332598107019,0.014399404669790172,0.04538809408008623,0.0,0.0,0.004629588264355183,0.0,0.0,0.0,0.0,0.0,0.0
0.3902139443505937,-0.29633417190178996,-1.7859743684191303,0.2839217509997814,-0.0001785036788829071,0.02694831280068275,0.5888108477082388,0.14305997644757526,0.012589220381111006,0.20940804289610354,0.004978988197333104,0.001979477921719978,0.2735449872935834,-0.01393587863126569,0.0,0.004257193545772598,0.29680016661620373,0.042261167190333584,-0.001313506461460028,-0.0006016436156047476,0.16422457714432548,0.0,0.0,0.05136041939014684,0.0,0.0,0.0,0.0,0.0,0.0
0.3902139443505937,-0.4558159433785349,-1.6351250155810906,0.045971044594173664,-0.0034501605764525652,0.008354902685961802,0.14885433696779818,0.13149612038565467,0.005766086372243728,0.13185041308697912,0.00490552367174458,0.001929435484644889,0.2572399208792142,-0.014240709835820627,0.0,0.009022704570086415,-0.1077762794175295,0.03437527109881897,-0.0011507546259991377,0.01650338048871834,0.1594270864920391,0.0,0.0,0.046631121911534165,0.0,0.0,0.0,0.0,0.0,0.0
0.3902139443505937,0.940518680140531,-2.3556822814268927,0.16071158154045687,0.003962720769474177,0.030786985734345074,0.7345748261398632,0.1662650818649805,0.001666008408758504,0.11338109317925313,0.004941730771837708,0.002075242330579336,0.2728327264194274,-0.008451562246360213,0.0,0.0015328319719875457,-0.05175069558833105,-0.008755951794724133,-0.0014514892824521388,0.01648628002103092,0.07278367241503356,0.0,0.0,0.017719186432433618,0.0,0.0,0.0,0.0,0.0,0.0
0.3902139443505937,1.2972829831535195,3.432873332540321,0.016358039663278885,0.010976392237755761,0.009779630435365857,2.1293325207713054,0.36121795316199623,-0.06488860051755105,0.10412909302776323,0.0019806214166242153,0.0010740562721174853,0.25020622599124925,-0.005561118083153018,0.0,0.00755686192364093,0.04645392619397102,0.029247899481448528,-0.0015221936558024978,0.01524110286738352,0.0220711010063647,0.0,0.0,0.053755231238691865,0.0,0.0,0.0,0.0,0.0,0.0
0.3902139443505937,-0.42528388618000784,-1.766866048658485,-0.07712385640855311,-0.005595085042450543,0.02334995500168058,0.6006086105839209,0.12500550784013217,0.020205422058521952,0.13840892512884623,0.00255837056911976,0.0008660068138907395,0.26629566325074183,-0.031625021450332164,0.0,0.006562029780162396,-0.3650239991865355,0.05824486238140288,-0.0011201489322758146,0.0025621052380052196,0.11782068124603969,0.0,0.0,0.08723992880906903,0.0,0.0,0.0,0.0,0.0,0.0
0.3902139443505937,0.9273417721418754,3.0517302622335314,0.08827641123451556,0.019193889682510394,-0.027452867370419975,-2.311905044987472,-0.49400139957438105,-0.1513857864753813,0.08276283769438147,0.00041724239342660603,0.00024136111343345238,0.21778369364752298,-0.008394605468356934,0.0,0.013388645531480793,-0.12054346291652375,0.04343765778528999,-0.0008643266631692982,0.023527068960936228,0.12967421315954658,0.0,0.0,0.0034164298206958445,0.0,0.0,0.0,0.0,0.0,0.0
0.3902139443505937,-0.404068891512282,-1.6915753358408734,-0.11392457697843228,-0.004745116176137034,0.025604742202939165,0.2694339571360765,0.11129420979255168,0.0025736113089477913,0.19114710176690813,0.004950503891698624,0.0019244048313441136,0.26093851339603313,-0.008574550895713033,0.0,0.004573989127812714,0.13156200353967626,0.03841931491061136,-0.0013760410150938734,0.008065980783343453,0.15295156561995932,0.0,0.0,0.04228606224611723,0.0,0.0,0.0,0.0,0.0,0.0
0.3902139443505937,-0.07495575514829736,3.900741224275485,0.24159743209883008,-0.0008715286780591497,0.0682281271685985,0.8834416507354864,0.3905281341634347,-0.04581123705856812,0.10553344188932909,0.0011354893328404422,0.0009345171799424535,0.25511866960111307,-0.004668574552416324,0.0,0.010769907845737454,0.1493014883919971,0.042647328486394694,-0.001248795907931444,0.012603511272556033,0.09283753045448026,0.0,0.0,0.041374466883273564,0.0,0.0,0.0,0.0,0.0,0.0
0.3902139443505937,-0.2052840097828379,-0.9747483172994484,0.08153740959486143,0.001141876866689539,-0.012345967961144285,-0.2640879547373496,-0.13734076311874346,0.034671224138038456,-0.020684319481524535,-0.002450704386953359,-0.00043252230901743395,-5.314524947238257,-0.013987748247982938,0.0,-0.0012190366439122952,0.032908718750879744,-0.2374845573076019,-0.004248662805459194,0.027637160854104954,-0.04532858832346639,0.0,0.0,0.28749549724510287,0.0,0.0,0.0,0.0,0.0,0.0
0.3902139443505937,-0.08207082457737,2.8692568284324635,-0.27786148790816617,-0.00036569371782073183,0.019602727847337627,1.7290024368483923,0.31692465885334536,-0.050080279907587975,0.11817199842656678,0.0015058255815208065,0.0009873020590471914,0.2419844557628119,-0.007872554072771541,0.0,0.017320257449119435,-0.1720261882892896,0.04688754149955846,-0.0019310771421621553,0.020844843697427902,0.061508195518190506,0.0,0.0,0.025113519525859287,0.0,0.0,0.0,0.0,0.0,0.0
0.3902139443505937,-0.06298101479797359,-1.2190414330582051,0.17733712683837016,0.004055545301465317,0.0042282108021354315,-0.2759871821712672,-0.11998822226105782,-0.024127338607613305,-0.4301647035106682,0.0015301899081766107,0.0002717116296037425,-5.217290231111363,-0.010980859765692925,0.0,-0.010020802147388451,0.051018976153397434,-0.33469867128055847,-0.00435367059829164,-0.0012035406079056088,0.013793052062461855,0.0,0.0,-0.23097894500487487,0.0,0.0,0.0,0.0,0.0,0.0
0.3902139443505937,-0.3203710633398738,-0.8876257696294043,-0.1556379187095923,0.004238385166359766,0.015398231597025282,-0.5056562579422321,-0.16617857843273312,0.20626529768824983,-0.3080465450184637,0.00624759083998017,0.0019105606767739183,0.24236711127825505,-0.011791198645239408,0.0,0.02667667083217466,0.19227425110457755,-0.0060646070189992116,-0.004768967028310642,-0.013395800210072266,0.5570412969262544,0.0,0.0,0.21966234473738666,0.0,0.0,0.0,0.0,0.0,0.0
0.3902139443505937,1.564743168366685,-1.4879870237274095,0.3686372319568805,0.0054438115350107915,0.01734309593342247,-0.3089925365848719,-0.15378342738952316,-0.02229889799834807,-0.01711872713639336,0.0003175339179137869,0.0005179951323542294,0.2795624597846879,-0.010251173697884572,0.0,0.005694158843475316,0.020232398535674007,1.5876946282768445,-0.0013589973406457044,0.17310010694712905,-0.16153210557804193,0.0,0.0,0.33516917471081364,0.0,0.0,0.0,0.0,0.0,0.0
0.3902139443505937,1.2820150273924142,1.245165799915093,-0.06488182925524554,-0.1142793872058891,0.02465749530440143,1.3646971824158336,0.31653160952225917,-0.0685332271784095,0.11789866365639853,0.001971378628489183,0.0009144109062608071,0.3066781435731521,0.6012356094981244,0.0,0.006592663828355505,-0.016699378142849643,-0.03640755770883825,-0.0013494304835249818,0.016308373222685902,0.07065784028776458,0.0,0.0,0.0026292744045485475,0.0,0.0,0.0,0.0,0.0,0.0
0.3902139443505937,-0.2121912860074491,-1.1510986261576084,0.30324891939993814,0.0036059704757031266,-0.00734970599981374,-0.3619316565947109,-0.16351326881609188,0.015753876590386507,0.14370710371018644,0.002820829671770207,0.0018806889215158436,0.24426854261743858,-0.013502522811959584,0.0,0.016223635182524194,0.564920976053091,0.00399437723360169,-0.001259659951303419,-0.08815656467055878,-0.049993754885967884,0.0,0.0,0.8550643167453061,0.0,0.0,0.0,0.0,0.0,0.0
0.3902139443505937,0.24824282954740992,3.7388339763456147,0.13872030777966177,-0.008787101138892068,0.003612914072819895,1.0257195304219007,0.39172347623152853,-0.06295164576009005,0.10361315760199587,0.0010722322247054656,0.0009163986898787698,0.2545154603071206,-0.004684855910332919,0.0,0.010659971476417604,0.2113538238223782,0.04064727942821773,-0.001248795907931444,0.012605243682920453,0.09039714967196406,0.0,0.0,0.03532406239591473,0.0,0.0,0.0,0.0,0.0,0.0
0.3902139443505937,-0.03998394576358033,0.8823469857498681,-0.11691860102838765,0.0127266718825966,-0.0437300970771987,-2.8482793454973505,-0.625455498234961,-0.21330474739783087,0.083304698794904,0.00040672228591200066,0.00024136111343345238,0.21186243721946899,-0.008290872181488045,0.0,0.012119445528924041,-0.05405463645797184,0.03451843370596937,-0.0008643266631692982,0.02216125273916658,0.14555998599486708,0.0,0.0,0.026872145474274058,0.0,0.0,0.0,0.0,0.0,0.0
0.3902139443505937,-0.21379612079511026,-1.6532039306684452,0.39808790403953703,-0.003629119573656461,0.03787633041050833,0.7379521255871335,0.1430522205055303,0.012856657845464626,0.21319638749804742,0.004910869259499055,0.0021180879877897895,0.27869519887499866,-0.010464321024714233,0.0,0.003235533223366056,0.4284194516987886,0.043742513237458466,-0.001313506461460028,0.001911306330442164,0.16472700603727858,0.0,0.0,0.05524422537102937,0.0,0.0,0.0,0.0,0.0,0.0
0.3902139443505937,-0.32824488737901236,-1.7825629453519256,0.12917755323997485,-0.007887856211030816,-0.021191723186093626,-0.08092438284770301,0.09375158920423646,0.013161933539626696,0.11532669735677928,0.004369844932206242,0.0020282699027903183,0.2540808335602517,-0.011542114730542214,0.0,0.011328463014086262,0.02550229027973378,0.02754657685293176,-0.0011003292058201896,0.007459515650656733,0.15065391230639671,0.0,0.0,0.03417003136178924,0.0,0.0,0.0,0.0,0.0,0.0
0.3902139443505937,0.0479580614932284,3.308332124050058,0.4312325080148496,0.0044153867129900675,0.01799078214323879,1.8244827327454751,0.4166461791613292,-0.056818601066525726,0.11237080634892817,0.0007830475436068114,0.0009703150537503908,0.2573048257799709,-0.005374343528620329,0.0,0.01647322384536411,-0.08872841364820032,0.037103796066147984,-0.0012347713864217836,0.021274860354213408,0.10049502293647239,0.0,0.0,0.03999564274791419,0.0,0.0,0.0,0.0,0.0,0.0
0.3902139443505937,-0.8141943054102999,-1.145653854645926,-0.5168576881684559,-0.004500118934514884,-0.16433505730045858,0.5728225358804322,0.12040237107538766,-0.01292966050337156,0.12965533673773338,0.0038885200323314256,0.0017276479863397442,0.2461558145499163,-0.01060877204882243,0.0,0.006173986445186534,0.13759405675245712,0.02815556840203131,-0.0013983222094299634,0.026227131122405167,0.13826812577935166,0.0,0.0,0.004980531059268853,0.0,0.0,0.0,0.0,0.0,0.0
0.3902139443505937,-0.4157074569895511,-0.8990309053368122,-0.039331976760046204,0.0043397369889710095,-0.02820148137145806,-0.4999040428671899,-0.21348330960043876,-0.0444302511281157,0.003988290097131191,-0.004095424462343538,-0.000493118798156791,0.2270956143595934,-0.021638591881423627,0.0,-0.0015362555184051088,0.012176727573219729,-0.15022935519004113,-0.0011132313796269604,-0.5268964232010424,6.833208212166297e-05,0.0,0.0,-0.15680015680930318,0.0,0.0,0.0,0.0,0.0,0.0
0.3902139443505937,-0.23628782304558682,5.204678769286545,0.31341779381433205,0.007900279461655228,0.010326584968311344,2.057567979047717,0.6595021566999656,-0.03886002585881484,0.13398233040003393,0.0008464339020943101,0.0007140641971447551,0.2642056193482351,-0.004584446703457212,0.0,0.021716588422360867,-0.06710366640780012,0.03830624868659054,-0.0015993321928276212,0.02327358768041114,0.10923101837092725,0.0,0.0,0.04650144311365172,0.0,0.0,0.0,0.0,0.0,0.0
0.3902139443505937,0.1877790062381643,-1.0630498264892585,0.2890982761714233,0.005319469330296709,-0.015380553873362676,-0.48913264768401093,-0.17718837237783,0.01270152509536251,0.014787462599208418,-0.002896980470865193,-0.0008180494508889608,0.23809135472119702,-0.013966242662386988,0.0,0.003623307531735557,-0.08959860917670448,0.0276244988227022,-0.0013400829608069174,0.04659795258931568,0.05148628560819041,0.0,0.0,0.27465343312426116,0.0,0.0,0.0,0.0,0.0,0.0
0.3902139443505937,-0.5049582139821789,-1.0422071645970674,0.4483636116707447,0.0005695892012391568,0.049921469714037235,1.3075330108398544,0.2163820578022436,0.003755826578102799,0.1757156129245916,0.0038368072122392377,0.001674836413376909,0.2669489747403428,-0.007826710375781492,0.0,0.027225525351135975,-0.006347701234402544,0.031778776741081864,-0.0020150308657753357,0.025923202631136042,0.16722282635671015,0.0,0.0,0.05239560573301193,0.0,0.0,0.0,0.0,0.0,0.0
0.3902139443505937,-0.21259517365827058,-1.5537105465875198,0.15765117664724684,0.00497701427469805,-0.01720347575880351,-0.46096521131883955,-0.1741056678334058,0.016153312991504822,-0.055603890475510065,0.002217427886252597,0.0010020536345837978,0.2225192693269574,-0.016612757710213984,0.0,0.002515641430307521,0.05985938887431549,-0.12678215291792644,-0.001213016926678581,-0.09340147360687617,-0.5482441965592312,0.0,0.0,-0.6708579365852418,0.0,0.0,0.0,0.0,0.0,0.0
0.3902139443505937,0.544847191581493,3.6576628565820535,-0.2504687996047739,0.006241986345172181,0.060316719460844034,-0.12072657632569435,0.4263865807785835,-0.1074607980797188,0.10314195837192017,0.0010072261502740518,0.0005212958482157862,0.2509892343941541,-0.005143068828549502,0.0,0.0034171531623762743,-0.1306931520473155,-0.03260846711204393,-0.010073728820768731,0.010186186414967272,0.03897249213771149,0.0,0.0,-0.051514482104962525,0.0,0.0,0.0,0.0,0.0,0.0
0.3902139443505937,0.8070541021125267,3.8787024618496133,0.3952696333387869,0.03858289436761476,0.01147673471140386,1.8770377298123284,0.48566477432319166,-0.043749773164252104,0.11936009801823773,0.0016001018863403163,0.0007366489415736876,0.2613021732152104,-0.00504998895780672,0.0,0.008895972809064403,0.024011886920501827,0.0070321901970318,-0.0014429466062105625,0.017277804450929163,0.04531151264709819,0.0,0.0,0.04633074972820308,0.0,0.0,0.0,0.0,0.0,0.0
0.3902139443505937,-0.44831394140820857,-0.9062708522728914,-0.47620980532819485,0.004279847527508709,-0.01373271511456005,-0.6700164847733133,-0.19203253808811618,0.191914975331214,-0.20519926555393353,0.00025073787971544156,-0.0006087356018642232,0.22537216042455235,-0.011136225010301967,0.0,0.009717218235448851,0.11499375080666421,-0.10362935379963051,-0.004936366954451309,0.008694354517582414,-0.5611909381134857,0.0,0.0,-0.6108429462643724,0.0,0.0,0.0,0.0,0.0,0.0
0.3902139443505937,0.11487095949268324,-1.8292421541337545,-0.05364806401202223,0.005283143453628911,-0.024748881580647787,0.14115620066612403,0.1146269282137701,0.0077148845315907185,0.1159392003253748,0.005783052947684041,0.0020084210657430003,0.2583054870398432,-0.007126185772720721,0.0,0.0038387068007306817,-0.15390848406644916,-0.004858182450718023,-0.001365119690796962,0.025014922953852638,0.05211695410594153,0.0,0.0,0.06349239897767812,0.0,0.0,0.0,0.0,0.0,0.0
0.3902139443505937,-0.8141943054102999,-1.145653854645926,-0.5168576881684559,-0.004500118934514884,-0.16433505730045858,0.5728225358804322,0.12040237107538766,-0.01292966050337156,0.12965533673773338,0.0038885200323314256,0.0017276479863397442,0.2461558145499163,-0.01060877204882243,0.0,0.006173986445186534,0.13759405675245712,0.02815556840203131,-0.0013983222094299634,0.026227131122405167,0.13826812577935166,0.0,0.0,0.004980531059268853,0.0,0.0,0.0,0.0,0.0,0.0
0.3902139443505937,0.9802865868199677,-2.3704725863709815,-0.30942288403700285,0.002318400577150101,-0.22618157613818685,0.7526617319464056,0.11333950214948421,0.00038999751055506464,0.09607270055129871,0.0054374086055707935,0.0019063153054730635,0.26480431243517644,-0.00938534547917624,0.0,0.006439184587475158,-0.1272485280137912,-0.005906814838733383,-0.0013567768751915972,0.016931649220630153,0.06925779215222219,0.0,0.0,0.015265277395946896,0.0,0.0,0.0,0.0,0.0,0.0
0.3902139443505937,0.6984041620037756,-0.948252333336509,0.0052320321204424175,0.005368037840470767,0.030793125516281526,-0.36750628515962636,-0.18071431380612796,-0.025340716488951927,0.11825997485947513,0.005781720825899158,0.0018320958965590518,0.24634527009462334,-0.011886636974901292,0.0,0.002586496960783706,0.5844031821976227,0.12800298929389334,-0.0022130572899864637,0.05320880958631507,-0.7648533769958622,0.0,0.0,0.7434614472740333,0.0,0.0,0.0,0.0,0.0,0.0
0.3902139443505937,1.4802018634422098,-0.3021455798593873,0.6112157871793478,-0.0009627755234216147,0.03751250463077591,1.2852502674298483,0.19237248616451497,-0.0009824639747682581,0.13746074197767877,0.006553421007672583,0.0023177335711157534,0.28449854053703916,-0.004367373271266632,0.0,0.018250564651035396,0.1182415335472767,0.03178240419947839,-0.0022449851856434317,0.02340329570057816,0.08153304082114253,0.0,0.0,0.04621325806768864,0.0,0.0,0.0,0.0,0.0,0.0
0.3902139443505937,0.9225699342376249,-0.1606236363750165,-0.4103134429971992,-0.02722672421664823,-0.02286130706902008,-2.9047699649925165,-0.6946536127054849,-0.1850792562338297,0.09008360954981412,0.0008675657615788398,0.0006969987660007361,0.20554945352156606,-0.00643338153309986,0.0,0.009147173826020929,-0.22680529324658782,0.0011564084831087982,-0.0010888529737574427,0.006292623596716365,0.0634938473893028,0.0,0.0,-0.08689342039116806,0.0,0.0,0.0,0.0,0.0,0.0
0.3902139443505937,1.0319436545400864,-2.3643213521012383,-0.29725462512591283,0.0020230397572020835,0.04542050331895578,1.094724358579248,0.18091818375566432,-0.006150822518219207,0.13195232179097927,0.005663511656738433,0.0019340798478231307,0.2628387848197822,-0.006353517513233856,0.0,0.014884169834328916,-0.05629180620572024,0.007225379495922859,-0.0022335538735566603,0.018485455082299807,0.03974628151668053,0.0,0.0,0.03367923229912139,0.0,0.0,0.0,0.0,0.0,0.0
0.3902139443505937,-0.22563636118432115,-0.974265133540616,-0.03554153520171463,0.003985700508053542,-0.03845729606731038,-0.38415392607079263,-0.17555745123965874,0.08301671787158084,0.005347121285330806,0.002340468502923809,0.000718499708250842,0.23574375897960276,-0.013552814166670804,0.0,0.012905676309879153,-0.03824318422061909,-0.1754099110773218,-0.0011411756850000024,-0.20123365125678444,0.22416418343660854,0.0,0.0,-0.16811701532169263,0.0,0.0,0.0,0.0,0.0,0.0
0.3902139443505937,-0.10471608739724514,3.4173610873198075,-0.21691057071131367,0.0008535748781594218,-0.10576865476341732,1.9388535839718204,0.3246865446434388,-0.043078721429629194,0.09383957982773038,0.0017027552822195407,0.0009640557806514955,0.23939681184934242,-0.007963853307987264,0.0,0.019316762810479383,-0.17946343941503376,0.04022513001860705,-0.0017802498797952976,0.02365109177235597,0.08408540570636405,0.0,0.0,0.03815127984255181,0.0,0.0,0.0,0.0,0.0,0.0
0.3902139443505937,-0.5297973026552636,3.919216395123105,-0.17101732713753953,0.012586573726577423,-0.1542730134639937,2.34078538651328,0.34469110507366285,-0.03754354855613347,0.09876119849226953,0.0013922967251378704,0.0005668190171702909,0.23840038628463667,-0.007718808471979131,0.0,0.019682823018657994,-0.07969674640522116,0.03802594832454408,-0.0017802498797952976,0.029400804226768062,0.10681940903530164,0.0,0.0,0.06698095331290897,0.0,0.0,0.0,0.0,0.0,0.0
0.3902139443505937,-0.04973489579054771,3.793408151586793,0.12762358903704,0.00829861556128372,0.06296696453785171,1.1512039201521393,0.48175074876344975,-0.06644559450018357,0.130632938547173,0.0014298563134342106,0.0006507551458239181,0.2556674030194734,-0.005952031045422141,0.0,0.018054295800629297,-0.036643874688280974,0.035879720383929455,-0.002099079507182031,0.019437651048862647,0.11659709884627259,0.0,0.0,0.015539626916994332,0.0,0.0,0.0,0.0,0.0,0.0
0.3902139443505937,0.9014862577753644,4.581619006486243,0.511044701727153,0.0038208056649063887,0.030321417081987472,2.069467793962026,0.38118807800622523,-0.0432034377734213,0.12568080207897026,0.0017442151192915028,0.0008089042323025868,0.265595882044559,-0.0029481517401535504,0.0,0.01421281633086413,0.08548021860541728,0.02262177659652822,-0.001829286512695717,0.019378751154844342,0.04894397347392198,0.0,0.0,0.03366246851970441,0.0,0.0,0.0,0.0,0.0,0.0
0.3902139443505937,-0.2301661692432829,-0.8744146546287168,-0.08553799330654274,-0.0025531761080900468,0.029367634110082915,0.22525132443991425,0.059498908628806475,-0.020703889460942784,-0.8969052316145953,0.0031649670874738163,0.001085669456384562,-5.411197774231328,-0.003438258755040185,0.0,-0.0076681055956701475,0.05029748234138081,0.04977605868358986,-0.013901468142754973,0.018137933575035802,0.06295364477436682,0.0,0.0,-0.12881729964994965,0.0,0.0,0.0,0.0,0.0,0.0
0.3902139443505937,0.26466272569321836,-0.8427105465228111,-0.32173662547374354,0.029547803376592047,-0.039977334814887806,1.0501691272792002,0.1270418741973246,7.287128243860158e-06,0.1299139207581591,0.005726407491643343,0.0016589920759232306,0.2597984521950992,-0.008889970665134993,0.0,0.014311780245339087,-0.07563149082060816,0.0053172215811742056,-0.0014573691045820963,0.028018349757447398,0.022738455724477302,0.0,0.0,0.10145195287205376,0.0,0.0,0.0,0.0,0.0,0.0
0.3902139443505937,-0.7614864357885505,-0.9334418040617565,-0.4504389396933251,0.02052587124849672,0.024070087966832545,-0.6276165288410607,-0.1856008570836657,0.18297056500306735,-0.29003812622948466,0.005599675741067632,0.000850547386674536,0.21280378768351277,-0.013068815803300547,0.0,0.005010436819027246,0.07499591294527273,-0.2877708473116482,-0.00475849643139288,0.06662539600544737,0.0767681433156777,0.0,0.0,-0.6696068852524438,0.0,0.0,0.0,0.0,0.0,0.0
0.3902139443505937,-0.404068891512282,-1.6915753358408734,-0.11392457697843228,-0.004745116176137034,0.025604742202939165,0.2694339571360765,0.11129420979255168,0.0025736113089477913,0.19114710176690813,0.004950503891698624,0.0019244048313441136,0.26093851339603313,-0.008574550895713033,0.0,0.004573989127812714,0.13156200353967626,0.03841931491061136,-0.0013760410150938734,0.008065980783343453,0.15295156561995932,0.0,0.0,0.04228606224611723,0.0,0.0,0.0,0.0,0.0,0.0
0.3902139443505937,0.9445520845646366,4.292372229534123,0.5056777618618469,0.03833443966629306,0.047496706758592605,2.4983611594725463,0.4749168364877539,-0.046150905225874346,0.13206006942411944,0.001610461285050586,0.0010453590029802816,0.2699776178703784,-0.00446835456042228,0.0,0.0112298239440124,-0.050404150155937015,0.012246524642868885,-0.001796859108911531,0.02308203041749837,0.046497078949903424,0.0,0.0,0.04787195426877429,0.0,0.0,0.0,0.0,0.0,0.0
0.3902139443505937,-0.2651013996111965,-1.135225566894773,0.21767401720360688,-0.0058544294679071865,-0.01114661757327566,-0.10049287640777124,0.08491948031949449,-0.026628066171990344,-0.8778503056179655,0.0020050871426137186,0.000591238544417611,-5.22913662342057,-0.006439682304939147,0.0,-0.47652979417998936,0.14171290530912328,0.02518978690945507,-0.014087842151196345,0.011759804130586594,0.0483996369480267,0.0,0.0,-0.14490144429350557,0.0,0.0,0.0,0.0,0.0,0.0
0.3902139443505937,-0.8141943054102999,-1.145653854645926,-0.5168576881684559,-0.004500118934514884,-0.16433505730045858,0.5728225358804322,0.12040237107538766,-0.01292966050337156,0.12965533673773338,0.0038885200323314256,0.0017276479863397442,0.2461558145499163,-0.01060877204882243,0.0,0.006173986445186534,0.13759405675245712,0.02815556840203131,-0.0013983222094299634,0.026227131122405167,0.13826812577935166,0.0,0.0,0.004980531059268853,0.0,0.0,0.0,0.0,0.0,0.0
0.3902139443505937,-0.18536680872891387,4.426804610249986,0.32385793636323634,0.00913350862256231,0.004946560582189405,2.027009770612792,0.4293150626966845,-0.04219746525003015,0.17661146137581138,0.0006198310295181501,0.0007564496814998525,0.26268662750668975,-0.0031744783342796752,0.0,0.015888920619032295,0.08252798471556605,0.05314071136966918,-0.0018218221687042314,0.022913502646023313,0.10856619967232015,0.0,0.0,0.04633698166836925,0.0,0.0,0.0,0.0,0.0,0.0
0.3902139443505937,-0.42437958336557197,-1.226798433958707,0.2894239333064718,0.001985601373274576,-0.03163259223744401,-0.33108317149242306,-0.19914266711534345,-0.004411798354725598,-0.5011975284397003,-0.0010752117406140705,0.00024624353497734985,0.24675960889692003,-0.020423921054297068,0.0,0.0025533123344571923,-0.12969665956362017,0.033513186805919117,-0.004330724326715599,-0.018735002006901258,-1.4021938514270198,0.0,0.0,-0.3242159078518454,0.0,0.0,0.0,0.0,0.0,0.0
0.3902139443505937,1.6352752956489782,-1.0226397191904686,0.7580994168210969,0.007833407344745769,0.03067946070912193,-0.2982356661660418,-0.13614077764719187,0.03383886632531519,0.07064240890020418,0.004902994694251548,0.0013825764924754783,0.27414289560682864,-0.00903836772031745,0.0,0.0012317670782502172,0.06768060781608913,-0.12801506067347446,-0.00201203454141695,0.019634704356564562,1.7097769906811087,0.0,0.0,0.043018736711924535,0.0,0.0,0.0,0.0,0.0,0.0
0.3902139443505937,-0.172910036660324,4.4611991388183325,0.191906250503767,0.015373108750110677,0.045983705400730095,1.073559886015245,0.5179531585061703,-0.06295031333568786,0.12700568423781425,0.001126365921065146,0.00048286462008796216,0.253014899995717,-0.0054293915592711515,0.0,0.018936206335939055,0.03184142824108342,0.04042276531386968,-0.002099079507182031,0.028595252831087405,0.10544943328034849,0.0,0.0,0.05021019892392734,0.0,0.0,0.0,0.0,0.0,0.0
0.3902139443505937,-0.6431245865417269,-1.2519800379925465,0.03849583665181323,0.003472822293342866,0.025566770528960663,-0.2136832953165143,-0.1615630049937733,-0.05670166766494767,-0.5053067934476243,0.00512682054798868,0.0012146185688376254,0.24695391185359977,-0.013473182512883005,0.0,0.01278226265739311,-0.07467233387981173,-0.17751277051071218,-0.003707075736051487,-0.04244357006266087,-0.5727710555739874,0.0,0.0,-0.5112248462597411,0.0,0.0,0.0,0.0,0.0,0.0
0.3902139443505937,0.025434039495245635,1.8267354129901359,-0.1629432826689269,-0.23400606762831702,-0.023061454081108386,-2.7102380381259494,-0.6564969148987367,-0.1803323131970141,0.07680506913402091,0.0013768329334757847,0.000521477092743599,0.20879317228716449,-0.005435994718632783,0.0,0.010795849112385472,-0.3057477219672231,-0.024507576343408083,-0.0011272861477343468,0.01820098466831967,0.043053900200217904,0.0,0.0,-0.01062607695986366,0.0,0.0,0.0,0.0,0.0,0.0
0.3902139443505937,-0.40624492676573865,-1.433070305679941,-0.15260140011765655,-0.005953816509717818,-0.012358725528914068,0.3143570048019585,0.13604928596398197,0.01207790614075368,0.09575893726294578,0.0035597245464424666,0.0011031793589804516,0.25067363955402305,-0.00923076156589497,0.0,0.010284394198922433,-0.15561201055812107,0.047934104862250006,-0.001150414965511703,0.015570518783922651,0.11406258650483404,0.0,0.0,0.04342768421480907,0.0,0.0,0.0,0.0,0.0,0.0
0.3902139443505937,-0.7398496590119857,-0.6763269870265878,-0.354892720055733,0.007912457818249955,-0.04672513348950191,-0.7864660182664294,-0.1835453432923365,0.09225523297875199,-0.37187379132646664,0.004572836739430161,0.00244646790219805,0.22875536661886736,-0.01288676689758437,0.0,0.01603751613737264,0.2844345710188868,-0.15469688705425033,-0.004461989416124777,-0.025728917308254145,0.3086613997133566,0.0,0.0,-0.45927903411180243,0.0,0.0,0.0,0.0,0.0,0.0
0.3902139443505937,1.2121574447023893,-0.1442355972648829,-0.44787890866391084,0.009259722205949424,0.06172826451682196,1.3856871313153434,0.20374275065491673,0.0005270215226915083,0.1249486857339129,0.005835442437815091,0.001758479883185581,0.26270467959945043,-0.006691133703541398,0.0,0.0236401990173731,0.008850603978612304,0.024949436724928425,-0.0027949308926615143,0.019222755369992465,0.037605192654237826,0.0,0.0,0.09561902737565924,0.0,0.0,0.0,0.0,0.0,0.0
0.3902139443505937,-0.5297973026552636,3.919216395123105,-0.17101732713753953,0.012586573726577423,-0.1542730134639937,2.34078538651328,0.34469110507366285,-0.03754354855613347,0.09876119849226953,0.0013922967251378704,0.0005668190171702909,0.23840038628463667,-0.007718808471979131,0.0,0.019682823018657994,-0.07969674640522116,0.03802594832454408,-0.0017802498797952976,0.029400804226768062,0.10681940903530164,0.0,0.0,0.06698095331290897,0.0,0.0,0.0,0.0,0.0,0.0
0.3902139443505937,-0.026453032498734458,-1.1619008703536775,-0.3236992470465162,0.01025767896187647,0.037547077571942804,-0.603205538132265,-0.17689539738093363,0.22972829638099776,-0.321749137402101,0.006960036134269334,0.002301253927164192,0.2506275608689995,-0.006927791051061117,0.0,0.02435554360137098,0.1599395835731923,-0.005200715183357086,-0.0060338115284154165,-0.05430916429847564,0.6151350578437118,0.0,0.0,0.04094969621278098,0.0,0.0,0.0,0.0,0.0,0.0
0.3902139443505937,0.009793126231015052,5.128054272525459,0.14409277968413586,0.006653731836553189,0.0735124351498814,2.3187272920489765,0.5471759725206545,-0.03021021863071052,0.11389126093377094,0.001409318464295291,0.0005837465749169825,0.25036519614942115,-0.006623808471451532,0.0,0.02059855420014575,-0.06992091310777981,0.047161535298707584,-0.0017802498797952976,0.029483484299959225,0.12336254556008268,0.0,0.0,0.1088612119977485,0.0,0.0,0.0,0.0,0.0,0.0
0.3902139443505937,3.130756752604463,-0.37125123297880636,0.3409925697033852,0.007554342306987544,0.02237245311578035,-0.559985765372269,-0.1845270850860367,0.22133826281044247,0.052694350569849814,-0.0019008479655495555,0.0018359693424047964,0.2775001216059484,-0.009387826697290373,0.0,0.01073435440816754,-0.0032397107130163263,-0.2623917749060239,-0.0015079841255705019,-0.026426600161616,-0.8025667982325918,0.0,0.0,-0.021555685950303386,0.0,0.0,0.0,0.0,0.0,0.0
0.3902139443505937,-0.4557477854762772,-0.8355779233938075,-0.5516689589337631,0.0042869393291385255,0.0011853174214040924,-0.6187765909173987,-0.1869758239463852,0.20235837785331315,-0.24283180581063857,0.0030913908010141043,0.0003582492246858028,0.2291832866083056,-0.010855927247572277,0.0,0.010109988999717013,0.20008273173408392,-0.04524350861747741,-0.004936565423615216,0.03353719669452849,-0.21867837576812252,0.0,0.0,-0.5225054245413201,0.0,0.0,0.0,0.0,0.0,0.0
0.3902139443505937,1.1787676216027583,-1.7169779623074344,-0.38866200576599735,0.002500770786328205,0.00943991985597075,-0.446005220782992,-0.20650040632833264,0.0039001793349348252,0.05024337953844592,-0.002904707663407764,0.00016578576014961307,0.2513545154759181,-0.010600037252553702,0.0,0.009439302235018713,-0.006698372003056276,0.34905417446437254,-0.0017571955256950752,0.08536436659873994,-0.5782947641957142,0.0,0.0,0.44147339756767456,0.0,0.0,0.0,0.0,0.0,0.0
0.3902139443505937,-0.12493638548757634,-1.3141567436012567,0.21081074744581615,0.0025421690022063045,0.008518947012257177,-0.6915177842427237,-0.1893586964069355,-0.0774267210221408,-0.374970787185385,0.0077800226336018005,0.002386029955300515,0.24083153302852092,-0.01010384040927813,0.0,0.015565606515670285,0.055569743045541374,-0.2885265772655553,-0.004309180828335995,-0.08763415652736059,0.147936289064229,0.0,0.0,-0.1555264825680521,0.0,0.0,0.0,0.0,0.0,0.0
0.3902139443505937,0.30695135370143,-1.6060638924063504,0.1990385352076221,0.0024732760154530116,0.013723728987959784,-0.40754736726168966,-0.16048579674823144,-0.016692897561095866,-0.3429442810211551,0.0063287399836448035,0.0017817658598461813,0.25764616223973513,-0.011977206229838758,0.0,0.00465683824688046,-0.021817770182950672,-0.12902552239738718,-0.005542818504300032,-0.3776123430018002,0.009612474636249386,0.0,0.0,-0.18641665520358316,0.0,0.0,0.0,0.0,0.0,0.0
0.3902139443505937,-1.511395249864183,-1.076508504288593,0.25949804161986956,0.0026592117107815953,0.01700846962360867,-0.7754160198255602,-0.11679081700020115,0.26347444642387724,-0.4194442491590623,-0.0011374836919589223,-0.0005816209335056242,0.22934739210317928,-0.009536555969520228,0.0,0.010885202351987177,0.07596688490792128,-0.5590619160193893,-0.004679175843587068,0.024873826735316178,0.2110992672084773,0.0,0.0,0.0035726511629818576,0.0,0.0,0.0,0.0,0.0,0.0
0.3902139443505937,0.796568028743087,-1.3978708942584164,0.25443003017921906,-0.003449974761168516,0.019046186345250373,0.8371151713541258,0.18915896917519634,-0.0001495192629366266,0.1037274126083416,0.0036839999590758386,0.001434882846994368,0.2810364950802729,-0.013288212494324447,0.0,-0.0009051604215084663,0.05755774498892299,0.023595308643999828,-0.0015453783913672587,0.017287220030650773,0.06014846534779058,0.0,0.0,-0.008957742700005428,0.0,0.0,0.0,0.0,0.0,0.0
0.3902139443505937,0.8161579338892543,3.0889835493118887,-0.4561677607506541,-0.08396772840155554,-0.04622056769006456,-0.19402391926967855,-0.6652076243382498,-0.07077708390689443,0.16899927743666435,-6.555919546311851e-05,0.00037524433724417286,0.2302055080402167,-0.008521111614050978,0.0,0.012413485095883615,-0.12865731591430818,0.0837679937877086,-0.0008496774962082037,0.028915584222078534,0.2101177121682721,0.0,0.0,0.33397483451588034,0.0,0.0,0.0,0.0,0.0,0.0
0.3902139443505937,0.138674306240249,2.8015133483974877,0.16635125417653612,0.0015008205076523496,0.020828908762923162,1.9210790128087414,0.366721862083601,-0.04820347976073278,0.12625219642164504,0.0014024102850064893,0.0009299271896644112,0.24608028444115457,-0.007360317373171407,0.0,0.01855911194036886,-0.17206292022761527,0.046929528647949484,-0.0015944308060048399,0.022654787912566872,0.11486540215171506,0.0,0.0,0.05478180099131412,0.0,0.0,0.0,0.0,0.0,0.0
0.3902139443505937,0.33492220911794374,-1.9098217753078783,-0.02188909087524483,0.0084703865114176,0.022654413782306673,1.1055841415560452,0.17501502253246048,0.004718809017200731,0.15787514250185516,0.005868385196031585,0.0019729493742768876,0.26666884654046596,-0.003077145131949499,0.0,0.011850548630012395,-0.028694445302975723,-0.003956045195553971,-0.0019170023727563747,0.02917143304954039,0.05103177026057246,0.0,0.0,0.05731253315858968,0.0,0.0,0.0,0.0,0.0,0.0
0.3902139443505937,-0.5071491988379095,-1.7288881807606615,0.21170678199013782,-0.004937529583831392,0.026542586942426897,1.2842471826312396,0.17844581078455524,0.019587484079144644,0.1849840685341404,0.003502561447332571,0.0013768129541081328,0.2650701099085568,-0.005911531323637532,0.0,0.021133920404750664,0.06432112960680428,0.05305254026828645,-0.0016875459941648493,0.030551241508169798,0.15151538063094405,0.0,0.0,0.12976942603734326,0.0,0.0,0.0,0.0,0.0,0.0
0.3902139443505937,-0.6787275839968637,-1.5406008131356796,0.06127233008234032,0.004968838512519539,-0.003736375658021933,-0.4921978789448369,-0.13580344584540852,-0.015973341325392094,-0.05196705646446645,0.0004724433884462796,-0.00024813303405123963,0.21323811561539857,-0.014855274282789294,0.0,-0.0003030091995825698,0.023825159457593482,-0.38956839618693534,-0.001278358108171334,-0.33309775961915183,-1.1535744336416487,0.0,0.0,-0.598823667673831,0.0,0.0,0.0,0.0,0.0,0.0
0.3902139443505937,-0.205154909989323,-1.3548220576753838,0.20028468538089264,-0.0010666317953740999,0.0362492843119231,0.8288779572215549,0.21726813934839914,0.005009404760280909,0.18109179612955156,0.00319316066469811,0.0009689683021544788,0.27038643758297826,-0.012788230610391103,0.0,0.009134918268539335,0.015540097077977271,0.09796559763726108,-0.001571222444323749,0.013738535920125548,0.16634850343924718,0.0,0.0,0.02330254513238398,0.0,0.0,0.0,0.0,0.0,0.0
0.3902139443505937,-0.2786795516583783,4.309735791673915,0.4023524058591741,0.008180841059453237,0.04340364912866725,2.0165436442831832,0.4420611135287084,-0.03663313347400694,0.13186195129840364,0.0008205313734684329,0.0007210593712967901,0.2628727248057517,-0.0049757324239879585,0.0,0.021353073101727276,-0.11774380643641645,0.04686853931841573,-0.0015993321928276212,0.02491949205178518,0.111171046399317,0.0,0.0,0.04783500693440443,0.0,0.0,0.0,0.0,0.0,0.0
0.3902139443505937,1.9452866204276644,1.3011184944644114,0.20977876588596628,0.009222680460982565,0.05533048887148112,1.928325720200439,0.2771585184689089,-0.08133745162546216,0.12200355808885077,0.0003964873609673394,0.0010391431386372408,0.3134930428296601,-0.006330798473792416,0.0,0.005954163853716805,-0.02010040983453564,-0.023274658627312386,-0.0014536998035432072,0.016672751555666554,0.06843599785797033,0.0,0.0,-0.02985858954069162,0.0,0.0,0.0,0.0,0.0,0.0
0.3902139443505937,-0.058848908935312284,3.9336210564493848,0.06603923971893005,0.014772611939949812,0.03927291067230315,1.0055826475734093,0.3686258537256605,-0.04373248006265808,0.13097881863658162,0.0006360555678772124,0.0005571543402585102,0.25365372589097224,-0.005792403665444391,0.0,0.018573704930046085,0.04448633572813578,0.04307568862987783,-0.002099079507182031,0.02946426679960693,0.11665323702787381,0.0,0.0,0.0613186757917322,0.0,0.0,0.0,0.0,0.0,0.0
0.3902139443505937,-0.5740279867982503,-1.6011666315192699,-0.22502894878701143,-0.0010369807648317223,-0.1142804425668597,1.0785964582251695,0.17960018246536108,0.011620641838166286,0.13630402053121382,0.004361345777615601,0.0012830876160289733,0.24293760757086183,-0.009204746322039584,0.0,0.02311213929155995,0.016271381079075043,0.050463310048741036,-0.0018685579618035323,0.0288798977797282,0.1162654520704306,0.0,0.0,0.09942868777845397,0.0,0.0,0.0,0.0,0.0,0.0
0.3902139443505937,0.10591983248385205,-0.6051953833669901,0.3705006934956939,0.004626545034024213,0.008160252423039624,-0.34490752602046304,-0.1427454323839383,0.04074398857458357,0.06790006773233234,-0.0017248792029820536,-0.00035841649245430766,0.24950520467896709,-0.01928938707039114,0.0,0.017330419100360876,0.05154359179694536,0.28905288117519246,-0.00111574728488103,-0.12933327086617355,0.21502061089654234,0.0,0.0,0.09643827226118182,0.0,0.0,0.0,0.0,0.0,0.0
0.3902139443505937,-0.6013993995261002,-0.9624007696320139,0.25792501132057394,0.00718678347538125,0.012007878865245998,-0.6524793540873642,-0.20461840693344183,0.018181742974905934,-0.08806277102118863,0.0004728030374316225,-0.0001507361433090157,0.2268155341194911,-0.01583218509533243,0.0,0.011242262320228203,-0.11353732512160383,-0.08756234775536897,-0.0011336931274068603,0.021044971859737586,0.18324157198054128,0.0,0.0,-0.35216153660579114,0.0,0.0,0.0,0.0,0.0,0.0
0.3902139443505937,1.0838273378196168,4.782964010939084,-0.10865591935928144,0.014717317513486254,0.02845162452072298,2.2099403604348637,0.6271341261078576,-0.053916705157310854,0.11808899154348022,0.0013135573571552172,0.0006699189754680953,0.26319913025246916,-0.003849854253578839,0.0,0.01284740683883773,-0.058245679880806846,0.012199579966183469,-0.001749174563315603,0.01520234987599096,0.04929082564877143,0.0,0.0,0.010426176282359137,0.0,0.0,0.0,0.0,0.0,0.0
0.3902139443505937,-0.2599294081221809,-1.7799110890737098,0.16254204215883905,0.001909015733594559,0.029038065977475422,0.7542742126998029,0.2006783835678558,0.014552827220555117,0.151983917429062,0.005044049540544824,0.0019762559898831226,0.2634682711767565,-0.01084415320322533,0.0,0.010501894522277715,-0.03046308316947647,0.03091368319592229,-0.001290892444625403,0.008977108842388684,0.15877604475018323,0.0,0.0,0.03925681790390478,0.0,0.0,0.0,0.0,0.0,0.0
0.3902139443505937,-0.6518832051140736,1.5837280497209254,0.1848461753965494,0.02017118019467537,0.0026129653374326674,-1.9183530639825215,-0.672119339388815,-0.22046451875813355,-0.013626441323759715,-0.0002773416827891662,9.187168162224252e-05,0.2072390531503561,-0.011473066322318252,0.0,0.010247685400948805,-0.16434299316357417,-0.3790695925328405,-0.0009516584495617047,0.014621794322764574,-0.07777926515080037,0.0,0.0,-0.6147451714921441,0.0,0.0,0.0,0.0,0.0,0.0
0.3902139443505937,-0.4922941839527952,-1.55797058427069,-0.002096380991036492,-0.001570763765808556,-0.014023475577932668,-0.7148566172649369,-0.0931156122931755,-0.04272226872937936,-0.9886377134108393,0.0008665028135484384,0.0004921116761703832,-0.9249473680263338,-0.013351618079772847,0.0,-1.1029786620405997,-0.11695822366056428,-0.25580793188332757,-0.02757498271679001,-0.2703475879895475,0.06622465123342199,0.0,0.0,-1.1480311111463706,0.0,0.0,0.0,0.0,0.0,0.0
0.3902139443505937,-0.0679556969440851,-0.5819071353551862,0.03364507009113418,0.0024931258037226346,-0.026685089197379212,-0.8597424198003158,-0.15590599592115692,-0.045692978281540446,-0.5460378793182814,0.00208016038594158,0.0006014836065237034,0.25534241184668,-0.006869843969773479,0.0,0.26724036400760637,0.3156690065344525,0.07750484662433094,-0.004450888102938739,0.10099364671180946,0.39366897431947234,0.0,0.0,0.3203118068278212,0.0,0.0,0.0,0.0,0.0,0.0
0.3902139443505937,-0.03551165307404824,-0.7605392715279774,-0.24984628306592116,0.0034507779775732345,-0.030745205488461217,-0.06111332776986928,-0.15955631382885016,-0.00041669653394779243,0.2247935579653212,0.006615202821326214,0.002566113106023584,0.26981181973771745,-0.01529281376078144,0.0,0.01025851578334532,0.03242338367064716,0.26159625650996465,-0.0041234013923296476,0.12462794164031187,0.013316534254476044,0.0,0.0,1.6441158005318899,0.0,0.0,0.0,0.0,0.0,0.0
0.3902139443505937,0.1114453434748219,3.4183613033730342,0.5035688988045334,0.001388071638127824,0.03186802285992187,2.1429221139288837,0.3338237172101945,-0.048688543936572896,0.13011095501927877,0.0006840150419547292,0.0008911397712183614,0.2559268389199776,-0.005052934982517398,0.0,0.020464613485087896,-0.018747154984598977,0.041164833185009374,-0.0015993321928276212,0.029737039694191406,0.10662755060985786,0.0,0.0,0.09142864378809308,0.0,0.0,0.0,0.0,0.0,0.0
0.3902139443505937,0.31849803200652266,0.828131802967697,-0.49015417239452774,-0.00890373284010512,-0.05086619329249942,-2.691404600872296,-0.6681864491622889,-0.12663002071837234,0.09598549335148888,0.0001886218659495093,0.00011845030861747843,0.2092018456751651,-0.008177499401970089,0.0,0.013810576976454192,-0.24216829861182637,0.04496097308342607,-0.0008396953003287724,0.02800231412376099,0.21204130203876342,0.0,0.0,0.09658876785436218,0.0,0.0,0.0,0.0,0.0,0.0
0.3902139443505937,-0.6895369818480986,-1.124655178176153,0.34371237877252303,0.005096938285936912,0.005340648406547862,-0.08445737138790486,-0.12138207526662745,0.15077903674268958,0.07586213781469209,0.005926772553183288,0.0007074299183855197,0.260162849015351,-0.013458755070176373,0.0,0.01201028060382267,0.5504147327670664,0.5611995102386874,-0.0012839813563384544,-0.030546374880254957,-0.24996264633724877,0.0,0.0,1.3176779065551754,0.0,0.0,0.0,0.0,0.0,0.0
0.3902139443505937,-1.3344125303326662,-0.6791646338274198,-0.2729986451977883,0.009229270758321398,-0.012628698567175729,-0.8581506085818772,-0.18713332794879473,0.22871657093600822,-0.2960222637737684,0.00011743614091426926,-0.00029284323968308695,0.21202917962348025,-0.011785098027493168,0.0,-0.004100599968401826,0.12111794987832367,-0.45263775069682927,-0.004756801408669137,0.10501788710040555,0.011139314505195308,0.0,0.0,-0.507059023774683,0.0,0.0,0.0,0.0,0.0,0.0
0.3902139443505937,1.125807525537671,-2.336562980070236,0.020813863309583416,0.00394505740605483,0.0438956442860413,1.008599160604217,0.18024189019673975,-0.004453976316560281,0.12120125383149287,0.005663324314315027,0.0019242344508944372,0.26572998788536795,-0.006338271687555946,0.0,0.0081375075799287,-0.013202524277520356,0.010037439285628095,-0.0015625665494140826,0.016860186504472862,0.048009387995514095,0.0,0.0,0.0335125697800919,0.0,0.0,0.0,0.0,0.0,0.0
0.3902139443505937,1.8089356084874122,0.2221032352307441,0.08207714891544458,-0.06261628306870677,0.004870447384136718,0.7756535997968785,0.17801884681603036,0.0025169040598149233,0.14159165152888706,0.006546584601213467,0.0016687551972466277,0.2891616237996486,-0.005089779101286773,0.0,0.006334497545988379,0.09128549737537017,0.024960784817143693,-0.0015997341622164415,0.01484826824487678,0.07439994219013424,0.0,0.0,0.10764741707304128,0.0,0.0,0.0,0.0,0.0,0.0
0.3902139443505937,0.8598405725381544,3.8479612825861573,0.09166897859169582,0.012869188543202986,0.08387383402760468,0.3018049426248922,0.41286964663006276,-0.09743346027297509,0.1236993627043998,0.0013961419451907074,0.0004987432677048706,0.2531134967024783,-0.0043392948306737,0.0,0.007772760774533868,-0.02201564665201413,-0.007808142155384594,-0.010105658283276345,0.015588527857898871,0.03810075139856157,0.0,0.0,-0.04175913858618861,0.0,0.0,0.0,0.0,0.0,0.0
0.3902139443505937,-0.5929541772481095,-1.2324887181690667,0.30265068333354617,-0.007926885252055356,-0.017915842752012988,-0.06270351840500234,0.14722343215012906,0.0033801896894740777,0.1253921994179694,0.0033178716929840304,0.001634844635395617,0.25430622485920035,-0.00754814708362739,0.0,0.021376944295400435,0.1360918652395,0.02638089508848035,-0.0011502715778365345,0.020954176585599678,0.15411220785006266,0.0,0.0,0.04185962502811289,0.0,0.0,0.0,0.0,0.0,0.0
0.3902139443505937,0.021415510456339812,-1.3776889354199924,-0.08217659559217319,0.0017557627088477413,-0.0183499202553586,-0.9012110064081008,-0.13174792263674548,0.01245085179968022,-0.3551808120998455,-0.0023083781351799846,-0.0013823986013605666,0.23388570480032186,-0.01689404213883313,0.0,0.004615857158612398,0.16271498353944272,-0.6821731265814838,-0.004735672629353541,0.03769915224788139,0.022877648263965544,0.0,0.0,0.3037736830309502,0.0,0.0,0.0,0.0,0.0,0.0
0.3902139443505937,0.2968321407686621,-1.485554213509329,0.13229112683537383,0.0050019431636433844,-0.008782750446821209,-0.3729520452761024,-0.15833181423362794,-0.03787905011629194,-0.4675572070801118,0.0010175542822252386,0.000752372737716141,0.26126381368405005,-0.009970503597437926,0.0,0.006356718401943016,0.10473840914338994,-0.11066319238947556,-0.0057323160879624415,-0.06039092749699335,0.12537520087380538,0.0,0.0,-0.07157709192623986,0.0,0.0,0.0,0.0,0.0,0.0
0.3902139443505937,-0.4985694532438844,-1.212303778572198,0.1428874871983813,0.004908837461344464,0.002860622778117323,-0.894896680570393,-0.1734448879034568,0.3032266863667455,-0.43983367364533255,0.0028732114301064787,-0.0002060528969108947,0.2256382991314488,-0.010082304480700898,0.0,0.00980927005578233,0.2132825179669028,-0.43629771784577365,-0.004823236228100776,0.010978071574471936,-0.6542253316359069,0.0,0.0,-0.7084432708989323,0.0,0.0,0.0,0.0,0.0,0.0
0.3902139443505937,1.5373780011081888,2.3730089432021835,-0.22810013426144746,0.009538297367016793,0.014593553767272066,2.2962332630482796,0.3065999906871068,-0.07887748650950473,0.0937891346629649,0.0012416465099314763,0.0009701148529387094,0.25865895187891086,-0.005717968883551915,0.0,0.0050880682285497185,-0.10825336654863113,0.006438667159206617,-0.001363332598107019,0.014164189065833381,0.0418155055508483,0.0,0.0,-0.002173978021238665,0.0,0.0,0.0,0.0,0.0,0.0
0.3902139443505937,-0.7857818536583879,-1.2313976980036196,-0.5812914596758544,0.00035632034101572686,0.03407251377323398,1.0751425086893216,0.15339099092170191,0.004441425395463273,0.12816902460462593,0.005119159121881601,0.0018888889409042478,0.24667519102991617,-0.011110687008999927,0.0,0.022661638723639622,-0.09976759372057939,0.03455050082835645,-0.0025328270548785935,0.025147233425630147,0.107739916612082,0.0,0.0,0.05859860708071767,0.0,0.0,0.0,0.0,0.0,0.0
0.3902139443505937,-0.09621321663240438,-0.4851060870121994,0.01581316185499354,0.001295517356539583,0.03735328047639717,-0.8759160807736186,-0.17980978446350201,0.03845210672478849,-0.4102436493867112,0.004145380485264776,-0.0003872052991973546,0.2376820358115131,-0.0072297200378995926,0.0,0.011470794709423035,0.23838397426110272,-0.16323855048979105,-0.004546951632224422,0.03505391581761827,0.14823243413865025,0.0,0.0,0.4401668911519116,0.0,0.0,0.0,0.0,0.0,0.0
0.3902139443505937,-0.019563148735253603,-0.9241934896485466,-0.020701445542771618,0.003146426081943526,0.008510450064324519,-0.30741265709370413,-0.14906216989479706,-0.013291494609134006,0.1877748673734706,0.004158580142003758,0.0015898706763854717,0.23919515765123497,-0.018831902481740777,0.0,0.006644136792362403,0.19606375837051282,-0.04619901336718104,-0.001328431691897544,-0.048636604568889186,-0.24449013742772577,0.0,0.0,0.5152490199041969,0.0,0.0,0.0,0.0,0.0,0.0
0.3902139443505937,-0.30366432039069285,-1.3033153489151097,0.09289769366025037,0.004053867024714887,-0.006592320784440485,-0.677665125179274,-0.18721041111005424,-0.11370370547914509,-0.3615893176363677,0.00687926197169202,0.002028219302212671,0.2432370944348082,-0.010141450043760512,0.0,0.02881787491915585,0.06302580997015549,-0.228871795033307,-0.004249071191187659,-0.17664080578068458,0.16614132597831358,0.0,0.0,-0.29279490300655536,0.0,0.0,0.0,0.0,0.0,0.0
0.3902139443505937,0.2068674807030046,2.9661987706719666,0.2410994601413819,0.027148732497984225,-0.03918371437293205,-0.46125021618718104,-0.6567403531096899,-0.14643407096641078,0.14299183916486263,-0.00011660838956106432,0.0007394509307001732,0.23989549376778038,-0.00680547707071849,0.0,0.014146802772582368,-0.07053625554985928,0.07661089300307762,-0.000887107317383359,0.021854279861415644,0.1475696291690673,0.0,0.0,0.2395658082232609,0.0,0.0,0.0,0.0,0.0,0.0
0.3902139443505937,-0.2897252319150026,-0.8333960301522662,0.10384347874864207,-0.0018513101317438176,-0.0008524941480096012,-0.8032138955129849,-0.19261779639472126,-0.021032527306493666,0.13668236582777765,0.002753285893652046,0.00068658477494411,0.24091952152502297,-0.01720037653793434,0.0,0.01960868234419337,-0.1376045723680945,0.08309165765783376,-0.0014297966896192466,0.011526551497994251,0.2015377084565117,0.0,0.0,-0.05603504255494172,0.0,0.0,0.0,0.0,0.0,0.0
0.3902139443505937,0.26882495941506157,3.492135488821796,0.4862995221159529,0.04165446715614885,-0.025880401914918902,-0.9076838537655162,-0.49008375615993144,-0.11895588470855419,0.10559028219712346,8.571823342583043e-05,0.0003261948148730134,0.24140314635213636,-0.007089278393763059,0.0,0.013893307973407475,-0.16267333340118234,0.056916678669342455,-0.0008838742054852124,0.027343013135471435,0.16856851002530665,0.0,0.0,0.3209566948404928,0.0,0.0,0.0,0.0,0.0,0.0
0.3902139443505937,-0.6898973169922681,5.037958923941126,0.12956725727068377,0.016755359722452297,0.03990866101534239,2.3602960216007807,0.4826122707313385,-0.032781520054486576,0.10079056339055874,0.0014079371248059537,0.0005598238430182558,0.24237194598897557,-0.007043906814620464,0.0,0.019622615748366396,0.0011113381354725708,0.039077312414570554,-0.0017802498797952976,0.026788459988810357,0.11250385166712769,0.0,0.0,0.06485475501589023,0.0,0.0,0.0,0.0,0.0,0.0
0.3902139443505937,0.47378938080721933,-1.3968391715523083,0.02347965696033313,0.012081906972477708,0.009120224154489693,-0.46384659493564256,-0.17568150984795666,-0.005770958453734137,-0.008415311462121234,0.0023877728203298997,0.00064220320654329,0.23952014453370823,-0.008609445801030487,0.0,0.010580649372539382,-0.15108102510405946,0.027780786589493286,-0.002314183100652875,-0.33332751018658907,0.08580441502745602,0.0,0.0,0.062277070047576495,0.0,0.0,0.0,0.0,0.0,0.0
0.3902139443505937,0.15912641956911522,-1.6177676926545883,-0.1585953788167807,-0.016448946098262723,0.040206509162510846,-0.3765036661784089,0.03551261791826269,-0.029042575195971403,0.14291937297072987,0.003639489156011372,0.0011936750035742446,0.2559211181233187,-0.009341126597359512,0.0,0.008600615273415733,-0.3851228784415486,-0.007625684948538035,-0.010609787447904358,-0.006124655361689351,0.021010140184043208,0.0,0.0,-0.09225512640940256,0.0,0.0,0.0,0.0,0.0,0.0
0.3902139443505937,0.0570171023236017,2.017545759577154,0.3590396914767431,0.027179788180474295,0.008751994054781359,0.4139009430163922,-0.19625739373299184,0.8734672131492391,-0.5244733300738864,-0.0014411583076231619,-2.8574853226124256e-05,2.9871117857726786,-0.007688516502391885,0.0,-0.0863318291905204,-0.3000494653178432,-0.0797392791201017,-0.0033786288273364856,0.016808982682360935,-0.25422840361931265,0.0,0.0,0.5173555878796894,0.0,0.0,0.0,0.0,0.0,0.0
0.3902139443505937,0.41364729521810484,-0.4058133068357488,0.12765718757727015,0.0009942672160940386,0.019484088210477913,-0.69850747615224,-0.15002716807135139,-0.02719217612355513,0.13185258933380473,0.0037104246664921136,0.0012876500289935185,0.23825747061624553,-0.010970613185664264,0.0,0.016979802089508857,0.02872518110713709,0.09861529138870136,-0.0012401457650343159,0.015231543810923329,0.17421823287979032,0.0,0.0,0.0673013619990984,0.0,0.0,0.0,0.0,0.0,0.0
0.3902139443505937,0.02101954276772101,-1.1806215153816106,-0.5058452858887353,0.015230446124084088,-0.09313538406625899,0.2260768985204889,0.1270343355091801,0.00036714427372977644,0.11883998428370705,0.00552871780513452,0.001664130038383059,0.24846529627372138,-0.007607521981140316,0.0,0.013388208185489164,-0.2390716591245145,0.0036499929695239155,-0.0014573691045820963,0.026219784067240764,0.022134518342490212,0.0,0.0,0.09999730435110192,0.0,0.0,0.0,0.0,0.0,0.0
0.3902139443505937,-0.3661375521714701,4.3446356493676825,0.13128244740504316,0.013905885394836155,0.0033442370158675294,1.733716909425968,0.43583894700888104,-0.036334876934381775,0.17117241957089022,0.000789407897464563,0.0006329176258774921,0.25949141736544473,-0.00509131246627745,0.0,0.0139419121967378,0.001115937202904397,0.041468175547429785,-0.0018110677013654774,0.024380147425451165,0.1055812242567809,0.0,0.0,0.10520150027321784,0.0,0.0,0.0,0.0,0.0,0.0
0.3902139443505937,-0.13984356774696124,-0.8964062205231945,0.0739513869702882,-0.0014708552894175614,-0.07272417954707669,-0.7882767556331784,-0.1546886654061545,0.028553471588800748,-0.3400772681031823,-0.0023543115246259026,-0.0016511245084397438,0.24404275957049168,-0.014915296524684976,0.0,0.011948522801016194,0.13092322211390173,-0.08754211258678027,-0.00484861799370391,-0.05417974379407582,0.13960801605518497,0.0,0.0,0.18683554344759762,0.0,0.0,0.0,0.0,0.0,0.0
0.3902139443505937,-0.1610032566521328,-1.2988233216509526,0.19772755564908626,0.004128634257869913,0.005033439838150942,-0.3737641446294811,-0.1887455429637616,-0.01601497136276169,-0.022633130646072797,0.0026342362952442755,0.0024197177821781457,0.23337208603046133,-0.016244597708017502,0.0,0.013313046521348602,-0.0002560978388702529,0.23480287262197524,-0.0010405071800872454,-0.12356978228441318,0.2717673350738016,0.0,0.0,0.23788899969029464,0.0,0.0,0.0,0.0,0.0,0.0
0.3902139443505937,0.016259622344044048,-1.2653854673498666,0.5411148734409635,0.0001151275941604708,0.047594455034278,0.3466393052538586,0.14974159844363824,-0.015208411527108284,-0.5431994354189219,0.004050842380535661,0.0015059449836354447,0.4011521186122904,-0.006854026700712471,0.0,0.4339103586292452,0.2650223593948035,0.25181954872062284,-0.018366058561980172,0.09226190677712044,0.37964217470663986,0.0,0.0,0.3150017086320251,0.0,0.0,0.0,0.0,0.0,0.0
0.3902139443505937,-0.6990885044581548,-1.0346285832433144,-0.4905728021686313,0.005845794230177441,-9.56387144114117e-05,-0.3464983802450172,-0.19702932640899548,0.0843704903524056,-0.3150043958289251,0.0030713415119736523,0.0014001072396604846,0.2138759854435398,-0.01501236403180423,0.0,0.006839414549918496,0.034967561028643006,0.028116084839527048,-0.004356380575159031,0.04728459789902855,-1.5396760066822188,0.0,0.0,-0.016452489060367437,0.0,0.0,0.0,0.0,0.0,0.0
0.3902139443505937,0.28342460468604314,-0.9930400612141949,-0.09409518452414987,0.0005716877760033059,-0.009885454525696545,-0.3482827317590535,-0.14792091481675487,0.005756206870303499,-0.4778327941144461,0.007472890931121664,0.004025674174484881,0.2538407985911398,-0.008216208872329362,0.0,0.010323491710736633,-0.2088621169085803,-0.34219369042178394,-0.0047270932473868635,0.027886691195414436,-0.23934652733267164,0.0,0.0,0.0824838104436334,0.0,0.0,0.0,0.0,0.0,0.0
0.3902139443505937,0.41270122794340675,4.600718211372935,0.34114060515502137,0.03559714048054696,0.014273662757534236,2.0158573924191545,0.4189643440346952,-0.03955562153116799,0.13388926002060875,0.0009365883522075945,0.0007285957608843285,0.26355226965192785,-0.001804260559750416,0.0,0.01750791689590025,-0.04551120708081979,0.0027751300087297134,-0.0018395430387579002,0.027872830205627988,0.04721293436815968,0.0,0.0,0.04502710760699594,0.0,0.0,0.0,0.0,0.0,0.0
0.3902139443505937,1.2509465177068504,-2.299079709451429,0.13268346883320864,0.0021948763876859603,0.0432836535064724,0.7096288309678511,0.1591393681339667,0.002835918615582223,0.10503174122867659,0.00488442698425838,0.0020698835144110535,0.27963162486271,-0.01756207633646361,0.0,-0.0003172459890403693,-0.193013601028108,-0.0030658665901344534,-0.0012609260436469262,0.015310106831961552,0.0749026319057216,0.0,0.0,0.01958884376374056,0.0,0.0,0.0,0.0,0.0,0.0
0.3902139443505937,-0.8525009755313457,4.249412533741761,0.2334021609326233,0.015377324498054262,0.005953409330766339,1.9521977302693203,0.5983323210923893,-0.03774164161542429,0.1275072016756283,0.0008211388876282298,0.0006115886145899655,0.25304344542400653,-0.005216022376937677,0.0,0.01938733007800283,0.02190040937038382,0.03589397896072044,-0.0015993321928276212,0.027671025524404605,0.10052382282882301,0.0,0.0,0.05330259525088307,0.0,0.0,0.0,0.0,0.0,0.0
0.3902139443505937,1.2136841933000562,-1.724970046576924,-0.18323257193461132,0.005024039612640213,-0.16525964870117663,-0.304458935575893,-0.16820539220006206,0.012978269688848158,0.04974074539039278,0.006243141999073721,0.003026077405524006,0.24808329542337876,-0.010548654782453945,0.0,0.011976950494209538,-0.11257091410869637,1.532419056816861,-0.0018141084051828136,-0.07723956413787053,-0.28950749295593214,0.0,0.0,-0.18695548964844289,0.0,0.0,0.0,0.0,0.0,0.0
0.3902139443505937,-0.43384652864570394,-1.517621970885646,-0.1651564618343477,-0.006306260389411494,0.02353430855688327,0.21702395339992703,-0.05280356524729448,0.021573606913493873,0.12254134405672813,0.0025401574846550348,0.0008725402332969127,0.2699754070653503,-0.03181454315481246,0.0,0.007817844207072641,-0.3664104280850713,0.08587788189203525,-0.0010840779191256809,0.008466707576537892,0.16725424171806216,0.0,0.0,0.12277212206716669,0.0,0.0,0.0,0.0,0.0,0.0
0.3902139443505937,-0.5384844573247453,-1.2122737122304965,-0.13079788168418735,0.002497662789131464,-0.055946620279233764,-0.3325277434475034,-0.1569748692411319,0.11010287727848296,0.023768900562045534,0.003965280513006717,0.0029738254976183595,0.22351082123146887,-0.012637045037445636,0.0,0.013834731564799902,-0.0697386468256827,-0.5040949178925828,-0.0010669741765795848,0.038098539971390115,0.36001032591371745,0.0,0.0,-0.036375391566261774,0.0,0.0,0.0,0.0,0.0,0.0
0.3902139443505937,-0.4558159433785349,-1.6351250155810906,0.045971044594173664,-0.0034501605764525652,0.008354902685961802,0.14885433696779818,0.13149612038565467,0.005766086372243728,0.13185041308697912,0.00490552367174458,0.001929435484644889,0.2572399208792142,-0.014240709835820627,0.0,0.009022704570086415,-0.1077762794175295,0.03437527109881897,-0.0011507546259991377,0.01650338048871834,0.1594270864920391,0.0,0.0,0.046631121911534165,0.0,0.0,0.0,0.0,0.0,0.0
0.3902139443505937,-0.40624492676573865,-1.433070305679941,-0.15260140011765655,-0.005953816509717818,-0.012358725528914068,0.3143570048019585,0.13604928596398197,0.01207790614075368,0.09575893726294578,0.0035597245464424666,0.0011031793589804516,0.25067363955402305,-0.00923076156589497,0.0,0.010284394198922433,-0.15561201055812107,0.047934104862250006,-0.001150414965511703,0.015570518783922651,0.11406258650483404,0.0,0.0,0.04342768421480907,0.0,0.0,0.0,0.0,0.0,0.0
0.3902139443505937,-1.8923529334723972,-0.8680127750179772,-0.25824654004603814,-0.06951845179603632,0.001374600914427538,-1.2524526282300528,-0.29100987684383484,0.24129896880892363,-0.40241461932748107,-0.00753751309623146,-0.002341755183799982,0.21199459406551677,-0.012158531390433254,0.0,0.00011190595640693295,0.002527558792815509,-0.4243576885390195,-0.004695473368287749,0.022938115588477692,0.047433366010560064,0.0,0.0,-0.24612067438422142,0.0,0.0,0.0,0.0,0.0,0.0
0.3902139443505937,-0.5016992383188081,-0.9766481129979826,-0.1448058676625862,0.006874167380537113,-0.028031767919487645,-0.2672067397151326,-0.17624356159760496,0.006359490224972177,-0.0384106192085286,0.005124275259612452,0.0014626110603307364,0.23074436820450261,-0.015852436759738926,0.0,0.00813504403371386,-0.07555156096502,0.21298906911954665,-0.0012509201453667763,0.007071996551335081,0.46565848744925914,0.0,0.0,1.422854495056551,0.0,0.0,0.0,0.0,0.0,0.0
0.3902139443505937,-0.6041666385152722,-0.76056023374544,0.3785291524792762,0.007340683970949909,0.02033696124329379,-0.5142085702029299,-0.18893952488332677,0.1519953527108459,-0.05979245990084485,-0.007320216180610201,-0.0018437022079386709,0.2293277814550682,-0.01436821374308565,0.0,-0.004908755854091955,-0.018369922021153704,0.054754116915208234,-0.00112250720613541,-0.3495102659520912,-0.004314924102293438,0.0,0.0,-0.2480156987652746,0.0,0.0,0.0,0.0,0.0,0.0
0.3902139443505937,0.8541789484336783,2.080791464502685,0.6959989977225748,0.005109821532699168,0.0023857745605142403,-3.0648102630531624,-0.6084366641915586,-0.20263015108028096,0.08150856752481461,0.001284207252541576,0.0005330033782056875,0.2236422265964466,-0.004237432467995686,0.0,0.010735045081239495,0.004969086079543706,-0.006083810012541708,-0.0011067674500535914,0.0078592591930551,0.019610233462797194,0.0,0.0,-0.02181041735287759,0.0,0.0,0.0,0.0,0.0,0.0
0.3902139443505937,-0.34168482961202756,-0.8372432585351101,0.2765534416253909,0.00303412937880487,-0.005628611777050128,-0.07440561379247788,-0.12036410844833793,-0.009082302920167354,-0.008549698072994806,-0.0024646435190514896,-0.0006994152929347548,-5.62855929940872,-0.008987580312689394,0.0,0.00233973970758692,0.11509491069172197,0.09379845016876968,-0.004336629801593327,0.027103965840645994,0.011013441909855747,0.0,0.0,0.26174282397805315,0.0,0.0,0.0,0.0,0.0,0.0
0.3902139443505937,0.5505390873059618,-1.8661629793282246,0.612357582516113,0.0020582351575085356,0.015089299331346624,0.7774350104328995,0.1681682620367891,0.0042476783640627005,0.15985589815890064,0.006170952171387917,0.0024300812258826795,0.282907364009009,-0.009095838425563304,0.0,-0.0029163153424852993,0.11010175811339284,0.002490963518483097,-0.001548389337703023,0.013981311682953827,0.05548734346788452,0.0,0.0,0.09548402660393868,0.0,0.0,0.0,0.0,0.0,0.0
0.3902139443505937,1.5095375781391058,-2.117608109997677,-0.27444123303909485,0.004215383673971828,-0.014378497498517436,-0.4869033225879126,-0.1965585558191754,-0.05967524234139953,-0.012976624656984001,-0.25512435185376253,-0.17045647931049362,0.23359717005220496,-0.011173288299334028,0.0,-0.013817986499931902,0.008863623003952483,0.012138961213037954,-0.0019562743683473717,-0.1021160050259616,-1.0157570197598356,0.0,0.0,-0.03133900930572799,0.0,0.0,0.0,0.0,0.0,0.0
0.3902139443505937,-0.2811051676302291,-1.4506914649691662,-0.13422883504980088,-0.0019957394835913465,0.014897023868386457,0.6646575244806625,0.12767099399170645,0.0006007194993214464,0.12458328053943359,0.0037133807772957374,0.0011160253326508596,0.26033631049947575,-0.021233158106717193,0.0,0.01040015547738055,-0.04507905708274152,0.07510978594234174,-0.001157089981296925,0.017976273086411705,0.09961654904539584,0.0,0.0,0.008761296623444825,0.0,0.0,0.0,0.0,0.0,0.0
0.3902139443505937,1.673191308307106,3.2201092762292722,0.18038064115667016,-0.009616768837499502,0.04584928553877588,0.007833217599117004,0.20027364165781755,1.1820982568666625,-0.4174108108570187,0.0033501817546799447,0.0008547204115563043,0.28063835532517056,-0.004045409463843157,0.0,0.037372771291398245,0.0631759661861267,0.0034566548248014905,0.3435134775554162,0.02161160870184704,0.120953615126182,0.0,0.0,-0.35068807112481104,0.0,0.0,0.0,0.0,0.0,0.0
0.3902139443505937,0.47605043288522547,-1.3425850612179238,0.13960068471893006,0.005951850988551682,-7.631689215849655e-05,-0.5043930628677133,-0.21235235959927712,-0.010250528769543934,0.07334564538601634,0.004387317885071696,0.002425806882453043,0.2578011115822065,-0.008737301045848559,0.0,0.0024025368711184476,-0.061617680728940076,-0.028162038907665887,-0.001496327063075027,0.01767755649536628,0.0771059085289376,0.0,0.0,0.19977077509823726,0.0,0.0,0.0,0.0,0.0,0.0
0.3902139443505937,0.6641727300262147,-0.13040412296616521,-0.05405019344531718,-0.0012952716255139258,0.020028548966792854,0.27789516628617794,0.11472600447665791,-0.05831693437719123,-1.1574002723664896,0.003990229543164186,0.0016851070178611303,-5.71010223506797,-0.009018953475111745,0.0,-0.00962610934523678,-0.0780610029387667,0.024874553748326332,-0.01781727638374431,0.0016341679288086454,0.05413969563492047,0.0,0.0,0.05158789792482398,0.0,0.0,0.0,0.0,0.0,0.0
0.3902139443505937,-0.4259568541237091,4.330195575276607,-0.31165092015195067,0.0014312459757893836,0.007943067077186394,0.43052598400267156,0.35518019173341187,-0.0510794469729917,0.1369995201752506,0.0008850312317338429,0.0005984899901288467,0.24532958258221735,-0.0063467268705717,0.0,0.00922956860014414,-0.06205205792968727,0.043131817092911195,-0.009918459952629279,0.025582785913967745,0.11089468134088712,0.0,0.0,0.0536626284645725,0.0,0.0,0.0,0.0,0.0,0.0
0.3902139443505937,-0.2059048356442348,-1.2625731264832307,-0.716824368745367,0.006282959308406406,0.0081239754911043,-0.6375438760541469,-0.19349372509207538,0.1951937922032252,-0.47937462144085874,0.0049816975143887055,0.0021090204879457048,0.24134998233083682,-0.00793187091823489,0.0,0.027529275042986488,0.16531701977430419,-0.5095020293949667,-0.006084137580398544,-0.09408548644428247,0.0011744399350262066,0.0,0.0,-0.1480673869024593,0.0,0.0,0.0,0.0,0.0,0.0
0.3902139443505937,-0.4390919483904437,-1.4664120304422787,-0.363582097484587,-0.002601677111976019,-0.14080481653529003,0.9158726055909491,0.09787567224661849,0.010180250236045478,0.12229035263146881,0.003597039802651795,0.001105193852628943,0.24680766410145533,-0.006933930442776129,0.0,0.024075368048638548,-0.10926573499280504,0.04785693080766837,-0.0018736041341796362,0.0177777617556517,0.10943471728866395,0.0,0.0,0.03450990005428331,0.0,0.0,0.0,0.0,0.0,0.0
0.3902139443505937,0.16591404898455078,2.4964560558460347,-0.09209620561425591,0.02155779022500084,0.2954073057942454,-1.399094363446701,-0.3492134629814051,-0.13822034460811156,0.08976717481086115,0.0009611816293564526,0.00015385690403949044,0.2243958430391278,-0.009514329317190744,0.0,0.013097553470290546,-0.3024585772432074,0.055973198141427954,-0.0008973624932492876,0.026799967248354113,0.14568369389657762,0.0,0.0,0.26457106024509314,0.0,0.0,0.0,0.0,0.0,0.0
0.3902139443505937,1.0601481702559452,1.0923138690118588,-0.32774872884639883,-0.10043537294684385,-0.013403255107172248,-2.58285313627813,-0.7233964108692635,-0.20531125295766484,0.0771532074405279,0.0016355871181298817,0.0004984628930578006,0.2171033502125671,-0.006004259472419654,0.0,0.008824973362175246,-0.0366968943442992,0.03613095751515775,-0.0011170296216721637,0.0036585480553173997,0.054061211466293266,0.0,0.0,0.008782399119159684,0.0,0.0,0.0,0.0,0.0,0.0
0.3902139443505937,1.436247257322916,4.609800051563306,0.4852130666446336,0.014580383831733787,0.03368615413044043,2.4476009002379366,0.6523161852079207,-0.055304621305551346,0.12171503858555646,0.0011487182459750422,0.0006796302353510775,0.2702076936328517,-0.0026387520622287953,0.0,0.014633575976583704,0.02117331350063068,0.0194716795590118,-0.0017360873572727763,0.02065411438890855,0.05439791672050856,0.0,0.0,0.015719267084028946,0.0,0.0,0.0,0.0,0.0,0.0
0.3902139443505937,-0.8488452290943371,-1.3537496211036244,-0.566001225015258,0.00687166294682649,-0.10084213079681234,-0.6883328011821145,-0.20549383431761872,-0.026373074924222667,-0.06273547684752206,-0.010294721874089694,-0.00400095800710151,0.19974045251028458,-0.019335220967080534,0.0,0.004923354638734565,-0.3306723496506976,-0.27932619829877714,-0.0011882014041220484,-0.45654256970914453,0.18301043939845552,0.0,0.0,-0.41434176027867214,0.0,0.0,0.0,0.0,0.0,0.0
0.3902139443505937,-0.5857403381604509,-1.469572532233964,-0.5267349223455781,-0.016162875745462633,0.004687554194427904,-0.5634447176102753,0.09810812688702239,0.0012530763146583112,0.11767486749919041,0.004631401976295902,0.0018056527016985424,0.23063795823892874,-0.009880289063215057,0.0,0.014718347771063655,0.05997057682580334,0.033955378074488514,-0.001405506433574094,0.01780554571009252,0.1019618317672184,0.0,0.0,0.03995295114236475,0.0,0.0,0.0,0.0,0.0,0.0
0.3902139443505937,-0.09351821440151113,-1.206454223599739,0.29289165044388504,0.004388028402841222,-0.017642838278729783,-0.2694116054885637,-0.154964130046541,0.004208738500961873,0.1449694911444304,0.001544321012971621,0.0014829272889029226,0.24688457462580127,-0.013652294932970955,0.0,0.022404481686022115,0.4447182645985776,-0.1830316458972633,-0.0011466081695877387,0.1951767108364185,0.24353430271472565,0.0,0.0,0.2641907704411331,0.0,0.0,0.0,0.0,0.0,0.0
0.3902139443505937,0.5504807754182272,-0.8652111232334107,-0.0373674430610557,0.007440802377878905,0.007639685646741633,-0.4560020442059421,-0.22870119663181981,-0.016807322122851572,0.014555084241340995,0.006279840358588585,0.0018110245219525429,0.24028530430187572,-0.012297878306709803,0.0,0.0026049299039318688,-0.1547344570463042,0.2550884205448392,-0.0020887627376667125,0.05062174936968598,0.0048410630073682055,0.0,0.0,0.21624381711777887,0.0,0.0,0.0,0.0,0.0,0.0
0.3902139443505937,-0.08355294322267845,-0.7366559626010845,0.4091180123023527,0.006032181338950318,-0.005769734203484597,-0.6415686807063057,-0.1720843485628285,0.06436984615979026,-0.3031853170520615,0.000766074179461731,0.0011043909102955835,0.2696092093870517,-0.00740322743221376,0.0,0.043350797713690103,0.19956847044957646,0.6990198257363605,-0.0039631715049764146,-0.017811611640697517,0.3543245639802059,0.0,0.0,0.8701396577483884,0.0,0.0,0.0,0.0,0.0,0.0
0.3902139443505937,-0.8281241193572915,1.917965577182009,-0.5940255619510735,0.05945892705296566,-0.0853462416560031,-0.7181847128221932,-0.6748903949620687,-0.14139126667418103,0.10896378415278289,3.3344819371358633e-06,0.0002247487807139217,0.22317391377467125,-0.009235672688780264,0.0,0.011524644166245658,-0.15050251695128006,0.05587243161107195,-0.0009139666670271874,0.02182710036590111,0.08231586580777002,0.0,0.0,0.2324649318632972,0.0,0.0,0.0,0.0,0.0,0.0
0.3902139443505937,-0.2510235996449598,2.643544552711272,0.22788313487630749,0.03883498787194165,0.012130425100918149,-0.8228289169958257,-0.5061712179023949,1.1251701543368238,-0.32618241803484094,-0.11683087871786975,0.02860162184914703,0.24336257684558535,-0.007270755514582717,0.0,-0.010730923032927846,-0.11190566835395525,-0.6241141715811239,-0.0038200413961281005,-0.04125547778120519,-0.6009222755283584,0.0,0.0,0.20902189552468495,0.0,0.0,0.0,0.0,0.0,0.0
0.3902139443505937,-0.632019560300832,1.8704818565294885,-0.015877746820748714,0.03751560839547151,-0.027960589980879712,-0.6895024842868217,-0.6176326751377287,-0.17997503849959262,0.10237498520329306,0.00019026051688769273,0.0007114235866679466,0.2318625392628318,-0.008553682959651525,0.0,0.010436337721625468,-0.1107470323573522,0.05877045750761491,-0.000874620850367162,0.020568206107048195,0.1592953346781452,0.0,0.0,0.2728024365415625,0.0,0.0,0.0,0.0,0.0,0.0
0.3902139443505937,-0.16154141928381985,3.70552937485683,0.6393119376316643,0.05724335794679797,-0.03575471412762173,0.31704753157839954,-0.44301438165534573,-0.09053145403043997,0.1150016949609702,0.00013455798059389452,0.0003233515655429982,0.2452404416201605,-0.007088683748989337,0.0,0.014713558184584452,-0.18751824744515583,0.060247470327045534,-0.0008838742054852124,0.026172589010149357,0.1797069033509507,0.0,0.0,0.349573123364864,0.0,0.0,0.0,0.0,0.0,0.0
0.3902139443505937,-0.4169260679708221,-1.4047002116583307,-0.23067979068544112,-0.0027808723704995284,-0.06947631200048372,0.5590575262710381,0.11331239511653543,0.007467540388888809,0.15320873569389323,0.0038923228343240397,0.0010810735625220557,0.2580983070912035,-0.007291066680323196,0.0,0.005686967303136346,0.1254811355218216,0.05311534864039733,-0.0013577352066696034,0.008018435775026164,0.1147761747340526,0.0,0.0,0.03086306941010578,0.0,0.0,0.0,0.0,0.0,0.0
0.3902139443505937,-0.12586290592245558,-0.9716415168598194,-0.06971142173242866,0.005286445627776605,-0.017597816550340557,-0.30540677175940634,-0.15695293654644998,0.06379036903642839,0.09273891663587022,0.0007689095638925472,0.0008773769584693803,0.23612639585266745,-0.013953020373092474,0.0,0.019852019355326152,0.07806877123252678,0.35586163800917503,-0.001164167838206782,0.057759694765189946,0.4709767342162038,0.0,0.0,0.4702673141204833,0.0,0.0,0.0,0.0,0.0,0.0
0.3902139443505937,-0.7174735462722786,-0.6404493998770724,-0.43380893537701987,0.006040677385327815,-0.061547389709526064,-0.774674273374566,-0.19578613049603083,0.267946350859422,-0.23235455630433943,0.0012955870560729292,0.0002522144847913118,0.21786831421425712,-0.01210663998437076,0.0,0.012967932218950049,0.2647133050284496,-0.01029154687135913,-0.004618561944886836,-0.27161969739737113,-0.39728403885544117,0.0,0.0,-0.3429179435152143,0.0,0.0,0.0,0.0,0.0,0.0
0.3902139443505937,-0.34695597906968756,-1.8344878879521525,0.06434082172085977,0.0009602927882641563,0.01898010136345823,0.4275398780718894,0.09380328801240806,0.015329706894042157,0.13254720425094307,0.005044711069267873,0.0019409141966124483,0.2614802709254914,-0.0257888525054177,0.0,0.00802256049237643,-0.21567705487129854,0.02974870120570095,-0.0011003292058201896,0.007706003188298226,0.15740021070143687,0.0,0.0,0.035973753281528874,0.0,0.0,0.0,0.0,0.0,0.0
0.3902139443505937,-0.6113262890213268,-0.7795463135699977,-0.43506616759678574,0.003994770734307629,-0.04117906622442715,-0.26514160008211246,-0.16169624770915486,0.1324089308845863,-0.2898009829174581,0.002135623438342233,0.0008222548713602262,0.24209751713966646,-0.016578536742685678,0.0,0.010638987767017377,0.2592704001215413,-0.21066961942528561,-0.004301485390614737,-0.0804448442472485,0.3558406277427282,0.0,0.0,0.12336859198260995,0.0,0.0,0.0,0.0,0.0,0.0
0.3902139443505937,1.433625509768335,1.406498251619009,0.814064484274149,-0.023844913026307823,0.0975670851437238,-0.828673348986248,0.25995870467890336,-0.23140287016370767,0.06583068084782112,0.0006383316947392997,0.0006765663278183998,0.24538378197178204,-0.0036878347626412085,0.0,0.013197206305850894,-0.02842646733304859,-0.022219070616249822,-0.002248170928116956,0.020181716147765524,0.029456240991695224,0.0,0.0,-0.038260114938767555,0.0,0.0,0.0,0.0,0.0,0.0
0.3902139443505937,-0.7129151552408973,-1.2038795176933677,-0.4550516393306505,-0.015104895200975969,-0.10057590448043909,-0.22642552448673564,0.12038975163140049,-0.014214421271028767,0.09040552141054194,0.0035584479192765114,0.0016858650109905008,0.23177174323301253,-0.009608161020254056,0.0,0.012510329809656044,-0.02847962066213659,0.025265679303760974,-0.0013983222094299634,0.024156588881596906,0.1348171428744323,0.0,0.0,0.004483414346011866,0.0,0.0,0.0,0.0,0.0,0.0
0.3902139443505937,-0.10960672656627755,-1.2225274670826483,0.1419609422611722,0.00078372047700927,0.009401276087191067,-0.6876090588946201,-0.18621125134316668,-0.06472706397736108,-0.3536340773203735,0.007575127131755968,0.0021581337234513227,0.24189613473566174,-0.010609833852405664,0.0,0.0017060718777201609,0.05337469775113763,-0.17716633524347764,-0.004300740979553449,-0.0490500305560212,0.19466399566979534,0.0,0.0,-0.21642406966658256,0.0,0.0,0.0,0.0,0.0,0.0
0.3902139443505937,0.07232349239928039,-1.4528346638543392,-0.6347835310676639,0.012548965728219064,-0.08209036036430505,-0.7124934169022515,-0.24831819379162834,0.07191067141133384,-0.0179592256721669,0.0037284187458564385,0.0011497628426965429,0.20966426023369222,-0.01091030997042603,0.0,0.012592352021678849,-0.27241988590044974,-0.12480956407978583,-0.0030134520915114445,0.06635558465674458,0.10299197701359705,0.0,0.0,-0.352068065001292,0.0,0.0,0.0,0.0,0.0,0.0
0.3902139443505937,-0.11725570645878575,-0.9896093759685838,-0.2573118589965319,-0.03879342080093026,-0.004501077119663567,-0.4593519355023783,-0.21388896588172868,0.012224228743657625,-0.03882570876521775,0.0013806022771975146,0.0011897183631343164,0.22869146876901605,-0.016364379238041248,0.0,0.016156192051674328,-0.08367367288696947,-0.19298290700530443,-0.001125873857005245,0.015090977763182552,0.13439518453382873,0.0,0.0,-0.02441575424484132,0.0,0.0,0.0,0.0,0.0,0.0
0.3902139443505937,-0.2558310238161693,-1.4482852951046525,0.16192227069369436,0.020949842897919832,0.0347251696844923,1.145796887546925,0.1989481854124483,0.009111909100566978,0.17571253145621327,0.004040922830594541,0.001068673977334165,0.2621067694421654,-0.006220102506807692,0.0,0.022061386712567226,-0.10273012953009801,0.04565555806736552,-0.001681638515865003,0.021938238904435737,0.18981721893892628,0.0,0.0,0.0774646277633865,0.0,0.0,0.0,0.0,0.0,0.0
0.3902139443505937,-0.28024201362871015,4.325846816902402,0.255376528651697,0.012735114311705618,0.005515710017074925,1.6835401738278541,0.4691087092017311,-0.036455574156618265,0.11551910539779815,0.001321107028215311,0.0006759730270441515,0.25850195114973523,-0.0055003054544675925,0.0,0.013791398304259917,-0.05429735721069373,0.03886733241584294,-0.0012346652227878986,0.01682552376635727,0.10869003514418671,0.0,0.0,0.04036026677559103,0.0,0.0,0.0,0.0,0.0,0.0
0.3902139443505937,-0.27221611446745186,-1.2865941112129782,0.1557110074573999,0.0019172482407619248,-0.0037555523873928193,-0.6451870003025654,-0.18540302810527953,-0.10750767849917407,-0.3219482932183837,0.0011012673859927345,0.0008439522224248538,0.24464769044472134,-0.009502396926710769,0.0,0.03699438574570917,-0.010446326368741462,0.0015533497205003058,-0.004178698938676062,-0.13741794405418145,0.11374711217503682,0.0,0.0,-0.12673586708820953,0.0,0.0,0.0,0.0,0.0,0.0
0.3902139443505937,-0.1900310374196323,-0.8186467234629807,-0.20830327990259795,0.0013361283485864457,-0.04700597355097384,-0.9179441040395553,-0.14809312419658865,-0.001480782553785168,-0.3209770369742559,0.004842164986126501,0.00024492805760037504,0.23364323937890333,-0.008572486492908891,0.0,0.011104992558346663,0.003254175834685465,-0.4095425597329697,-0.0046031024948598774,-0.8472359924228579,0.08437809569286572,0.0,0.0,0.060753942096337464,0.0,0.0,0.0,0.0,0.0,0.0
0.3902139443505937,-0.18501433229712996,-1.1743283067235897,-0.005342812319218996,0.005079491824780094,-0.006595576439598058,-0.4328321471853922,-0.1917059073422665,0.05221338046303941,-0.011914072949917366,0.0057631228334549985,0.0011334673101411161,0.2458140497806417,-0.017987774544496928,0.0,0.0030703223667667623,0.0047975613097884316,-0.09413461937568428,-0.0011285981171069257,0.015220302201559763,0.07140545253788973,0.0,0.0,0.9003133052002852,0.0,0.0,0.0,0.0,0.0,0.0
0.3902139443505937,-0.2522736561039959,-1.3702182039190143,0.45535558615566035,0.006040015115127395,-0.0002553206924367975,-0.3824580276520852,-0.1832566869592951,-0.02753057270122616,-0.02024039807379774,0.0010077985082110566,0.0010648546362117327,0.23001195537939165,-0.018102999617880138,0.0,0.013447352368577801,-0.016958269837703464,-0.13984199193124133,-0.0011294877224753887,-0.009139146661421684,0.17738484718374337,0.0,0.0,-0.1628870814688513,0.0,0.0,0.0,0.0,0.0,0.0
0.3902139443505937,-0.3221074061132013,-1.603685416362063,0.06000087508187783,0.00013506242492539798,-0.019002077212263845,-0.6557456745825067,-0.07330242498225625,-0.057206594135890486,-0.8803901655046119,0.0012034532380592396,-0.0006427849415773945,-0.8368036320181015,-0.008330920687976737,0.0,-0.8676525778658496,0.07778285371430065,-0.06534099014150216,-0.0272986756897371,-0.1613594144799392,-0.051004206684558795,0.0,0.0,-1.3315681220297693,0.0,0.0,0.0,0.0,0.0,0.0
0.3902139443505937,0.16299795131839212,-2.123965148185963,-0.1547349073401002,-0.00017728544399515098,0.021862607969897693,0.528694141553289,0.12373928637560565,-0.01069539339510815,0.15386179313153628,0.006485756203603924,0.001773251810467227,0.26199639982898526,0.7622024740161021,0.0,0.005307273714468079,-0.18372896932658464,-0.038054450198797225,-0.0018141871348578845,0.008773024908526838,0.011491302421871493,0.0,0.0,-0.016244243560629715,0.0,0.0,0.0,0.0,0.0,0.0
0.3902139443505937,-0.2746794483826308,-1.385867394921013,0.2712554100365473,0.00568504234135261,0.0009905523301059827,-0.4528283305448507,-0.19278001241819218,-0.01726713276153006,-0.07698192847865848,0.0019779877766525266,0.00045324613843929657,0.2325883193508653,-0.017396343964344255,0.0,0.004954918071488357,-0.046785490439321314,-0.058470111110886486,-0.0011374870477580395,-0.2223182021745716,0.0021768614641807012,0.0,0.0,-0.5620536360257218,0.0,0.0,0.0,0.0,0.0,0.0
0.3902139443505937,-0.8141943054102999,-1.145653854645926,-0.5168576881684559,-0.004500118934514884,-0.16433505730045858,0.5728225358804322,0.12040237107538766,-0.01292966050337156,0.12965533673773338,0.0038885200323314256,0.0017276479863397442,0.2461558145499163,-0.01060877204882243,0.0,0.006173986445186534,0.13759405675245712,0.02815556840203131,-0.0013983222094299634,0.026227131122405167,0.13826812577935166,0.0,0.0,0.004980531059268853,0.0,0.0,0.0,0.0,0.0,0.0
0.3902139443505937,-0.2525759436684092,-0.6282606245639131,-0.042315066029423525,0.003681784789111628,-0.04396139476116314,-0.13681611500751942,-0.1520456497503766,0.127966587880494,0.05744831442008935,0.0039942551065256255,0.0011927576635163283,0.2576166608778207,-0.010599813286533106,0.0,0.01583037885992691,-0.13726060000954918,1.8764339140145705,-0.0010876580420207868,0.015019745545013617,-0.2648554910913952,0.0,0.0,0.7217405188588224,0.0,0.0,0.0,0.0,0.0,0.0
0.3902139443505937,0.26625352991831025,-1.9804215270657626,0.2867833682708999,0.004124453061502776,0.008609768299991693,0.5600984801935202,0.12856310783176927,0.00242658269424661,0.12321554483804834,0.005804033811592362,0.0023307257587066718,0.2731845690567015,-0.006669989547991994,0.0,0.0035690788580827856,0.09552828886798567,0.0008559769677095449,-0.0013667710135440941,0.02240428465370695,0.06741275945245155,0.0,0.0,0.06875069805204254,0.0,0.0,0.0,0.0,0.0,0.0
0.3902139443505937,-0.3301619584358701,-0.985032359734748,-0.18346893992613922,0.000939839729687644,0.028451116063867875,-0.7395149562056841,-0.17976449679105225,-0.016963631873334,-0.44170406656070854,0.002854859844940799,-0.00044799165057680127,0.21648246036523153,-0.006436924753476719,0.0,0.012094861427155967,-0.004918171129644328,-0.03787380370593943,-0.004829632971689441,0.02120092647553954,-1.6324282082920274,0.0,0.0,-0.14837441824080982,0.0,0.0,0.0,0.0,0.0,0.0
0.3902139443505937,0.3503855456237722,4.002839794788872,0.030518628315825354,0.03484124179515487,0.04588102826458947,0.7996095482137628,0.4060500805432384,-0.07456137386561232,0.12485411319454522,0.0013324316687221413,0.0006444962872705423,0.25669162868431095,-0.0031961400446521263,0.0,0.015874053101527452,-0.029327702621669928,-0.0046009168941358635,-0.002339290353112311,0.025744252777689932,0.04431288587951747,0.0,0.0,0.0178012621329806,0.0,0.0,0.0,0.0,0.0,0.0
0.3902139443505937,0.49582816272782615,-1.529892515256563,-0.5512679865221706,0.005409429213505719,-0.07870270260128702,-0.33502931326288266,-0.1630320452888622,0.07227662830255183,-0.3199385344497397,0.010412149703290926,0.002420807147444458,0.2344985059820117,-0.010966098096984902,0.0,0.015371434243135446,-0.025602487377553978,-0.3567617154787084,-0.005831498030351025,-0.02475626521438962,-0.7957430998365044,0.0,0.0,-0.05078415493261754,0.0,0.0,0.0,0.0,0.0,0.0
0.3902139443505937,-0.21379612079511026,-1.6532039306684452,0.39808790403953703,-0.003629119573656461,0.03787633041050833,0.7379521255871335,0.1430522205055303,0.012856657845464626,0.21319638749804742,0.004910869259499055,0.0021180879877897895,0.27869519887499866,-0.010464321024714233,0.0,0.003235533223366056,0.4284194516987886,0.043742513237458466,-0.001313506461460028,0.001911306330442164,0.16472700603727858,0.0,0.0,0.05524422537102937,0.0,0.0,0.0,0.0,0.0,0.0
0.3902139443505937,0.5130409019055746,-1.3275882925689022,0.5148879440685841,0.006721166159990704,0.007648007225270445,-0.20558672854222365,-0.13614173417472375,-0.05324128439273687,-0.42831016192809895,0.0049024964874120084,0.0019678368198660042,0.28123751179187967,-0.00668960340141256,0.0,0.009894906941615073,0.15717454428301786,-0.18243392746997966,-0.00486263736053464,-0.025936729828043837,0.136865800921668,0.0,0.0,0.3467749294687516,0.0,0.0,0.0,0.0,0.0,0.0
0.3902139443505937,-0.5741455200577569,4.738493507769587,-0.15966348338696967,0.015229067248806386,0.018135095801199114,1.9993359849837524,0.4785045449802037,-0.03375893993858258,0.12418792299615541,0.0012543561311751722,0.000615538658108681,0.2488294524918168,-0.007462291145832829,0.0,0.017372399423806646,0.014409248756771043,0.0448567856329163,-0.0019310771421621553,0.024553131426614704,0.07812317937533407,0.0,0.0,0.0481608100750578,0.0,0.0,0.0,0.0,0.0,0.0
0.3902139443505937,0.7058756626809651,-1.3576646903057144,0.06514439944160028,0.007951593863214505,-0.005206689889915173,-0.30613803127893674,-0.16825741473289044,0.011656918661597782,0.09566278840295578,0.004379413509319591,0.0013326149660616653,0.24945675595817435,-0.0069502793260108305,0.0,0.004322987555496797,0.3678437876000346,-0.3226110295418177,-0.0024265284817483954,0.04853789412217789,-0.09506291130977675,0.0,0.0,0.5101985786581728,0.0,0.0,0.0,0.0,0.0,0.0
0.3902139443505937,0.11487095949268324,-1.8292421541337545,-0.05364806401202223,0.005283143453628911,-0.024748881580647787,0.14115620066612403,0.1146269282137701,0.0077148845315907185,0.1159392003253748,0.005783052947684041,0.0020084210657430003,0.2583054870398432,-0.007126185772720721,0.0,0.0038387068007306817,-0.15390848406644916,-0.004858182450718023,-0.001365119690796962,0.025014922953852638,0.05211695410594153,0.0,0.0,0.06349239897767812,0.0,0.0,0.0,0.0,0.0,0.0
0.3902139443505937,0.940518680140531,-2.3556822814268927,0.16071158154045687,0.003962720769474177,0.030786985734345074,0.7345748261398632,0.1662650818649805,0.001666008408758504,0.11338109317925313,0.004941730771837708,0.002075242330579336,0.2728327264194274,-0.008451562246360213,0.0,0.0015328319719875457,-0.05175069558833105,-0.008755951794724133,-0.0014514892824521388,0.01648628002103092,0.07278367241503356,0.0,0.0,0.017719186432433618,0.0,0.0,0.0,0.0,0.0,0.0
0.3902139443505937,-0.6676552159746139,-0.8769723059709194,-0.5870128657204599,0.005874116618183553,-0.04709199031843214,-0.29374223283783113,-0.1692092247144769,0.10510640561714259,-0.21580003635138736,0.001899136956358691,0.0010571427701517495,0.23635493682146444,-0.016770417998133415,0.0,0.012493005853470945,0.14910579138045188,-0.5944487780568877,-0.004278034510445893,-0.06450951822372457,0.06160887998418965,0.0,0.0,-0.007811297899134461,0.0,0.0,0.0,0.0,0.0,0.0
0.3902139443505937,0.3072945092481187,2.4163385308109597,-0.01427651150687184,0.015632181095200474,-0.061576003638958425,-2.3922166424812668,-0.6547879258654109,-0.16467589773047922,0.08401209012990844,0.0004121363372436099,0.00023370505709537691,0.21886505411372226,-0.008167260606374996,0.0,0.014010936158703928,-0.047683256765056525,0.04016322875172061,-0.0008643266631692982,0.022276715352982084,0.14815953312655328,0.0,0.0,0.047810603180635076,0.0,0.0,0.0,0.0,0.0,0.0
0.3902139443505937,2.439399889102872,-0.33242528944611555,-0.10948680306190005,0.005045479263595571,0.037215698246135825,0.8394346520343222,0.1864991801147057,-0.011021060635297146,0.12442212765579923,0.005111768850734594,0.0022304836647883295,0.3001268214758868,-0.0045915263721397525,0.0,0.005326779849390448,-0.027983777703995773,0.002896242764407419,-0.0018130951044720842,0.017343932537780292,0.08359902981862016,0.0,0.0,0.011721944598343598,0.0,0.0,0.0,0.0,0.0,0.0
0.3902139443505937,0.1486881817183616,3.6775522515851877,0.3038643554902282,-0.0014664897535464193,0.007522287882685155,1.4784149082507183,0.45875004281262255,-0.054025518484342755,0.13511493496150126,0.0013059982984253936,0.0011489372061977683,0.2682443298887904,-0.008615417929572088,0.0,0.00444709159611831,0.4440863049621716,0.0470424403708519,-0.0012242733858770605,0.009266418713740995,0.10490634318754415,0.0,0.0,0.046973705350051104,0.0,0.0,0.0,0.0,0.0,0.0
0.3902139443505937,-0.8087933284870351,-1.0439723875548796,-0.360298752023245,0.004031332793266552,-0.07207934640909093,-0.43194069746179276,-0.19339667423992707,0.10778953894410076,-0.14223642470824216,9.103880753731568e-05,0.0004199892117309423,0.21120940780746852,-0.018442232513948456,0.0,-0.004690023634113608,0.2565752747122539,-0.04295327271497269,-0.0012685889017335413,-0.16081678432048702,-0.06067029572860404,0.0,0.0,-0.40271823352089053,0.0,0.0,0.0,0.0,0.0,0.0
0.3902139443505937,-0.08287067687187703,3.4832182736088217,0.1663856065058532,0.010874640276564101,0.05273871958200491,1.1377176752919715,0.5265121514034691,-0.06359771941526499,0.1309059528506589,0.0014363850725175676,0.0006493582090750447,0.2556031076450446,-0.006069662991955947,0.0,0.01837415577114841,-0.09896518660642167,0.03540351285668284,-0.002099079507182031,0.020815684196062587,0.11352066902408002,0.0,0.0,0.011826756513915107,0.0,0.0,0.0,0.0,0.0,0.0
0.3902139443505937,0.29081768071235,1.650817085119524,0.2960782046213786,0.02458359384773622,-0.017241915069237702,-3.1160276053413813,-0.6768839159560717,-0.2234270187635593,0.07770727260344196,0.0006597053144519656,0.0005278263081538257,0.2160406222743654,-0.004166769326800401,0.0,0.009995322085385573,-0.055804760439813805,-0.014370877759020342,-0.0011170239761157746,0.016604405763792525,0.018055901854829387,0.0,0.0,-0.025228362757192015,0.0,0.0,0.0,0.0,0.0,0.0
0.3902139443505937,-0.29633417190178996,-1.7859743684191303,0.2839217509997814,-0.0001785036788829071,0.02694831280068275,0.5888108477082388,0.14305997644757526,0.012589220381111006,0.20940804289610354,0.004978988197333104,0.001979477921719978,0.2735449872935834,-0.01393587863126569,0.0,0.004257193545772598,0.29680016661620373,0.042261167190333584,-0.001313506461460028,-0.0006016436156047476,0.16422457714432548,0.0,0.0,0.05136041939014684,0.0,0.0,0.0,0.0,0.0,0.0
0.3902139443505937,-0.24032664554181288,4.412508203698285,0.19090052778477506,0.01247641386270514,-0.0019227440836937389,1.5513318788648756,0.4648700017254879,-0.03364058845795192,0.11125366473220755,0.0013044328690168007,0.0007304922266355926,0.2606450259316813,-0.007965567090436193,0.0,0.011112758845822607,-0.05017198361269698,0.03786837434792638,-0.001202735760280283,0.011832675469375447,0.10953902047431108,0.0,0.0,0.029845023458269247,0.0,0.0,0.0,0.0,0.0,0.0
0.3902139443505937,-0.24778842130074655,-1.5409489042561062,-0.20850701097660107,-0.001719850466133437,0.01842399055098789,0.6337718116946642,0.09491978286219717,-0.0032438517073345,0.17804227080033364,0.003802045179831506,0.0011231431084901048,0.26218896064173003,-0.01670282438473959,0.0,0.005860017182500863,0.09248468660671896,0.08011417715947591,-0.0013644242978044074,0.02326936400995969,0.10034887806155077,0.0,0.0,0.009037513422421803,0.0,0.0,0.0,0.0,0.0,0.0
0.3902139443505937,0.819232986784079,2.2602881788896974,0.3125627034075931,0.02539044566056312,-0.02178451993259317,1.8791501152247945,0.44012684677207436,-0.05186619854714764,0.1892882497573627,0.0013272759488090749,0.0010079365888890405,0.2546929667615138,-0.007708466726513713,0.0,0.0030811345644053485,0.23792091469990498,0.016805306363842348,-0.001459156262120054,0.017242080756341933,0.01822864073441977,0.0,0.0,0.010310774327068442,0.0,0.0,0.0,0.0,0.0,0.0
0.3902139443505937,-0.2562791592376566,-1.8096438525890495,0.24278783318612926,-0.013173186457554996,0.014508106753227328,-0.38553233129209,0.14303960106154315,0.01083088567071379,0.14961941588916905,0.004316817100883019,0.0020132199791675427,0.25482093154920343,-0.007772006733127367,0.0,0.008420268743291943,0.07210059368650114,0.035891212643118786,-0.001313506461460028,0.003159808028026463,0.15220809279209319,0.0,0.0,0.04569535011740806,0.0,0.0,0.0,0.0,0.0,0.0
0.3902139443505937,-0.02767941041221926,-1.5290874729605275,-0.031112331801828614,0.022467400480799062,0.01758809678910651,0.41331352648379427,0.10816929525120933,0.015392451617780835,0.20539061753928312,0.0023007751671740933,0.0008971558581263334,0.2690261836784493,-0.01651099142520038,0.0,0.0069338846355473825,-0.07979133668933168,0.11387797288571473,-0.0013300404168990363,0.048223612659511944,0.15343621974087812,0.0,0.0,0.11587470031166039,0.0,0.0,0.0,0.0,0.0,0.0
0.3902139443505937,0.7577591450582521,-2.0179073734284807,0.37849041342644824,-0.0009599585458726975,0.016168319516351542,0.934867530502714,0.18458625865864683,0.007657939169357787,0.1516552697722013,0.0065305098629411884,0.0023547425179262006,0.28482058577618946,-0.009621545683239087,0.0,-0.0026938338058911386,0.21286131289335675,-0.0022880349675907102,-0.0015381328116408398,0.019510982911086515,0.04811541098716939,0.0,0.0,0.07858500446705703,0.0,0.0,0.0,0.0,0.0,0.0
0.3902139443505937,0.46816389135277114,4.25630783858277,0.4497898783829043,0.019533751814401742,-0.01687053986735662,-1.9511646225604826,-0.5062826396860362,-0.1384328926655964,0.09948923710293327,0.00013726242014972393,0.0001537866543404464,0.21998210220276454,-0.006775872924136722,0.0,0.016109534863057714,-0.09015933789779947,0.07578859917655009,-0.0008735800182873485,0.026440879755053638,0.15144783594579295,0.0,0.0,0.09512365925900458,0.0,0.0,0.0,0.0,0.0,0.0
0.3902139443505937,2.268225842089617,3.3440631250865818,0.7913388547418575,0.023662772092925728,0.009049738169461186,-0.3339151237784311,-0.35113262811161805,1.2279539855697819,0.16529905153696128,-0.006829029719540408,-0.0021505356451833333,0.26979642268871673,-0.006621205723075602,0.0,0.01183207108113275,-0.04804645873082016,-0.08272706099165385,-0.0011717090167133997,-0.2274973150437213,0.4243397712140993,0.0,0.0,0.23355144322109547,0.0,0.0,0.0,0.0,0.0,0.0
0.3902139443505937,-0.4759872238571382,-1.3976047833946987,0.2710274196021021,0.007724490463318318,0.011045037453294689,-0.4138696298879715,-0.15956871884404883,-0.02375302676760444,-0.02784088087417489,-0.013921620124601472,-0.004092076182807533,0.22420736855968293,-0.015049036003629649,0.0,0.003007006239995003,-0.005148413796917347,0.1202414528611768,-0.001129263138615144,-0.09854071150666326,0.15724538665972984,0.0,0.0,-0.4616215918060065,0.0,0.0,0.0,0.0,0.0,0.0
0.3902139443505937,-0.6608602003433947,-1.2878870842465229,-0.4597314252070524,-0.004224164913400883,0.018707956991683712,0.5015736090173881,0.09812074633100956,0.0034696845401493114,0.16526762918634577,0.005041951506825763,0.0018474356770477858,0.2526308806234017,-0.010216367283362447,0.0,0.008536597001147854,0.2675702342851042,0.03934717997494889,-0.001405506433574094,0.01961675294570064,0.10771120792813013,0.0,0.0,0.04157996611345999,0.0,0.0,0.0,0.0,0.0,0.0
0.3902139443505937,-0.06228172136667943,5.211053197976783,0.12249319767319108,0.019420435500737927,0.06582750515940743,1.2794675670031757,0.499885156554831,-0.038790190003506045,0.11994904111915956,0.0012933741329214526,0.0005019583492927928,0.2498326658615582,-0.006854194430038114,0.0,0.02048163780591936,-0.0009791498995358155,0.04382376085280141,-0.002177636261940037,0.024963657787277008,0.07037911247590241,0.0,0.0,0.02938789569549571,0.0,0.0,0.0,0.0,0.0,0.0
0.3902139443505937,-0.22143789484894097,-1.028998957197589,-0.20644439907526063,0.003972546827244258,-0.0517057634783138,-0.3584422164152867,-0.18155723219047826,0.03023235992225091,0.0005612472172326383,0.004092210554577426,0.0017578895714974662,0.23083559774881338,-0.018985107559733518,0.0,0.007869924033484094,0.0625753738681142,0.10815446949818233,-0.0011545540944516684,0.06880437794047822,-0.40674392136309345,0.0,0.0,0.978109480423489,0.0,0.0,0.0,0.0,0.0,0.0
0.3902139443505937,-0.26119791006568505,-1.4160511684704715,0.3644896447560431,0.009706990940037255,-0.0028930077675669865,-0.4632329477584942,-0.16057044832828946,-0.04949921110049378,0.054102627074210735,-0.010359118645136977,-0.003049182897542027,0.22194568530372366,-0.01617208579782724,0.0,0.009803837286850246,-0.12840196996244407,-0.37694145599376594,-0.0011400256008480647,-0.15711313164156324,-0.4805039557308255,0.0,0.0,-0.47090408911889386,0.0,0.0,0.0,0.0,0.0,0.0
0.3902139443505937,-0.20922115577409062,-1.7274137796686286,-0.29453641549827647,-0.0031720090846613256,-0.08755671790657787,0.6090664607582768,0.10264636983433185,0.01400103519229985,0.15379944999411624,0.002716254523077811,0.0009381075355559751,0.25774367567166934,-0.017615330278923043,0.0,0.004128070122630345,0.10610788725414795,0.0726815183623169,-0.001379340258101343,0.05732908561769408,0.10816760550567944,0.0,0.0,0.0367637516362044,0.0,0.0,0.0,0.0,0.0,0.0
0.3902139443505937,-0.8073956031007483,-1.0424991811898079,-0.45758007333749157,-0.003906821517922888,-0.10876322331468329,0.5403009750969568,0.14529456552319647,-0.010432489600430299,0.07174254987192423,0.0038072102467872826,0.0017329363234359666,0.24383998069881868,-0.012782597360921088,0.0,0.012029322120871358,-0.08587905023147113,0.025937731149733533,-0.0011881264666336337,0.029569952360899186,0.14325499298807198,0.0,0.0,0.03354233658314184,0.0,0.0,0.0,0.0,0.0,0.0
0.3902139443505937,-0.15154194575590954,-0.353853165029492,0.1769763801723064,0.003658983066264054,0.22201688917577408,-0.31888689118791724,-0.16548827778674713,0.10522827841200458,0.06948753094085326,-0.0012788261104444275,-0.0003516329817923151,0.2483160798346372,-0.01149303630948258,0.0,0.013461084305459996,0.634464601351532,0.6508719831675819,-0.00119560813779391,0.22880305412481292,0.1989643498181253,0.0,0.0,0.921269646893121,0.0,0.0,0.0,0.0,0.0,0.0
0.3902139443505937,-0.2647289502385881,-0.4572186215016328,-0.30057018935950064,0.02560029826779141,-0.0228804995366289,-0.2847499059258184,-0.14396803332508318,0.018527124589285796,-0.18818570681421126,-0.002058786818159579,0.0005635946569578683,-5.256247809572317,-0.013956188303874672,0.0,0.009959702575905437,-0.04507466967767331,-0.27421753128673193,-0.004371076041547297,-0.03899639897981027,-0.5730970353113887,0.0,0.0,-0.35410547398351194,0.0,0.0,0.0,0.0,0.0,0.0
0.3902139443505937,0.017745661919012997,-0.11540336970381747,-0.08344807590809579,0.0005337682570169576,-0.0012308313809244777,-0.17853525366308776,-0.1427915234869008,0.11663323011758314,-0.2346021947305077,0.0035254436143036484,0.0011844541500426863,0.26327486396280914,-0.01888682834993085,0.0,0.016546132053023892,-0.39469093267291244,-0.8898751736185744,-0.0040055977508645126,-0.09866848951701683,-0.07643802947011838,0.0,0.0,0.5891724128187523,0.0,0.0,0.0,0.0,0.0,0.0
0.3902139443505937,-1.089273594408112,-1.3300880024263881,-0.12573119903638952,-0.0023591858158941905,-0.004899954979291941,-0.5810950328032399,-0.15913066210169174,-0.10683670182976165,-0.37021018458659444,0.004909531722649625,0.001176052460026464,0.22953377664199892,-0.011537149786093784,0.0,0.0001304474955872946,-0.04175532121724529,-0.3916328981142524,-0.00429859864813477,-0.060827622055611215,0.17901083898196057,0.0,0.0,-0.06373793571038971,0.0,0.0,0.0,0.0,0.0,0.0
0.3902139443505937,-0.3560345324668647,-1.6910976108538274,0.32220652918044834,0.1811532893316784,0.004864210596838922,-0.21636507876798564,0.13030632001450818,0.005202471688329344,0.15769753378734258,0.004099046517949243,0.0017163074305179844,0.25734169822316333,-0.006578288792770478,0.0,0.013605112754272699,0.07171207809271866,0.026111411819565673,-0.0013144754442359907,0.00903050524045024,0.15467816709794757,0.0,0.0,0.06408960298003209,0.0,0.0,0.0,0.0,0.0,0.0
0.3902139443505937,-0.8778551375858624,-1.1897412003377685,-0.5081953334367478,0.0006982663181390869,-0.18044891076687283,0.6218013644362123,0.12040473272965659,-0.013055506973198079,0.1311950500141783,0.003760346546403274,0.0017019091365756583,0.24574961184630817,-0.011573082730604927,0.0,0.006591766666992414,0.11942164570347558,0.027167408171304225,-0.0013983222094299634,0.026680359311924508,0.1378774657379177,0.0,0.0,0.004588195112818374,0.0,0.0,0.0,0.0,0.0,0.0
0.3902139443505937,-0.34695597906968756,-1.8344878879521525,0.06434082172085977,0.0009602927882641563,0.01898010136345823,0.4275398780718894,0.09380328801240806,0.015329706894042157,0.13254720425094307,0.005044711069267873,0.0019409141966124483,0.2614802709254914,-0.0257888525054177,0.0,0.00802256049237643,-0.21567705487129854,0.02974870120570095,-0.0011003292058201896,0.007706003188298226,0.15740021070143687,0.0,0.0,0.035973753281528874,0.0,0.0,0.0,0.0,0.0,0.0
0.3902139443505937,-0.4361069493807972,-0.6193874252261418,0.10094733592657369,0.003927226820606416,0.013583133075503451,-0.43537190986366,-0.1962935496068581,-0.016814455806395304,-0.031716369012893875,-0.007282212528574807,-0.0017193099238361027,0.22264932703633503,-0.020139587388342824,0.0,0.005957414339151613,8.286642144357766e-06,0.03197745409979923,-0.0011382976933099918,0.04676962411086087,0.12724305195358876,0.0,0.0,-0.1355347195784359,0.0,0.0,0.0,0.0,0.0,0.0
0.3902139443505937,-0.018876031193819386,-1.3497606593204117,0.2721855385402926,0.003064730626856011,0.004722039065652297,-0.32055012301240215,-0.1596071693768059,-0.022685153159632557,-0.45532293434273,0.0014368865121049098,0.0003949943588725481,0.2620226138251532,-0.01628565203976375,0.0,0.0039015516741663704,0.173062201583193,-0.25846502651286785,-0.003949027908639412,0.06660518749184534,0.3099168180155137,0.0,0.0,-0.1577728918672392,0.0,0.0,0.0,0.0,0.0,0.0
0.3902139443505937,-0.6608602003433947,-1.2878870842465229,-0.4597314252070524,-0.004224164913400883,0.018707956991683712,0.5015736090173881,0.09812074633100956,0.0034696845401493114,0.16526762918634577,0.005041951506825763,0.0018474356770477858,0.2526308806234017,-0.010216367283362447,0.0,0.008536597001147854,0.2675702342851042,0.03934717997494889,-0.001405506433574094,0.01961675294570064,0.10771120792813013,0.0,0.0,0.04157996611345999,0.0,0.0,0.0,0.0,0.0,0.0
0.3902139443505937,-0.0315704346188872,-0.8648752008098078,-0.10944039133430311,0.0017566077018180688,-0.008828489610131678,-0.19515261682989082,-0.13242855373959736,0.013848788894660872,-0.5413997724210431,0.0017153327814796472,0.0006519976796714247,0.2607923616578879,-0.012090746770480743,0.0,0.011000484663582588,0.17933763343810227,-0.273410408032949,-0.004166420656245922,-0.023333378255605202,0.19914186384030816,0.0,0.0,0.15219921006534748,0.0,0.0,0.0,0.0,0.0,0.0
0.3902139443505937,-0.32043982008530714,-1.4239983982832878,0.2622944999496075,0.004672704021642447,-0.008421246843311993,-0.38229734139888444,-0.14728659720551676,0.16685993890620993,0.01983408041161347,0.0029591408703716067,0.00023331564605566708,0.22552689099215703,-0.013573113105742262,0.0,0.0023300513003848044,0.2682786905488616,0.20897657572812647,-0.00141980759578084,0.13529858222414534,0.08447543130023488,0.0,0.0,0.12717445362229482,0.0,0.0,0.0,0.0,0.0,0.0
0.3902139443505937,0.26993156417137754,-1.6723680361764044,-0.35089516456605907,-0.07213268189621361,0.01446094164378538,0.5804744839142005,0.16492011275725316,0.00016344807720957932,0.11857550247440429,0.005831193660384683,0.002262706798463383,0.25871884436600745,-0.006120515647097332,0.0,0.0056872149692733095,0.06324841740435568,-0.007928152972557894,-0.0015521008359801163,0.015963366382674357,0.06878890334206361,0.0,0.0,0.10133345246197423,0.0,0.0,0.0,0.0,0.0,0.0
0.3902139443505937,-0.18462345834635538,2.62649401109439,0.46246344981368936,0.02046062008914786,0.0219889596023429,0.04160598841690285,-0.09744745369457536,0.4740130332802978,-0.41048437591232556,0.09522214927990941,0.021583954277471337,-6.30104234585964,-0.006783929275499315,0.0,-0.005066495327938371,0.3203629566197573,0.11570914958279312,-0.003824116786844415,0.21416739229433115,-0.4573591173135194,0.0,0.0,0.46718743340510993,0.0,0.0,0.0,0.0,0.0,0.0
0.3902139443505937,-0.23740414540496063,4.317287509439607,-0.14907158573231968,0.021672225101927543,0.03937167860192269,1.3420589708529085,0.49154772710423966,-0.043011317555775454,0.11940145809530249,0.0012953219611478016,0.0005712367089923133,0.24566465084037958,-0.007701359837614678,0.0,0.02007045281470137,-0.0345105655448735,0.04471914332671035,-0.002177636261940037,0.02716179178916075,0.07438642697155819,0.0,0.0,0.027659684812685003,0.0,0.0,0.0,0.0,0.0,0.0
0.3902139443505937,-0.12677671424444514,3.3855042110704443,0.4979478056527812,0.0014674871663849065,0.009592007110073414,1.6777782508262973,0.4825243654554533,-0.05004434809413502,0.10028369587927534,0.0008153552646273575,0.0009661310209641198,0.2639257572408919,-0.009379291536179708,0.0,0.01309570086060782,-0.07604121000598241,0.036025316017006315,-0.001038346366276586,0.02117599789520682,0.10092414181331463,0.0,0.0,0.04478374256320185,0.0,0.0,0.0,0.0,0.0,0.0
0.3902139443505937,0.940518680140531,-2.3556822814268927,0.16071158154045687,0.003962720769474177,0.030786985734345074,0.7345748261398632,0.1662650818649805,0.001666008408758504,0.11338109317925313,0.004941730771837708,0.002075242330579336,0.2728327264194274,-0.008451562246360213,0.0,0.0015328319719875457,-0.05175069558833105,-0.008755951794724133,-0.0014514892824521388,0.01648628002103092,0.07278367241503356,0.0,0.0,0.017719186432433618,0.0,0.0,0.0,0.0,0.0,0.0
0.3902139443505937,0.07756654706357949,-1.6655728966869192,0.08920358714888975,-0.001027091949336785,0.005963785219442281,-0.31334595505582813,-0.1304074623968767,-0.09369633964453139,-0.3521814728630981,0.000797313126286557,0.00020523909546324995,0.2503977743393384,-0.020230400250574158,0.0,0.005735727506253567,0.13434656530680442,-0.13817913053781355,-0.004400402177180935,-0.18217976727823598,0.3517781032458002,0.0,0.0,-0.12691138441705968,0.0,0.0,0.0,0.0,0.0,0.0
0.3902139443505937,-0.2050319231306774,-0.8481536894053914,0.23390455282376876,0.003478772128222824,-0.0260496463624445,0.37298476490462,-0.01496047320063487,0.009759654840199474,-0.0905112171099984,-0.00245671538879118,-0.0009158503888949842,3.91273121847503,-0.009950855731133933,0.0,0.12549051152894236,-0.10107396757160395,-0.09241144241141376,-0.004040902546210933,0.14906101441169503,0.2166894548523635,0.0,0.0,0.6674684863444446,0.0,0.0,0.0,0.0,0.0,0.0
0.3902139443505937,-0.34052963186040225,4.392827944585397,0.4856754944244462,0.010379291420532436,0.008478648271270857,2.019286388960898,0.45318948284260097,-0.036962098515156416,0.13346099822649948,0.0008228196233450985,0.0007210593712967901,0.2618326904316528,-0.004732323092535428,0.0,0.021261566016349532,-0.06421934041637396,0.03871159538071659,-0.0015993321928276212,0.023408012535008585,0.11072280141651039,0.0,0.0,0.04424292362959992,0.0,0.0,0.0,0.0,0.0,0.0
0.3902139443505937,-0.2372063411930476,-1.3790046651543482,-0.0042916753162051055,-0.0013940737439933017,0.005796571106157341,-0.6986931168976201,-0.21108020284429235,-0.0611225812308339,-0.38343425073126347,0.0038043334783569704,0.0008273693784862337,0.24550923923466159,-0.017486092036206616,0.0,-0.001860839033655808,0.012277589242624684,-0.46329418328836197,-0.0042878522113288554,-0.00374427498332698,0.07111252311199677,0.0,0.0,-0.19171847387811614,0.0,0.0,0.0,0.0,0.0,0.0
0.3902139443505937,-0.8778551375858624,-1.1897412003377685,-0.5081953334367478,0.0006982663181390869,-0.18044891076687283,0.6218013644362123,0.12040473272965659,-0.013055506973198079,0.1311950500141783,0.003760346546403274,0.0017019091365756583,0.24574961184630817,-0.011573082730604927,0.0,0.006591766666992414,0.11942164570347558,0.027167408171304225,-0.0013983222094299634,0.026680359311924508,0.1378774657379177,0.0,0.0,0.004588195112818374,0.0,0.0,0.0,0.0,0.0,0.0
0.3902139443505937,-0.6398871687107615,-0.8888914879381498,-0.2736289737440602,0.005455775735694592,-0.043680401363946394,-0.3339019561576312,-0.166807736225029,0.03884898887826933,-0.01169191887652229,0.0028804365305863887,0.0016935921879534938,0.21617763248350264,-0.016709186820585205,0.0,0.0018000676476322673,-0.0441732487509732,0.19444454795944696,-0.0012206965949997375,0.0581811488175095,1.1863097660895703,0.0,0.0,0.33193775135594916,0.0,0.0,0.0,0.0,0.0,0.0
0.3902139443505937,1.3704936163979415,2.2797696138498584,0.2003382098858529,0.03644686203719116,-0.007735568992132029,-2.015441813181859,-0.7934982285392131,-0.2234376767469962,0.07371209909022475,0.0006933361689266288,0.0004671946921602575,0.23735424939515687,-0.004543007136542911,0.0,0.009594625040388183,-0.08732339144557481,0.01615692274224813,-0.0010139525881025938,0.021183232202255008,0.044714649682415716,0.0,0.0,0.07019156353317167,0.0,0.0,0.0,0.0,0.0,0.0
0.3902139443505937,0.14003126762807253,4.752355474829981,0.4453444653407914,0.02522607258826126,-0.01702280058526563,-0.7733007771278747,-0.43611926641572574,-0.08942434879853865,0.11072125721375829,9.088197621093911e-05,0.0003261948148730134,0.24420522095331107,-0.006904127960237591,0.0,0.013977192097870931,-0.13779634909097913,0.0607226263960463,-0.0008838742054852124,0.02736243564356657,0.1687765770367488,0.0,0.0,0.33678013679438845,0.0,0.0,0.0,0.0,0.0,0.0
0.3902139443505937,-0.6591165017028158,-1.3522510286758913,-0.4914235831392531,-0.004158782181734702,-0.008704125009118263,0.24539956927193327,0.11662121675617616,0.006269202348558171,0.10163424546215788,0.004921410956184097,0.001840401773272089,0.24230228053791864,-0.013676637925255211,0.0,0.012631907786930425,-0.23564076962264563,0.03404341415873,-0.0011952652667991755,0.023112736477228342,0.11035696209298684,0.0,0.0,0.060252651236224856,0.0,0.0,0.0,0.0,0.0,0.0
0.3902139443505937,0.28088829097466905,3.310544484950621,0.35622679136561836,0.04402323925368996,-0.0009776402705964611,-0.841887234114805,-0.19953095087394432,1.6851031061167066,-0.35801547235357306,-0.003641283127751257,-0.0014982997234535352,0.2545508771997746,-0.007002777064772717,0.0,0.011013313673712975,0.6862391495097074,0.040519785638203555,-0.003704625272061606,-0.0007601816880185297,0.2707714548778974,0.0,0.0,0.27166199046880335,0.0,0.0,0.0,0.0,0.0,0.0
0.3902139443505937,-0.8779952741532717,3.629817157787214,0.3255938614495285,0.015745745286973093,-0.008922279669988622,2.161515109541504,0.5851180295763478,-0.03709723410540592,0.13129762150787624,0.0008063394559214163,0.0005891727030451603,0.2553191645775253,-0.005145447863566372,0.0,0.01936345369116638,0.0019495929674589268,0.03828456984774109,-0.0015993321928276212,0.029947814200826987,0.0954476761492629,0.0,0.0,0.05462830656345591,0.0,0.0,0.0,0.0,0.0,0.0
0.3902139443505937,-0.3170542383596074,4.155542822833125,-0.1007239648006644,0.018409494744535862,0.056751524318461144,2.0630388590299353,0.3325570479350708,-0.02958622057653004,0.10170398326050568,0.0014247299902585848,0.000587837991966223,0.24141167773932534,-0.007673653063313347,0.0,0.0187676373420998,-0.021870637654341548,0.03725795731915651,-0.0017802498797952976,0.028031314684149527,0.11586841583044792,0.0,0.0,0.07534067044523869,0.0,0.0,0.0,0.0,0.0,0.0
0.3902139443505937,-0.7129151552408973,-1.2038795176933677,-0.4550516393306505,-0.015104895200975969,-0.10057590448043909,-0.22642552448673564,0.12038975163140049,-0.014214421271028767,0.09040552141054194,0.0035584479192765114,0.0016858650109905008,0.23177174323301253,-0.009608161020254056,0.0,0.012510329809656044,-0.02847962066213659,0.025265679303760974,-0.0013983222094299634,0.024156588881596906,0.1348171428744323,0.0,0.0,0.004483414346011866,0.0,0.0,0.0,0.0,0.0,0.0
0.3902139443505937,1.567504245426306,-1.4087883543822743,-0.014574167732722847,-0.005520272201683827,-0.003328215888456131,0.7758425953299736,0.14544707002363463,0.0138940585422568,0.17697381320828812,-0.0015417430113100986,0.0001298589917575338,0.2685154989319516,-0.012934634205243937,0.0,0.0019360863249116374,-0.02450881020507008,0.09994631354668135,-0.005839835491564851,0.032317289299048035,-0.06974172081324823,0.0,0.0,0.3712417534658546,0.0,0.0,0.0,0.0,0.0,0.0
0.3902139443505937,-0.17714004239375195,4.259034040029197,0.10158077904698344,0.003887664381726738,0.011161578091012316,1.0090367579439563,0.42280643952733465,-0.04311992086128835,0.13522497029624886,0.0011222912623353083,0.0004829256847616141,0.24985004890795026,-0.005651166334535649,0.0,0.01819896761365942,-0.05160535642371847,0.04890905030629014,-0.002099079507182031,0.029663406998704928,0.12139854751828247,0.0,0.0,0.05599685660723442,0.0,0.0,0.0,0.0,0.0,0.0
0.3902139443505937,-0.5581122188081101,-0.7725506232317608,-0.3188797297538198,0.006091016417832733,-0.03597596574456155,-0.2187897238003414,-0.15980240613879654,0.12477743731214883,-0.21524968526364038,0.0034448170284261423,0.001458493565892351,0.2449901802948129,-0.015544617765057327,0.0,0.02065174292159052,0.19270724742298573,0.04122381093238444,-0.004440629423045067,-0.069766245179048,0.3979382580252112,0.0,0.0,0.5245169907492644,0.0,0.0,0.0,0.0,0.0,0.0
0.3902139443505937,-0.913685985579076,-1.1849897687461806,0.3770612938188194,0.006421897802723423,-0.002577026435647418,-0.5848216168078777,-0.10396417115731867,0.3202504145237886,-0.37319765408568173,0.0005936900538046652,0.0007938895219191995,0.24711332741159742,-0.009426803140032667,0.0,0.03199268994209698,0.16635022842395855,0.1403519903542143,-0.004513532311652079,-0.0013825977975791834,0.12099198498783928,0.0,0.0,0.5264511373190478,0.0,0.0,0.0,0.0,0.0,0.0
0.3902139443505937,-0.3617299165629344,-0.8487398166502987,0.30420835091466064,-0.0036927904402267444,-0.0042483344891283605,0.3135054734284366,0.05551635712541757,-0.00595960199349082,-1.1790977348174794,0.0021710444134466706,0.0009386234300132625,-5.606962980652338,-0.011818768590114728,0.0,0.0025186403485302623,-0.08898603890588569,0.055154612557186955,-0.01384996186397981,0.0180115644735122,0.07403651764326678,0.0,0.0,-0.00931978243960498,0.0,0.0,0.0,0.0,0.0,0.0
0.3902139443505937,-0.7708942129138086,-1.2538146793784781,0.18469757416888538,-0.0009707680475867087,-0.002241456121635588,-0.6965712638555639,-0.17916886696661052,-0.007772206481079476,0.11401057003226416,0.0017787604186054833,0.0007349990285974756,0.23970381097962712,-0.007519272249680022,0.0,0.015465711536316484,-0.04345199956603131,0.07119708496419895,-0.0012793992282592488,0.02140413483281466,0.1917614264785743,0.0,0.0,0.200240827563733,0.0,0.0,0.0,0.0,0.0,0.0
0.3902139443505937,-0.36698659853792426,-0.35990768083222685,0.018410544570303902,0.0019857931107740193,-0.0023214946698419457,-0.18663427903998664,-0.11342617153536846,0.00215469484300013,-0.06331821151629077,-0.0017301335440671366,-2.3277799046111498e-05,-5.263717154894765,-0.014687413045161765,0.0,0.001817569425383049,0.06794434294918664,0.04951099667077459,-0.0045460297638674875,0.06391732211753752,0.08455856435191937,0.0,0.0,-1.119707563258134,0.0,0.0,0.0,0.0,0.0,0.0
0.3902139443505937,1.1008379960661248,-0.19226691581981398,-0.15324875187801695,0.006067364143502561,-0.008969528143475632,-1.223446234829198,-0.20412429798492182,-0.49227057127363205,0.07228006847834328,0.0038931309160756137,0.0015161781583240906,0.24181371468094276,-0.008032665838679197,0.0,0.009395418573956043,-0.08671167753168606,-0.1585908895425,-0.001594002472697832,0.013956794223694892,0.04358077897082185,0.0,0.0,0.03884517506006974,0.0,0.0,0.0,0.0,0.0,0.0
0.3902139443505937,-0.5694976358705887,-0.25661044444258657,0.3117600588396769,-0.0011904756562534276,0.07699370366752582,1.2927694747683176,0.2415733432429429,-0.017974155573162322,0.17470888354545366,0.0019717415870589418,0.001096353261851447,0.2746474053712738,-0.007494352227406229,0.0,0.02157205461114478,0.00967128272611429,0.02578776773365542,-0.002188368902692308,0.03428581339434407,0.1607483430439424,0.0,0.0,0.08173316406473903,0.0,0.0,0.0,0.0,0.0,0.0
0.3902139443505937,2.5090094786547703,0.8379042394963689,0.49188107594071806,0.011728991249721559,0.07343839280605051,1.7498151449689092,0.3379634892261427,-0.08013497786701107,0.1387016256450869,0.0023598757631264323,0.001257570590240885,0.3226618609928955,-0.007373168731859263,0.0,0.002283656446474552,0.19700084216614586,-0.02571058628583429,-0.0015073303788662885,0.01446340410949078,0.057462623445731664,0.0,0.0,-0.018513464855613428,0.0,0.0,0.0,0.0,0.0,0.0
0.3902139443505937,-0.6614878193206298,-1.2297903288691319,-0.28201958854298137,0.007373628811496686,0.03212517692816124,-0.3471244825121704,-0.18957844942565197,0.08305996599526023,-0.06575059235028452,0.000666555043723901,2.073265039534693e-05,0.2356155317973749,-0.01645311230631917,0.0,0.011395188353508164,-0.09683820136051964,1.0873027848124748,-0.001089286259180226,0.003956503050188512,0.4020692898782651,0.0,0.0,0.4172910479174904,0.0,0.0,0.0,0.0,0.0,0.0
0.3902139443505937,-0.018876031193819386,-1.3497606593204117,0.2721855385402926,0.003064730626856011,0.004722039065652297,-0.32055012301240215,-0.1596071693768059,-0.022685153159632557,-0.45532293434273,0.0014368865121049098,0.0003949943588725481,0.2620226138251532,-0.01628565203976375,0.0,0.0039015516741663704,0.173062201583193,-0.25846502651286785,-0.003949027908639412,0.06660518749184534,0.3099168180155137,0.0,0.0,-0.1577728918672392,0.0,0.0,0.0,0.0,0.0,0.0
0.3902139443505937,-0.6787275839968637,-1.5406008131356796,0.06127233008234032,0.004968838512519539,-0.003736375658021933,-0.4921978789448369,-0.13580344584540852,-0.015973341325392094,-0.05196705646446645,0.0004724433884462796,-0.00024813303405123963,0.21323811561539857,-0.014855274282789294,0.0,-0.0003030091995825698,0.023825159457593482,-0.38956839618693534,-0.001278358108171334,-0.33309775961915183,-1.1535744336416487,0.0,0.0,-0.598823667673831,0.0,0.0,0.0,0.0,0.0,0.0
0.3902139443505937,-0.2039986772320957,-1.3461581886918725,-0.02299610881715937,0.0029078208791631813,-0.004600930689577136,-0.4162853309366767,-0.1712124326392621,-0.04377031938397104,-0.24021166001068237,0.004597024548734408,0.0013668262868374813,0.2586993153224642,-0.014426847844892995,0.0,0.009228570838077817,0.09787278149719084,0.07309399647504825,-0.0039600454387359605,-0.05276649293063845,0.3058327118850451,0.0,0.0,-0.31565203553731724,0.0,0.0,0.0,0.0,0.0,0.0
0.3902139443505937,-0.6411669640436229,1.373683365062005,-0.45641947670309796,0.013912011424271056,-0.08941571255419681,-3.2170212907342797,-0.7491790520006997,-0.21513393728831703,0.07837291383484168,0.0006316698039205415,0.00014906722037928143,0.19870970250326947,-0.00912464039502765,0.0,0.013092778216835733,-0.19452772848861713,0.03957587933003961,-0.0009036724798293234,0.022078558680464967,0.040322187979679,0.0,0.0,-0.07807801075212001,0.0,0.0,0.0,0.0,0.0,0.0
0.3902139443505937,0.00022204407050269593,-1.6081456505136755,-0.6951571915043363,-0.001130057773893506,0.031117017990223973,0.9652863182401774,0.16288391955297626,0.007112221783405604,0.13414876314628088,0.0039010913852054727,0.0014286801149759189,0.2578520541037365,-0.011474811298167575,0.0,0.007551974765869597,-0.07738651779394523,-0.0033724466816795018,-0.002307043724864041,-0.01267532471871675,-0.014529797073595975,0.0,0.0,0.00828792188011647,0.0,0.0,0.0,0.0,0.0,0.0
0.3902139443505937,1.3048363767904978,-2.2077056545835547,-0.36181784889276347,-0.003070140785071999,0.09383577701578544,0.8965301990142278,0.17932843978330393,-0.0056396802665748275,0.15084728694059346,0.005596632217792213,0.001933074586192525,0.27590209096966917,-0.004950418182948467,0.0,0.003231305785056442,0.32802242845575164,0.012724992181992441,-0.001573990815221439,0.013243115099975562,0.04551501924806545,0.0,0.0,0.025331057825329965,0.0,0.0,0.0,0.0,0.0,0.0
0.3902139443505937,-1.0229191437584928,-0.8981619845738977,0.11906343046682127,-0.006444281067869928,0.03440600086624119,-0.8639837320323256,-0.15856901683444097,-0.0031262861315791875,-0.4002651185816312,-0.0036079544526828756,-0.0014508152065275757,0.2217116370743368,-0.008547828680187988,0.0,0.019547352213046994,0.004099409381607394,-0.44089089960445976,-0.004552750823439953,-0.03952298510026429,-0.013983525966810963,0.0,0.0,-0.6387646198873209,0.0,0.0,0.0,0.0,0.0,0.0
0.3902139443505937,-0.3580245663270613,-1.1069999129571058,-0.19300709283935988,0.003505961984785711,-0.008577940292972135,-0.4557181198692338,-0.15972969456654987,0.18698576376943002,-0.033279991110730885,0.0006146639128468046,-0.0006517101741499369,0.2311966448655943,-0.015439031761520573,0.0,0.016126728970540426,0.1713217382652073,-0.6544302131665756,-0.0013608781069542404,0.016002145383724204,0.3260705344845429,0.0,0.0,0.600082027845768,0.0,0.0,0.0,0.0,0.0,0.0
0.3902139443505937,-0.1701508658057275,-1.1976330949170488,-0.018574580979630745,0.0044600165640638146,-0.030515844465889414,-0.2765955090477902,-0.1342290690889604,-0.002904829465919589,-0.4328775112065516,0.004876470572769144,0.0011868203629703863,0.2709573125435395,1.4178859250094635,0.0,0.006987791324798892,-0.11460392218635239,0.0679006307192712,-0.003990824148779281,-0.05588789348314112,-0.04369819104607549,0.0,0.0,-0.49549820252646015,0.0,0.0,0.0,0.0,0.0,0.0
0.3902139443505937,0.47605043288522547,-1.3425850612179238,0.13960068471893006,0.005951850988551682,-7.631689215849655e-05,-0.5043930628677133,-0.21235235959927712,-0.010250528769543934,0.07334564538601634,0.004387317885071696,0.002425806882453043,0.2578011115822065,-0.008737301045848559,0.0,0.0024025368711184476,-0.061617680728940076,-0.028162038907665887,-0.001496327063075027,0.01767755649536628,0.0771059085289376,0.0,0.0,0.19977077509823726,0.0,0.0,0.0,0.0,0.0,0.0
0.3902139443505937,-0.3334413489620049,1.91541138502413,0.04829507152787847,0.019480989886467705,-0.04165461515489035,-3.213130491939131,-0.9234250292139641,-0.19563989461169423,0.08377722769820664,0.00044189113022949605,4.919790764426883e-05,0.20390988854081019,-0.007640813540218641,0.0,0.01465586257925304,-0.07234375167752213,0.03819324325213014,-0.0008735800182873485,0.02438032894523692,0.07133233157078116,0.0,0.0,-0.056621171299657866,0.0,0.0,0.0,0.0,0.0,0.0
0.3902139443505937,-0.06227507959243307,-0.8463282342655272,0.06280169883944552,0.0009087160197778555,0.0018736534943944866,-0.6403918974412021,-0.1711372903472846,-0.017423195304469927,-0.39476615199973686,0.0030390408419960335,0.0013671361259468338,0.258656321827954,-0.014304927266757436,0.0,0.016874095145142372,0.09783200574832851,-0.030567432770951516,-0.004607951592428811,0.2225192562318418,0.3263953284871822,0.0,0.0,0.2128305975418858,0.0,0.0,0.0,0.0,0.0,0.0
0.3902139443505937,-0.6787649906622958,0.8335360241801565,-0.05448299332875183,0.02637376888532042,0.004923371098916393,-3.009372270947521,-0.7309694769576202,-0.23877928475215265,0.07709837413221064,0.0004109678239905155,0.0004734528147659297,0.2033350352706625,-0.008852256136102717,0.0,0.012737199056310712,-0.14836865585549133,0.038527155752186314,-0.0008643266631692982,0.022509594760348303,0.08051625398391814,0.0,0.0,-0.05738532714732476,0.0,0.0,0.0,0.0,0.0,0.0
0.3902139443505937,-0.32824488737901236,-1.7825629453519256,0.12917755323997485,-0.007887856211030816,-0.021191723186093626,-0.08092438284770301,0.09375158920423646,0.013161933539626696,0.11532669735677928,0.004369844932206242,0.0020282699027903183,0.2540808335602517,-0.011542114730542214,0.0,0.011328463014086262,0.02550229027973378,0.02754657685293176,-0.0011003292058201896,0.007459515650656733,0.15065391230639671,0.0,0.0,0.03417003136178924,0.0,0.0,0.0,0.0,0.0,0.0
0.3902139443505937,-0.31587225492224963,-1.5651852237448651,0.13444229075577924,0.0020785463501827067,0.03728808174928137,0.819991936115955,0.20229252823213073,0.004818503077214103,0.1571071085501172,0.005020123780737958,0.0019186061169443093,0.26505757633351584,-0.009299013866643713,0.0,0.013496848271472078,-0.006380459988122488,0.03507615841247204,-0.001652498266645348,0.018856925646914827,0.16343471934587986,0.0,0.0,0.04667522024847793,0.0,0.0,0.0,0.0,0.0,0.0
0.3902139443505937,1.2500521299260607,2.875953455954422,0.2030538678949442,0.0073204713560780805,0.012652612465653126,2.1598002321475844,0.21808038054854675,-0.07564224862498325,0.10478632339610058,0.000932410759242489,0.0011016560564482993,0.25597925295767554,-0.005762524559460753,0.0,0.005962434643479059,0.01615726499469215,0.010506793398632851,-0.0014429466062105625,0.014753903954793935,0.047267193502024,0.0,0.0,0.04469816698081514,0.0,0.0,0.0,0.0,0.0,0.0
0.3902139443505937,0.7454537368372098,-1.7580555027031677,0.5761065512642998,0.010604682025269919,0.01531554710836867,0.8858208302804624,0.20488633872150766,0.008112634200099902,0.16059047991704756,0.005698253069894754,0.0019861164146371584,0.2707731085933325,-0.0068639041672867275,0.0,0.004370705504159871,0.03592333367470981,0.0045705270581214786,-0.0015311032905556822,0.024092905748684,0.05009806270971043,0.0,0.0,0.08795115236892267,0.0,0.0,0.0,0.0,0.0,0.0
0.3902139443505937,-0.08034734700113513,-0.8076935382488627,0.004086696017948536,0.0026058001338072874,-0.007301878729876231,-0.8193707447013693,-0.16709735887318156,-0.05717651657052595,-0.48899858937093543,0.003730404138988997,0.00020499851834297896,0.23937055613218994,-0.005858306428655639,0.0,0.02508046321146529,0.10298691538756187,-0.07595614009713718,-0.004830158126058675,0.0006443488815206235,0.2616143221012539,0.0,0.0,-0.3680758174319247,0.0,0.0,0.0,0.0,0.0,0.0
0.3902139443505937,-0.4390919483904437,-1.4664120304422787,-0.363582097484587,-0.002601677111976019,-0.14080481653529003,0.9158726055909491,0.09787567224661849,0.010180250236045478,0.12229035263146881,0.003597039802651795,0.001105193852628943,0.24680766410145533,-0.006933930442776129,0.0,0.024075368048638548,-0.10926573499280504,0.04785693080766837,-0.0018736041341796362,0.0177777617556517,0.10943471728866395,0.0,0.0,0.03450990005428331,0.0,0.0,0.0,0.0,0.0,0.0
0.3902139443505937,1.043307414529989,-2.542793720109835,-0.1917869295547508,-0.027633825684512153,-0.020595605400383715,-0.398621689034973,0.1484263475778348,-0.010603376566311051,0.09227508970653277,0.002672300657592319,0.0015660928713178786,0.2602623309783283,-0.00991228977499004,0.0,0.00035752623399773,-0.05378145480250501,0.006692806396023627,-0.0014674956617992153,0.016191263913182263,0.08112886888625598,0.0,0.0,-0.003411989081175569,0.0,0.0,0.0,0.0,0.0,0.0
0.3902139443505937,-0.1908790296821169,5.126194560422371,0.16764582774078418,0.01533636663943656,0.050986948744304365,1.171128900724834,0.5367171604511976,-0.03935732279606936,0.12549957614733392,0.0011333108844652068,0.00048286462008796216,0.2569797739018183,-0.00558943774622766,0.0,0.0182399139236669,0.04807214791838782,0.04185109450465081,-0.002099079507182031,0.028498066412674036,0.11614144695512657,0.0,0.0,0.046607819798464546,0.0,0.0,0.0,0.0,0.0,0.0
0.3902139443505937,-0.25038251575466497,-1.5446290239928235,0.21178941404983928,-0.0016571600575047286,0.01668353178049279,0.911761548833043,0.11491424354627186,0.019972163474717263,0.1847060791568658,0.003370977348682106,0.0011158529845966749,0.2745625486840595,-0.014294676604151181,0.0,0.006420686927168305,-0.05229233831718038,0.07842769918961395,-0.0013645144763378154,0.0074491065673885914,0.15714515035261273,0.0,0.0,0.023085967831314034,0.0,0.0,0.0,0.0,0.0,0.0
0.3902139443505937,0.09299176271679886,4.291535282111147,0.26044725497179066,0.007604525249790292,0.04721431608720251,1.1162376484564842,0.40883268694571645,-0.03580007559138843,0.1277570004825108,0.0008156880543793468,0.0005806901368455338,0.25563256385789007,-0.005086351526864594,0.0,0.020274395609454904,-0.015712921638411252,0.040813223677494785,-0.0021114157636718004,0.02998959419917508,0.1173453736329119,0.0,0.0,0.05953419533169342,0.0,0.0,0.0,0.0,0.0,0.0
0.3902139443505937,-0.37631635236121186,3.347705828485127,0.7669024719696854,0.04674021653201345,-0.02740899548167005,-0.587125216814781,-0.4044031477872139,-0.14123169332084448,0.10786677292102723,-0.00022073851759864987,0.00040914011072953736,0.23905998825087751,-0.0061596490874305295,0.0,0.015170383420820907,-0.062266496794871735,0.0472913133516752,-0.000887107317383359,0.022164240185398358,0.16973398133389414,0.0,0.0,0.32850015563103807,0.0,0.0,0.0,0.0,0.0,0.0
0.3902139443505937,0.8372142034208077,-1.9056191503886946,0.19219538746732295,-0.013536385493034089,0.013440684636853488,-7.560279919776633e-05,0.18459210466500625,0.007107768521180589,0.10716136447995014,0.00610066401706304,0.002360749876877341,0.2662671036338392,-0.006166208165853908,0.0,0.0017296521662087433,-0.0693975856782221,-0.004067858940292094,-0.0015381328116408398,0.016407194135825788,0.044283871703194255,0.0,0.0,0.07527326996906301,0.0,0.0,0.0,0.0,0.0,0.0
0.3902139443505937,-0.12323825918650265,-1.2202776389244796,0.20276510435558914,0.002799703380412923,0.007932646335144209,-0.6744563004832526,-0.1934726909299183,-0.11366230099258552,-0.364723043888171,0.006854278094923358,0.0018931652286209436,0.2411341622977289,-0.010258554532593386,0.0,0.016047663711897444,0.0593815980477003,-0.4155560972986907,-0.0043070384969173155,-0.11194774221487933,0.1301601075635395,0.0,0.0,-0.10442115614299369,0.0,0.0,0.0,0.0,0.0,0.0
0.3902139443505937,-0.5071491988379095,-1.7288881807606615,0.21170678199013782,-0.004937529583831392,0.026542586942426897,1.2842471826312396,0.17844581078455524,0.019587484079144644,0.1849840685341404,0.003502561447332571,0.0013768129541081328,0.2650701099085568,-0.005911531323637532,0.0,0.021133920404750664,0.06432112960680428,0.05305254026828645,-0.0016875459941648493,0.030551241508169798,0.15151538063094405,0.0,0.0,0.12976942603734326,0.0,0.0,0.0,0.0,0.0,0.0
0.3902139443505937,0.135346354891551,3.4171335188035967,0.45029458347777396,0.0430145774093601,-0.000548604582571285,-0.9240411110420187,-0.20654423829896307,1.6127280700202153,-0.4243114548284495,-0.0011617043001956452,-0.001155907174186619,0.2504862312666734,-0.008025212780736205,0.0,0.0022417583658398215,0.7529895019178242,-0.22202934013874637,-0.0037054920125193552,0.02223895205225421,-0.16447767449134015,0.0,0.0,0.16843269667925756,0.0,0.0,0.0,0.0,0.0,0.0
0.3902139443505937,-0.32824488737901236,-1.7825629453519256,0.12917755323997485,-0.007887856211030816,-0.021191723186093626,-0.08092438284770301,0.09375158920423646,0.013161933539626696,0.11532669735677928,0.004369844932206242,0.0020282699027903183,0.2540808335602517,-0.011542114730542214,0.0,0.011328463014086262,0.02550229027973378,0.02754657685293176,-0.0011003292058201896,0.007459515650656733,0.15065391230639671,0.0,0.0,0.03417003136178924,0.0,0.0,0.0,0.0,0.0,0.0
0.3902139443505937,-0.5857403381604509,-1.469572532233964,-0.5267349223455781,-0.016162875745462633,0.004687554194427904,-0.5634447176102753,0.09810812688702239,0.0012530763146583112,0.11767486749919041,0.004631401976295902,0.0018056527016985424,0.23063795823892874,-0.009880289063215057,0.0,0.014718347771063655,0.05997057682580334,0.033955378074488514,-0.001405506433574094,0.01780554571009252,0.1019618317672184,0.0,0.0,0.03995295114236475,0.0,0.0,0.0,0.0,0.0,0.0
0.3902139443505937,-0.205154909989323,-1.3548220576753838,0.20028468538089264,-0.0010666317953740999,0.0362492843119231,0.8288779572215549,0.21726813934839914,0.005009404760280909,0.18109179612955156,0.00319316066469811,0.0009689683021544788,0.27038643758297826,-0.012788230610391103,0.0,0.009134918268539335,0.015540097077977271,0.09796559763726108,-0.001571222444323749,0.013738535920125548,0.16634850343924718,0.0,0.0,0.02330254513238398,0.0,0.0,0.0,0.0,0.0,0.0
0.3902139443505937,-0.3094765508850145,2.9033300606079906,0.14820873999275191,0.036261815591222,-0.05581054654727902,-1.637102424854882,-0.6832646256806896,-0.16912122457568823,0.1144885526505016,8.053152054635703e-05,0.0002468648816911674,0.22296496063731158,-0.006886680510199728,0.0,0.015660085940753698,-0.11191629178339911,0.05182775847560051,-0.000877197423657438,0.024441039202300115,0.1308424602317392,0.0,0.0,0.09237358027879869,0.0,0.0,0.0,0.0,0.0,0.0
0.3902139443505937,-0.869948504331871,-1.1819438564215772,-0.5120235277471384,0.0066360551586799165,-0.08697852808425852,-0.6177429930138295,-0.19884632240550498,0.039649841247812505,-0.026638917243688054,-0.008995179203600849,-0.0019178531763956136,0.20440342476270815,-0.02004535896960429,0.0,0.0038027769796922543,-0.2996826973321028,0.25517245017096174,-0.0012309417048365662,-0.26217109304217756,0.24030857229238695,0.0,0.0,-0.82069582237356,0.0,0.0,0.0,0.0,0.0,0.0
0.3902139443505937,-0.4738845698298869,3.290972603661738,0.20062009223805505,0.012905763831557946,0.03497047019573116,1.0592734629899665,0.48800250217823204,-0.04949704402876142,0.12650095707654235,0.0006394451925909536,0.000554311090928495,0.2524207283238586,-0.006157780213563238,0.0,0.018097192219523533,0.04151313048589515,0.04065636952455716,-0.002099079507182031,0.028831934428168737,0.11326875129312292,0.0,0.0,0.04624162383105084,0.0,0.0,0.0,0.0,0.0,0.0
0.3902139443505937,-1.7051010528363422,0.39440109527263373,-1.0058840903871316,-0.22283584870397488,-0.03388073645434234,-1.2619952003835802,-0.4117863102573176,0.060882774309059785,-0.5732992557042398,-0.0005310763146212755,-0.00011076984234904251,0.2117683224570812,-0.012128162344864657,0.0,0.026743145865012037,0.2832094172891467,0.37533013432924217,-0.0037767861905695812,-0.01982335894861275,0.09182379819350261,0.0,0.0,-0.2799427449893833,0.0,0.0,0.0,0.0,0.0,0.0
0.3902139443505937,0.3642295897836977,3.4929096621767237,0.7031173143809494,0.04333748441719635,0.022021462039206678,0.28959325156745996,-0.19993953151102395,1.1782280605478033,-0.5011626691267258,-0.004717489900866148,-0.004518123599131103,0.2911032327130341,-0.008017136649223513,0.0,-0.22046854687435868,0.5640735889670031,-0.3552606889519809,-0.003507883521492947,0.024533070876957726,0.43515605775526217,0.0,0.0,0.5258675389057956,0.0,0.0,0.0,0.0,0.0,0.0
0.3902139443505937,0.9886066413017819,2.921349296484867,-0.14982362548107292,0.03133520282234081,0.0984576507668735,-0.7270070046556196,-0.5652740685097748,-0.17873910760334613,0.06469825382514979,0.0012337062985561165,0.00046037322164750236,0.23322041137394928,-0.006245899446652972,0.0,0.00841711848682392,-0.057880889124810105,0.012299498229776457,-0.0011087705753052852,0.016017613852029957,0.05604329926915373,0.0,0.0,0.14502431823212764,0.0,0.0,0.0,0.0,0.0,0.0
0.3902139443505937,-0.05206917580914702,-1.8213404510474291,-0.4710602442277872,-0.0018775874653711097,-0.1536397715994194,0.546846875258636,0.09019680975983183,-0.010844314000696964,0.11609813180337948,0.005965392894886845,0.0018506095335215106,0.25133428958132176,-0.00671926294821565,0.0,0.01208881006517588,0.03927676681352707,0.024612790907060388,-0.0016497582663892864,-0.0009088504378700821,0.029601452168303333,0.0,0.0,0.0352569998278846,0.0,0.0,0.0,0.0,0.0,0.0
0.3902139443505937,-0.5485363935212312,-1.4778763113120927,0.06487609692199134,0.005669577680002373,0.02367334293827663,-0.5256994390001279,-0.18786965100243147,0.005707719083948953,-0.036808372569484236,-0.008649130837432574,-0.002513330545675722,0.21178824234324234,-0.016641978975288033,0.0,0.003877633099274984,0.024083191685742945,-0.06536180076416111,-0.0011445319378506477,0.03574145225992087,-0.04180272822479699,0.0,0.0,-0.9454064548208482,0.0,0.0,0.0,0.0,0.0,0.0
0.3902139443505937,0.31545518887098223,3.151977218939846,-0.5076546930614937,0.014982133707282205,-0.5825298392646932,2.2296410916677716,0.05950109365630146,-0.05735306373083553,0.11034626083140726,0.0020705257648146974,0.0010849563065250033,0.23839502765046441,-0.005360958967965167,0.0,0.01806238482111275,-0.03436747060820795,0.0247104251934057,-0.00203966407928615,0.01661767557629069,0.030358565293495395,0.0,0.0,0.06386219313122915,0.0,0.0,0.0,0.0,0.0,0.0
0.3902139443505937,2.0382814128797397,-0.8712498531087247,-0.003803823614139799,0.0010164442952875965,-0.02781572220210855,-0.3596724461506743,-0.15731111291677707,-0.028583551174117518,0.025871910284828162,0.0019120789572784028,0.0013130466500917656,0.271521982083709,-0.008231053960679666,0.0,0.010046986610443703,-0.015704957458112907,1.126762522690851,-0.001738803353456835,0.01927290079554606,0.3881685743580177,0.0,0.0,0.01937209852846619,0.0,0.0,0.0,0.0,0.0,0.0
0.3902139443505937,0.1282154483398939,3.7007879229847016,0.48535484423908787,0.026867555407367395,-0.0011278087316676513,-0.019449326203282956,-0.2043109596281283,1.1942027357770013,0.1205909000885148,-0.00529052233403516,-0.0014161788378040396,0.24569490842778327,-0.010615288686148945,0.0,0.003603586118513528,-0.14155755391170052,-0.08226322267857733,-0.000953060288360123,0.05871601144663527,0.06378760197448487,0.0,0.0,0.1558881227977508,0.0,0.0,0.0,0.0,0.0,0.0
0.3902139443505937,1.6467769518942414,0.2716067714137109,-0.3458814095666516,0.02879426822805746,-0.013800913109967908,1.3788638779415003,0.1875892349935958,-0.06418114122417724,0.1761325374629192,0.003914436594881223,0.0014960141174736625,0.2790772117590735,-0.005567270949365934,0.0,0.005231707156993262,0.15265485446254784,-0.012735093060696057,-0.001652408439233532,0.03346769751548872,0.03081096016251311,0.0,0.0,0.030785326615019783,0.0,0.0,0.0,0.0,0.0,0.0
0.3902139443505937,-0.04984428894195957,-0.9213281066309118,0.2619014443714801,0.0033218708224308333,-0.0004970867380339466,-0.975124979054038,-0.18057415679117608,-0.11100444305441456,-0.42248078778827336,0.005821280921599227,0.0020661706091743334,0.25386007352275786,-0.009530544737795826,0.0,0.023817289717391048,0.16711223511748435,-0.41471032874606933,-0.004261075285735017,-0.0333798527921736,0.3405638821425536,0.0,0.0,0.29411178053847836,0.0,0.0,0.0,0.0,0.0,0.0
0.3902139443505937,-0.36758918814092095,-0.8187190190990294,-0.29062637997174334,0.00446761597182813,0.0003854670898824532,-0.47695459180478694,-0.18886766781506212,-0.04130394291802577,0.0173356893357234,-0.0033497050945076046,-0.0008342583330091114,0.23369253013419106,-0.021514985408084473,0.0,0.007668053726682948,-0.01752418766475387,-0.2147610522610811,-0.001161176468030933,-0.4428183694007596,0.17914988811701552,0.0,0.0,-0.10516072462133597,0.0,0.0,0.0,0.0,0.0,0.0
0.3902139443505937,-0.34489737545589844,-1.953441183487713,0.05232795763181152,-0.01602907431605,-0.008958550067124498,-0.39322688749464707,0.11473032000769584,0.01620392479630562,0.1334756149276211,0.0025475753093274606,0.0010622022011766716,0.24883682890135345,-0.013374095386826178,0.0,0.009671559309831356,-0.12544622834397268,0.06924650828176439,-0.0013645144763378154,0.007067067697625301,0.14397749963699333,0.0,0.0,0.00272774989618288,0.0,0.0,0.0,0.0,0.0,0.0
0.3902139443505937,-0.2244158471386737,-1.0112218531433934,-0.29526538167142896,0.001799670375211592,-0.025162668263846687,-0.581612480331405,-0.16461188078468567,-0.0669716886622762,-0.4435811042035887,0.002710567327687574,0.0008590211492292421,0.24034421936184575,-0.008041057151431476,0.0,0.017630896442933027,0.17900447545548734,-0.3522138978399296,-0.004450807451324836,-0.28307451986073184,-0.15218399928900458,0.0,0.0,0.04874753885221802,0.0,0.0,0.0,0.0,0.0,0.0
0.3902139443505937,0.050729085640773365,-1.6382167684845577,-0.12432706050554418,-0.027797848995933228,0.04547875309205948,-0.360893171186484,-0.15695904781546005,0.056227761450655514,-0.4872953796832818,-0.0005905605792348354,0.0004924422197722245,0.2504944878490005,-0.01443697570941086,0.0,0.004583988440767739,0.0009513422814986566,-0.527515461232935,-0.005779209149268389,-0.039369643025686546,0.12057356749371177,0.0,0.0,-0.6095360809958262,0.0,0.0,0.0,0.0,0.0,0.0
0.3902139443505937,-1.511395249864183,-1.076508504288593,0.25949804161986956,0.0026592117107815953,0.01700846962360867,-0.7754160198255602,-0.11679081700020115,0.26347444642387724,-0.4194442491590623,-0.0011374836919589223,-0.0005816209335056242,0.22934739210317928,-0.009536555969520228,0.0,0.010885202351987177,0.07596688490792128,-0.5590619160193893,-0.004679175843587068,0.024873826735316178,0.2110992672084773,0.0,0.0,0.0035726511629818576,0.0,0.0,0.0,0.0,0.0,0.0
0.3902139443505937,0.17602869122393208,2.240595170804707,-0.4918253340124425,-0.005344947249989889,-0.8994943393627347,-0.6832096801096696,0.2920431349688003,-0.10930264348619098,0.07112287419250353,0.0012628679956083692,0.000788461525307511,0.2247286882891417,-0.007562022363945138,0.0,0.011490681993448309,-0.033590996505495574,0.03743646426237464,-0.0027957800615969054,0.03155606035992472,0.09078741082107523,0.0,0.0,0.07723105906561224,0.0,0.0,0.0,0.0,0.0,0.0
0.3902139443505937,-0.08615736540564616,-0.8375434506720444,-0.15903062905826643,-0.00440377008201856,0.027019832452710474,0.6020821605863239,0.12135547062291528,0.03034942100349202,0.14555423845634602,0.00290855358441554,0.0009540335611548648,0.26499945765555616,-0.021511925366350465,0.0,0.00995407172576348,-0.227218244700558,0.0449429702138192,-0.0011775275427933461,-0.012387797951599012,0.07595531926478315,0.0,0.0,0.03767888865451703,0.0,0.0,0.0,0.0,0.0,0.0
0.3902139443505937,1.0598687199925232,3.2604521040670313,0.684118067150818,0.04132529769465629,0.017779809624823516,-0.3923207180285417,-0.3769129638040116,0.8578646500554914,-0.5890047154002288,0.0021625684204217006,0.001026425110942156,0.2778883013245746,-0.006338801396523498,0.0,0.0021165759095972806,-0.09945189421941754,-0.1417603200651236,-0.004738448392445644,-0.06167115725568865,-0.056880433863244095,0.0,0.0,0.6288189145834389,0.0,0.0,0.0,0.0,0.0,0.0
0.3902139443505937,1.6260095724699994,-0.39736670585348793,0.5934444776795249,0.0016430779205756495,0.009441583551578174,0.8343150895296997,0.1663375606760758,0.0019108713882213073,0.11718524202688463,0.006772285109716156,0.002307599804312636,0.2922931441195917,-0.006815134531946868,0.0,0.010832394754521501,0.10192384190974338,0.02677070806921358,-0.0013802258977046317,0.02097249488513417,0.0780685154448125,0.0,0.0,0.04846818993865877,0.0,0.0,0.0,0.0,0.0,0.0
0.3902139443505937,-0.29408326398825113,-1.679244685007755,0.46999434657108946,-0.00877304133993288,0.023511038035683492,0.5871931562950241,0.19525305063064688,0.014588366748421145,0.20709521821422794,0.0025226601142839065,0.0009698464451593967,0.2787046628855516,-0.01765216499067301,0.0,0.002536073312190739,0.4811052127197589,0.07048953293357996,-0.0013334607068686334,-0.0033079593863981657,0.1585149695610003,0.0,0.0,0.1256842887955976,0.0,0.0,0.0,0.0,0.0,0.0
0.3902139443505937,-0.019170040559915804,-1.3693727766826778,0.3192605495446893,0.00522809379309083,0.0035300868392856956,-0.2842904190748559,-0.1522251564060542,-0.023452533940666705,-0.4474939201295757,0.0027352603357468637,0.000971748721274017,0.2646401019573133,-0.014346092952724222,0.0,0.016312265824412503,0.16675384050704403,-0.04495764683884098,-0.004210598168916355,0.06514177707581988,0.30856758979465443,0.0,0.0,-0.11418919807815253,0.0,0.0,0.0,0.0,0.0,0.0
0.3902139443505937,-0.4293716588113278,-1.3265690412927122,-0.20637453546412796,0.004215632985993311,-0.0034380961013399255,-0.5191614329298887,-0.19164004476945098,0.049060657341453345,-0.026576360250338254,0.003673986552541637,0.00035749188631827597,0.2156312967055347,-0.018631598364905813,0.0,0.015873908868129796,-0.2302915601973456,-0.4006095599947316,-0.0011667205629255781,-0.06028241530096178,-0.061204396240835145,0.0,0.0,-0.3664180528370144,0.0,0.0,0.0,0.0,0.0,0.0
0.3902139443505937,-0.32824488737901236,-1.7825629453519256,0.12917755323997485,-0.007887856211030816,-0.021191723186093626,-0.08092438284770301,0.09375158920423646,0.013161933539626696,0.11532669735677928,0.004369844932206242,0.0020282699027903183,0.2540808335602517,-0.011542114730542214,0.0,0.011328463014086262,0.02550229027973378,0.02754657685293176,-0.0011003292058201896,0.007459515650656733,0.15065391230639671,0.0,0.0,0.03417003136178924,0.0,0.0,0.0,0.0,0.0,0.0
0.3902139443505937,2.380859794489239,1.0280343894424637,0.557356668526247,0.007164434554472293,0.06274592803945625,1.9994810910540424,0.2462001053824786,-0.08288108724193055,0.13937822837457847,0.00036908674037681446,0.0010637682907596601,0.3091868147233884,-0.0034906314253227173,0.0,0.014865248788366215,0.025415018278966566,-0.013826924688321016,-0.0018265116797010733,0.025790206081072548,0.07702023501365142,0.0,0.0,-0.021762226339046283,0.0,0.0,0.0,0.0,0.0,0.0
0.3902139443505937,0.6049356037690584,-2.0719885017514574,0.47740309537106773,-0.0021570771100736575,0.017376134355381274,1.1638135238346068,0.16330930889461467,0.004951761032947685,0.14515334062634017,0.006539102423030853,0.002292648829089539,0.2750661781577926,-0.004453594388878901,0.0,0.01111058597784027,0.09435584684948975,0.01158837621250063,-0.0019175003140329458,0.025194029689134142,0.06250679632302705,0.0,0.0,0.049031528210726746,0.0,0.0,0.0,0.0,0.0,0.0
0.3902139443505937,-0.029817241836777586,3.6448829215493377,0.23931712378360886,0.0008526109362242709,0.010860964198426063,1.6011179982258181,0.4573408052934463,-0.05445212827447597,0.13633150520950119,0.0007373135602332797,0.0010037501407085638,0.2643876756429651,-0.004903453567596391,0.0,0.007938675944095629,0.1595606358433201,0.04160220034734195,-0.0012504472306785757,0.020856325893237108,0.09791629884582592,0.0,0.0,0.03603177480709471,0.0,0.0,0.0,0.0,0.0,0.0
0.3902139443505937,-0.2562791592376566,-1.8096438525890495,0.24278783318612926,-0.013173186457554996,0.014508106753227328,-0.38553233129209,0.14303960106154315,0.01083088567071379,0.14961941588916905,0.004316817100883019,0.0020132199791675427,0.25482093154920343,-0.007772006733127367,0.0,0.008420268743291943,0.07210059368650114,0.035891212643118786,-0.001313506461460028,0.003159808028026463,0.15220809279209319,0.0,0.0,0.04569535011740806,0.0,0.0,0.0,0.0,0.0,0.0
0.3902139443505937,0.2265894145218815,-1.9258235117372835,0.20985098318630305,-0.004692130311235575,0.034191300009830276,0.47030102673855456,0.18460472410899337,0.008115624029854312,0.1466769932197157,0.006514343077394977,0.0023855725644413538,0.2769307886092357,-0.007763186997742175,0.0,-0.003919793753689951,0.12329031117659454,-0.004075890642608314,-0.0015381328116408398,0.008720012231955763,0.04498321121866264,0.0,0.0,0.07396286607349548,0.0,0.0,0.0,0.0,0.0,0.0
0.3902139443505937,-0.2563474672884546,-0.18784677724588592,-0.3474707945980507,0.004709545007151739,-0.013152272247552827,0.2456876370820111,-0.06052892926003207,0.1620821766028395,-0.1760498548059292,-0.0023145310076732217,-0.0010730667505637389,4.603524543046589,-0.011521516844468801,0.0,0.14727109058560037,-0.1438531247624576,-0.3181943497550711,-0.004270589285416334,0.08377249643080387,-0.10335604179160689,0.0,0.0,0.6853737184480645,0.0,0.0,0.0,0.0,0.0,0.0
0.3902139443505937,0.2802515689342641,-1.5427099683863372,0.11905629251028695,0.0010639759987179183,-0.012425653395406579,-0.4671141573344967,-0.20248990717428042,-0.0014621816744583012,-0.20306067050697343,0.008395552880583848,0.0025187703604154007,0.25822890208934396,-0.010551371753430865,0.0,-0.0060709506520230695,0.05484818580860863,-0.09689370177167816,-0.005978731035391048,0.14557576646361042,0.20658876394435954,0.0,0.0,-0.2523601027699012,0.0,0.0,0.0,0.0,0.0,0.0
0.3902139443505937,0.6756678115266651,3.429105056311467,0.2835144545590174,0.025872825108481472,0.02438676115672,2.194147570423123,0.2587118975389078,-0.06011189051501968,0.1292676093933876,0.0008914727452467118,0.0009947434461407875,0.2586053823800296,-0.002029135798025047,0.0,0.017315402697025178,-0.059109798355133684,0.0011884114532335049,-0.0018395430387579002,0.02750054252723268,0.040511602565089816,0.0,0.0,0.038820628982960806,0.0,0.0,0.0,0.0,0.0,0.0
0.3902139443505937,0.36246882121165863,2.963505887065927,-0.1331533386944022,0.029451001012942634,0.015887085141009432,-0.32922768245565165,-0.3407191008641441,0.9656016256156629,-0.6248743414052339,0.0036242384862496804,0.0005554589029086217,0.25397848897458075,-0.01201804259838408,0.0,0.015474271623518707,0.4528110297814725,-0.05014226920027042,-0.004181689609544464,0.045628314660430117,0.0611093585767002,0.0,0.0,0.01612675133172296,0.0,0.0,0.0,0.0,0.0,0.0
0.3902139443505937,0.8499605390601669,1.4179491959427668,-0.21357373830394102,-0.0673840946415366,-0.056061618974068875,-2.5531105464055868,-0.6574207213307981,-0.10378389282784516,0.10252940630036553,0.00023515160220306943,0.000117053371868605,0.20871178630676845,-0.008375974830817378,0.0,0.013776322695986682,-0.27772596590589366,0.04881311912427307,-0.0008396953003287724,0.027324928260845843,0.1875974094327464,0.0,0.0,0.08241418615361151,0.0,0.0,0.0,0.0,0.0,0.0
0.3902139443505937,-0.20474080878927367,-1.278491679780445,0.31485621926387486,0.006083594459271981,-0.0021762428213650676,-0.38338699177128305,-0.18477499109970955,-0.010275328319567657,0.03253123380139723,0.0005410771588046834,0.001501086311217258,0.2318259896210924,-0.017866455868437457,0.0,0.023911228756227042,-0.032251864959714945,0.11850251507650751,-0.0010420493687906957,-0.06029073920384033,0.01861261138038829,0.0,0.0,0.056407817185025244,0.0,0.0,0.0,0.0,0.0,0.0
0.3902139443505937,0.6272531076806622,-2.5320147398155513,-0.2947846386012989,0.003962720769474177,0.02673571782128863,0.6113047256522968,0.12865946719157345,0.0002820001882905115,0.12109607470599075,0.004978860670476905,0.002005505303737161,0.26413455975177125,-0.0054385778459529605,0.0,0.00503287847935143,-0.09417649973961292,0.0009145983848305618,-0.0014834758619518627,0.017782950664649154,0.09193518139270809,0.0,0.0,0.008382800699908592,0.0,0.0,0.0,0.0,0.0,0.0
0.3902139443505937,1.3196333853169075,0.5916983066943294,-0.4424291356468473,-0.19000061078759792,0.017003325419404185,1.0182904513080688,0.21037691987686924,-0.06394432755786358,0.10239547102465898,0.0036477542355201516,0.0015543443067397634,0.2780316460432528,-0.009235064628767593,0.0,0.007153344402816,-0.008588302862020968,-0.01684322579451454,-0.0014009702066467402,0.018249933745690994,0.06877208427326477,0.0,0.0,0.06228090704493394,0.0,0.0,0.0,0.0,0.0,0.0
0.3902139443505937,-0.26949101709291545,5.392034812897571,0.1659061381335163,0.012081547149618347,0.012284468559892783,2.092341323344284,0.41717191574857554,-0.03631583793792776,0.16777087276697228,0.0012010999164347787,0.0006394909383910034,0.24996531086468715,-0.005934479400979952,0.0,0.015507823683182763,0.07600737084340448,0.05093993263789776,-0.0020027257803223253,0.0276083748102484,0.12236066756519424,0.0,0.0,0.08912692268769314,0.0,0.0,0.0,0.0,0.0,0.0
0.3902139443505937,-0.4344168086424226,-1.3817791035496119,-0.1755438971061139,-0.0022082320462562107,-0.060438851278919486,0.5675213071639633,0.13605682465212646,0.011779857638898094,0.10057267987053581,0.003728676511070108,0.0010707381895572435,0.2557244880401037,-0.011915714898974682,0.0,0.011250957384312572,-0.06941861082546287,0.04989961564063466,-0.001150414965511703,0.017179666698368228,0.11382960205532122,0.0,0.0,0.04599131499936907,0.0,0.0,0.0,0.0,0.0,0.0
0.3902139443505937,-0.7012870484447953,-1.1888422967826247,-0.37100381217999573,-0.0091175810036396,0.039983406904848404,0.2504364496683083,0.14528012490577596,-0.012162363825093423,0.06301672073097832,0.0034217107470835965,0.0017235930424761715,0.240032003129213,-0.010639595575993642,0.0,0.016708571810023266,0.25743080729245466,0.024252548336334643,-0.0011881264666336337,0.027662080301402228,0.14226368025107058,0.0,0.0,0.031133165772080373,0.0,0.0,0.0,0.0,0.0,0.0
0.3902139443505937,-0.03787023020381524,1.6160059293548235,0.14189792882567542,0.015758207393824816,-0.009787288276159382,-3.2944116204676663,-0.6640293193041327,-0.21743272926238913,0.08861603262847148,0.0004167100606930662,0.00023920910655793527,0.20970473744740903,-0.0074677288061499114,0.0,0.015396969599198538,-0.15547384077304716,0.0328537777039321,-0.0008735800182873485,0.015543675155643675,0.10297411354631414,0.0,0.0,-0.0663002415975516,0.0,0.0,0.0,0.0,0.0,0.0
0.3902139443505937,-0.27867235162945153,1.5636398251703472,-0.8633035068960816,-0.34485875627952667,-0.036917998777627435,-1.534591314828126,-0.7996663274967957,-0.12353245965466574,0.09665330709662598,0.0005955597226673784,0.0001174527649708193,0.21186065842105017,-0.009064400556551166,0.0,0.01287811021331471,-0.4121725812918697,0.06425825249126528,-0.0008397676024822828,0.0270703544220833,0.2210261034765366,0.0,0.0,0.2090146793916229,0.0,0.0,0.0,0.0,0.0,0.0
0.3902139443505937,0.5314000159978829,-0.9966479438747576,-0.05707920924596701,-0.0014985529935135544,0.02750104090415852,0.4136619149965207,0.14957752166642996,-0.035381961617207525,-1.1195883221061815,0.004650428144709742,0.0014023238104000578,-5.661605748764987,-0.0036354592257629077,0.0,-0.0043063085415836885,0.11877704710255368,0.005154233146955475,-0.014053167969165219,0.0131664614887792,-0.04952346928624885,0.0,0.0,-0.08250995070207455,0.0,0.0,0.0,0.0,0.0,0.0
0.3902139443505937,-1.3896260903291022,-1.1146897332038614,0.23225687606828588,0.00401364306029016,0.012743310483770464,-0.8159943394112719,-0.12850422945817364,0.2513507705762429,-0.4232318493027921,-0.0009690153287797243,0.0003932203933023334,0.22939952814037226,-0.009118568756693167,0.0,0.010395874593296692,0.11315182919863336,-0.33265513557417714,-0.004720795197128524,-0.00226913373004246,0.2081690580374399,0.0,0.0,-0.37063058594813336,0.0,0.0,0.0,0.0,0.0,0.0
0.3902139443505937,-0.18533653354066748,-0.8681090484632682,-0.11833784345696047,0.0060851518187606335,-0.021135769671963688,-0.14803731977944232,-0.10737829247989596,0.10161389302481574,-0.22791626320761182,0.00721014832537751,0.0015611963629986356,0.2496157786473511,-0.01532908654266407,0.0,0.01600510292177371,0.11372095597257675,-0.07329141494985315,-0.0044270624568798584,-0.05642600037337833,0.5706538779044876,0.0,0.0,0.2877139206566259,0.0,0.0,0.0,0.0,0.0,0.0
0.3902139443505937,-0.20850972095223713,-1.2825496549394968,-0.30173660945770037,0.004344703300624554,-0.019537436149913677,-0.26264765829384706,-0.16425563181966707,-0.057205728731507755,-0.4560487881125695,0.0003606001460994963,0.0014336844225968182,0.2534994025561688,-0.01943838569960586,0.0,0.015308436416631778,0.1087583443121936,-0.41223930351435234,-0.004177548442875538,-0.06370130848478739,0.05072754348987114,0.0,0.0,0.1183046908988936,0.0,0.0,0.0,0.0,0.0,0.0
0.3902139443505937,0.09387003626398625,-0.9346936949561439,0.4400192184860427,0.0058103289001699325,0.0233420078459891,-0.14783827335838834,-0.1386913142904573,0.04769076369473889,-0.008520763703176698,0.009261224241083619,0.0022098051746638377,0.2639302917259151,-0.01305826892523731,0.0,0.011200429405971078,-0.04007258360539594,0.5465282317616889,-0.001160360896575043,0.6093325015574089,0.6831204744802786,0.0,0.0,1.7278317815940285,0.0,0.0,0.0,0.0,0.0,0.0
0.3902139443505937,2.9675414988513897,0.49669158016049153,-0.3618027196865715,0.008376868818781644,0.028321752866846704,1.5069174888976407,0.1954453482321581,-0.012123281260989466,0.11722133313526516,0.0044408961229918595,0.0014428015842912663,0.28867784956441717,-0.006221586928361128,0.0,0.016491330074311184,-0.08977606314945287,0.0014445526615012559,-0.0027469247752266585,0.019199840965697084,0.03304886472712341,0.0,0.0,0.06580203685020773,0.0,0.0,0.0,0.0,0.0,0.0
0.3902139443505937,0.5186894676941274,4.352012989119394,-0.3022420583917866,0.020587589510112133,0.023327896987908655,2.086551061129737,0.47280743433521294,-0.046603950459689576,0.12114233925813606,0.002037323954394898,0.00080367998353733,0.25160169062507093,-0.005329151753133936,0.0,0.015293238676522262,-0.0038706648940260327,0.028540066051203083,-0.0021931809799450755,0.016866465678715893,0.014587297276664118,0.0,0.0,0.05520619928967565,0.0,0.0,0.0,0.0,0.0,0.0
0.3902139443505937,0.11487095949268324,-1.8292421541337545,-0.05364806401202223,0.005283143453628911,-0.024748881580647787,0.14115620066612403,0.1146269282137701,0.0077148845315907185,0.1159392003253748,0.005783052947684041,0.0020084210657430003,0.2583054870398432,-0.007126185772720721,0.0,0.0038387068007306817,-0.15390848406644916,-0.004858182450718023,-0.001365119690796962,0.025014922953852638,0.05211695410594153,0.0,0.0,0.06349239897767812,0.0,0.0,0.0,0.0,0.0,0.0
0.3902139443505937,-0.2861458448845302,-1.661883135764208,-0.10390289991746811,-6.531313113190705e-05,0.016951750191379376,-0.4589672962918921,-0.22392416429803333,0.0837796205470397,0.00674461845122835,0.0008444437936207818,0.0013886461504646974,0.22331363776166374,-0.021840204316934078,0.0,0.012155367616528556,-0.16684092111072246,-0.34818935576690807,-0.0011150044488503123,-0.03747418073081623,-0.016943312383985346,0.0,0.0,-0.9158897818994283,0.0,0.0,0.0,0.0,0.0,0.0
0.3902139443505937,0.7876384941031125,3.7742084580134407,0.26500430308483547,0.006955807361176804,0.06666416280088273,0.6257150068203803,0.4275658442210539,-0.10393170273553036,0.1063296864733363,0.0010843918269863159,0.0004903959762505009,0.25719397317691567,-0.004384112983171924,0.0,0.012614809629034811,-0.028503817806800148,-0.00792397954660462,-0.0022596763450087676,0.016742700808343447,0.046742542788479204,0.0,0.0,-0.03186807095444536,0.0,0.0,0.0,0.0,0.0,0.0
0.3902139443505937,1.0051410681450865,-1.4682160278917213,-0.4781498585690673,0.002687879497119145,-0.0024584712963062983,-0.24752258446164802,-0.19469431995738798,8.409617834036929e-05,-0.27699605142381745,0.002465297700276163,0.001521412970231586,0.2576543228225153,-0.011673072401511804,0.0,0.009777314989128033,0.020369696721147888,0.5036244743553916,-0.004692883511409989,-0.11208953033286509,-0.7966437752905344,0.0,0.0,-0.26505911875521226,0.0,0.0,0.0,0.0,0.0,0.0
0.3902139443505937,1.9421481551854152,1.0303618052647714,-0.5854826502936585,0.009219806456817881,-0.07207688865193111,-0.07041636594012927,-0.14204287788918554,0.6116171421147435,-0.3320051720949272,0.005223022796584076,0.001453208931664496,0.2873757645533354,-0.007768288067938395,0.0,0.016002372252789873,0.29327762974637683,-0.17389475398705884,-0.0044753003078503726,-0.14564661615652122,0.14698573243769547,0.0,0.0,0.803513755446227,0.0,0.0,0.0,0.0,0.0,0.0
0.3902139443505937,1.5825718195158547,2.713180106716768,0.056142784363358324,0.00850358182122454,0.025783356620160916,2.68418702017721,0.3176138689182963,-0.0708791907517913,0.10804026709072186,0.0012509110517190175,0.0009962545591566925,0.2645810003832701,-0.005053970247591711,0.0,0.00944043554592266,-0.12467958423200673,0.011527362581536332,-0.0017172451008079877,0.01782497926833238,0.04425175768164215,0.0,0.0,0.002773277932600147,0.0,0.0,0.0,0.0,0.0,0.0
0.3902139443505937,-0.3418680134883199,-1.7988021374386305,0.16226895384121126,-0.003347746863393133,0.008958619972751667,0.2778098581052688,0.09376602982165694,0.015571030020303007,0.12819214838685047,0.004938679542898237,0.0020056333545161436,0.25954172812740517,-0.019594590834054387,0.0,0.00664174437897267,-0.3829290676342314,0.030188262471811732,-0.0011003292058201896,0.00803935329403244,0.15586583258652054,0.0,0.0,0.036130068695765585,0.0,0.0,0.0,0.0,0.0,0.0
0.3902139443505937,-0.8141943054102999,-1.145653854645926,-0.5168576881684559,-0.004500118934514884,-0.16433505730045858,0.5728225358804322,0.12040237107538766,-0.01292966050337156,0.12965533673773338,0.0038885200323314256,0.0017276479863397442,0.2461558145499163,-0.01060877204882243,0.0,0.006173986445186534,0.13759405675245712,0.02815556840203131,-0.0013983222094299634,0.026227131122405167,0.13826812577935166,0.0,0.0,0.004980531059268853,0.0,0.0,0.0,0.0,0.0,0.0
0.3902139443505937,-0.37946194338328143,-0.8202557276393604,-0.2694420779341914,-0.007389858321962253,-0.01985336413948075,-0.2863956660208888,0.054911347132537786,-0.02007204264483372,-0.864792866355174,0.004189907509952299,0.0013834124518434365,-5.086174459568935,-0.00739343770082285,0.0,0.0014807908480281423,0.0660148168019388,0.03197932238894083,-0.013941712130744278,0.014037626321734087,0.009642315825837354,0.0,0.0,-0.11327721187010432,0.0,0.0,0.0,0.0,0.0,0.0
0.3902139443505937,-0.09341355373470546,-0.9749408107131202,-0.039757686797094016,-0.028050696546617734,-0.025573601451249556,-0.9617709161908184,-0.2074466522071305,-0.07429266093192603,-0.41315122414745487,-0.001744995267079601,-0.0013993321120680982,0.23773666316973083,-0.007134092346536026,0.0,0.022878517811345922,0.11622005346524907,-0.4645186899211575,-0.004522622704526506,0.11955558293749323,0.0708878839013654,0.0,0.0,-0.04357954375781834,0.0,0.0,0.0,0.0,0.0,0.0
0.3902139443505937,0.9205302988374914,2.878517738523263,0.7511082174157566,0.00045222890702862164,0.1943326273193405,-0.15564812528753794,0.3824290325162791,-0.14055669366706824,0.09471946557720279,0.0009283478291863275,0.0007874926311539446,0.2561463159749104,-0.0035213642425046313,0.0,0.01422429706472718,0.012253091431395823,-0.012997848789085067,-0.002248170928116956,0.020179146663058808,0.018001706224901038,0.0,0.0,-0.041396831278346626,0.0,0.0,0.0,0.0,0.0,0.0
0.3902139443505937,-0.14323435044970403,-1.3156034764920506,0.3123970225196235,0.00790584686818288,0.0055489762000598165,-0.39606792866886076,-0.19083064895559232,0.010158641197147796,0.029650043044841232,0.0005133960714347241,0.0010613587181235382,0.24212782671650804,-0.01764158610457947,0.0,0.025400459232663795,-0.06992427739152558,0.31487583873951375,-0.0010271385829395867,0.1170217048600971,0.20936918220978337,0.0,0.0,0.20122163576446123,0.0,0.0,0.0,0.0,0.0,0.0
0.3902139443505937,1.2090645601724141,-2.181833266167059,-0.11465467985198408,-0.00028981348248262583,0.0450562316858071,1.0630303119270106,0.19877383094090342,-0.0070679322296176485,0.11582167273408815,0.0043412137521793475,0.001958925535582042,0.26849294034977045,-0.005850288874866613,0.0,0.008499420780411082,-0.014500622100588178,0.015216032639916466,-0.0015613189401619374,0.016183670820550257,0.061728966885249405,0.0,0.0,0.0331605095044713,0.0,0.0,0.0,0.0,0.0,0.0
0.3902139443505937,-0.018876031193819386,-1.3497606593204117,0.2721855385402926,0.003064730626856011,0.004722039065652297,-0.32055012301240215,-0.1596071693768059,-0.022685153159632557,-0.45532293434273,0.0014368865121049098,0.0003949943588725481,0.2620226138251532,-0.01628565203976375,0.0,0.0039015516741663704,0.173062201583193,-0.25846502651286785,-0.003949027908639412,0.06660518749184534,0.3099168180155137,0.0,0.0,-0.1577728918672392,0.0,0.0,0.0,0.0,0.0,0.0
0.3902139443505937,-0.3560345324668647,-1.6910976108538274,0.32220652918044834,0.1811532893316784,0.004864210596838922,-0.21636507876798564,0.13030632001450818,0.005202471688329344,0.15769753378734258,0.004099046517949243,0.0017163074305179844,0.25734169822316333,-0.006578288792770478,0.0,0.013605112754272699,0.07171207809271866,0.026111411819565673,-0.0013144754442359907,0.00903050524045024,0.15467816709794757,0.0,0.0,0.06408960298003209,0.0,0.0,0.0,0.0,0.0,0.0
0.3902139443505937,-0.43389881860818336,-1.2972761989499226,-0.12965276091678618,-0.016944636756533807,-0.04322545203208566,-0.4346788007452821,0.13223732709744304,-0.005358837548529754,0.10848618954269974,0.0016206403699007821,0.0004797297350113336,0.2464374727736029,-0.005058868001060619,0.0,0.035260346544813734,0.12542754924304234,0.0744394537295402,-0.0013448823287808285,0.0068671394085580584,0.09804057182593226,0.0,0.0,-0.030868806053523472,0.0,0.0,0.0,0.0,0.0,0.0
0.3902139443505937,-0.5857403381604509,-1.469572532233964,-0.5267349223455781,-0.016162875745462633,0.004687554194427904,-0.5634447176102753,0.09810812688702239,0.0012530763146583112,0.11767486749919041,0.004631401976295902,0.0018056527016985424,0.23063795823892874,-0.009880289063215057,0.0,0.014718347771063655,0.05997057682580334,0.033955378074488514,-0.001405506433574094,0.01780554571009252,0.1019618317672184,0.0,0.0,0.03995295114236475,0.0,0.0,0.0,0.0,0.0,0.0
0.3902139443505937,0.7405536615809055,-2.427474334970394,-0.5494020498329136,-0.00428986883124468,-0.3150159783201566,0.21747170863004336,0.1120962543814695,0.0015798438771158804,0.08676918744184305,0.005242614878101683,0.001846022419152322,0.2533312124166118,-0.007749093416984365,0.0,0.006224061736152229,-0.24596934448247398,-0.009413426042231138,-0.0013567768751915972,0.016243839137689946,0.06570646978259839,0.0,0.0,0.017644673519462955,0.0,0.0,0.0,0.0,0.0,0.0
0.3902139443505937,-0.5409997785503486,-1.3117237936147697,0.14838260552143206,-0.004977462518458846,0.035740901584942114,0.5033568746692354,0.08564734487960285,0.0006198061009854804,0.19134245646395528,0.0037093194200551647,0.0016401387616382342,0.26187260829238224,-0.007019033468925044,0.0,0.011552101569850036,0.05021733781746638,0.03286916637913941,-0.0013755579669312702,0.012940220692514366,0.15565438967942002,0.0,0.0,0.02445291186267785,0.0,0.0,0.0,0.0,0.0,0.0
0.3902139443505937,0.19113237647022008,-1.4194487220618865,-0.0888402089898754,0.0035660421147173087,-0.0249753238693448,-0.27249734614667537,-0.11260117804357717,-0.02875614704290987,-0.377792398196777,-0.0010061058805015941,0.002014256347289624,-5.5919727404952,-0.006462670715147388,0.0,0.008210732804360198,-0.120959721699081,-0.413236628398043,-0.005029215883077022,0.38335390894105803,-0.020211686248106073,0.0,0.0,0.16841014313293806,0.0,0.0,0.0,0.0,0.0,0.0
0.3902139443505937,0.10906237346349722,3.239157447485919,0.2114601937830891,0.05104064162438688,0.04082384127985271,-0.9237522184600407,-0.2745754491320801,1.4232642508713833,-0.4143975732980137,-0.20216545324953558,-0.12522334749909667,0.2591962124872886,-0.0069764855946393665,0.0,-0.011665439055638997,0.4720393634168712,-0.013164694533950678,-0.003956515851125511,-0.0011874630664977116,0.4577575548854308,0.0,0.0,0.5358928694233681,0.0,0.0,0.0,0.0,0.0,0.0
0.3902139443505937,-0.14863508294159625,3.1986242307213266,-0.18786922535370928,0.009618252296110234,-0.177236036410758,2.1472369954358226,0.2898898198718718,-0.039800314128391474,0.10526812585237158,0.0014140989098732017,0.0005958574276028712,0.23662808052376408,-0.00761267073182133,0.0,0.019338032864676637,-0.050957486521721815,0.03640691967951446,-0.0017802498797952976,0.029246056706237793,0.11142406228144894,0.0,0.0,0.08043184518587244,0.0,0.0,0.0,0.0,0.0,0.0
0.3902139443505937,-1.6578706581817024,1.034809483111184,-1.2458349637466861,-0.32812926340134985,-0.01904608659075876,-1.9533180039497562,-0.748273073037458,-0.15084336973930376,0.08890790971862872,1.4970586922052276e-05,0.0005761539165862568,0.20909336199373557,-0.008934746796893751,0.0,0.01171915179858814,-0.11489013203742206,0.05743203509290102,-0.0008781661354413575,0.024463499218128012,0.1312605419422597,0.0,0.0,0.14519182647038306,0.0,0.0,0.0,0.0,0.0,0.0
0.3902139443505937,-0.2562791592376566,-1.8096438525890495,0.24278783318612926,-0.013173186457554996,0.014508106753227328,-0.38553233129209,0.14303960106154315,0.01083088567071379,0.14961941588916905,0.004316817100883019,0.0020132199791675427,0.25482093154920343,-0.007772006733127367,0.0,0.008420268743291943,0.07210059368650114,0.035891212643118786,-0.001313506461460028,0.003159808028026463,0.15220809279209319,0.0,0.0,0.04569535011740806,0.0,0.0,0.0,0.0,0.0,0.0
0.3902139443505937,0.1358038580140801,4.728320565976719,0.1791828716656551,0.007723768386520145,0.0715931323059393,0.8278707605019746,0.6459114329637589,-0.09108114670531861,0.11824089414874021,0.0018480053360018104,0.000589880814388584,0.25760905820813,-0.004004168585549095,0.0,0.015369816167381464,0.016507921671490948,0.00011932753621805332,-0.002339290353112311,0.018395113880764084,0.04029531886070646,0.0,0.0,0.024172397873749082,0.0,0.0,0.0,0.0,0.0,0.0
0.3902139443505937,0.0721148300777818,4.117797010034238,0.7115392496794303,0.05758344480416044,-0.03694718283386335,-0.16167061338372127,-0.5644930009417978,-0.10006789462781532,0.11436048197027382,-0.00012272784482756852,0.00040914011072953736,0.24520459744829337,-0.006410051461988666,0.0,0.015359504501071557,-0.14372825227841785,0.05362412058402833,-0.000887107317383359,0.023618832027055538,0.16767646476596978,0.0,0.0,0.31913178244545604,0.0,0.0,0.0,0.0,0.0,0.0
0.3902139443505937,2.5327557060922694,-1.6180086592129883,0.35817090922619754,0.0013842817653798227,0.019907999849514902,-0.44195795731874415,-0.1959403972074053,0.003969048316582177,0.011360768470992032,0.00701879875153467,0.005055634961234373,0.26314105334497684,-0.008613019544510382,0.0,0.01177334103076068,0.14824008355671947,0.23915329627073467,-0.0014979513101982518,-0.0771074124220932,0.531947204759656,0.0,0.0,0.4929663292944406,0.0,0.0,0.0,0.0,0.0,0.0
0.3902139443505937,2.0444808456605568,2.5410973934566123,-0.19412367933674193,0.0016285822960681632,0.02751705154748807,1.8373203436655041,0.46947232506083303,-0.05231821959180537,0.1261700078924914,0.0015965493751535342,0.0009749708256783062,0.2583318937433799,-0.004013416340448797,0.0,0.0037504204554313597,0.2846707071221715,0.021979054690054563,-0.0014845354129371493,0.01581001122699387,0.019569369994132443,0.0,0.0,0.0054087642955474744,0.0,0.0,0.0,0.0,0.0,0.0
0.3902139443505937,-0.5520353414132426,3.902251997517041,0.3562241012729279,0.010742616578284507,0.09682237445411483,0.970103562771342,0.38318691888797185,-0.0537970955581753,0.12383576812943738,0.001093681385567991,0.0005557080276773682,0.2481861429839826,-0.005617708537968769,0.0,0.018843307383021576,-0.014801882927446755,0.04102089220015499,-0.002099079507182031,0.029565305803031162,0.11110698944269078,0.0,0.0,0.052073820615749396,0.0,0.0,0.0,0.0,0.0,0.0
0.3902139443505937,-0.3117174127456803,-0.34503322888800814,-0.10495414100381788,0.0015762814359313922,0.03828992775489845,-0.18579544029465278,-0.12656775571019854,0.03904452067317115,-0.5939036217550674,-0.0033458826381621044,-0.0005911069224773425,-5.4819037316515145,-0.013276287619894751,0.0,0.007757227064368135,-0.008455633356288187,0.44213544039910996,-0.004376395291375556,0.06026478598751089,-0.47517375297007214,0.0,0.0,0.31923095808635954,0.0,0.0,0.0,0.0,0.0,0.0
0.3902139443505937,-0.06890966998669885,2.947040024014898,0.14708803836855244,0.03328398107645421,0.49235941146381385,-0.7714250478953878,-0.5812019276685357,-0.12338373513190394,0.07743433034752102,0.0010069507282297451,0.00015385690403949044,0.22652886888986434,-0.008642580762753342,0.0,0.012884083038903298,-0.10864160828812698,0.04507254585551754,-0.0008973624932492876,0.024886538280613414,0.17288645808479775,0.0,0.0,0.27247441010358636,0.0,0.0,0.0,0.0,0.0,0.0
0.3902139443505937,0.4826382269723264,1.4212769625328134,0.04849647098725087,0.03191753370156527,0.1952929392480559,-2.3061011070685153,-0.4822813828766316,-0.17141339787482296,0.054630721926134086,0.0008687285031485591,0.00045378846803787565,0.20488321399129159,-0.00874964913145681,0.0,0.01368323874845627,-0.033728961218093004,0.031184671491745072,-0.0008969781997773448,0.024951951912013756,0.12268026695694038,0.0,0.0,0.02438991530875763,0.0,0.0,0.0,0.0,0.0,0.0
0.3902139443505937,-0.36191728760447517,-0.8569423667499985,-0.003893865934081657,-0.005388289379547768,0.04068945017268777,0.960850950127499,0.2490717427693535,0.02335804018798036,0.14252410419975897,0.0026789151714016134,0.0011832031098275835,0.27623880142637597,-0.016573961514301055,0.0,0.011005317818864276,-0.09418523264584507,0.0934714437192312,-0.001274641157930895,0.009858968475986534,0.20485738885101668,0.0,0.0,0.17499147003702464,0.0,0.0,0.0,0.0,0.0,0.0
0.3902139443505937,1.443122525035301,4.116789527980301,0.2606477827735303,0.02438445197422859,0.16693672852918592,-0.43226516316037483,-0.49148099421713054,-0.13154690869146574,0.07522988491346387,0.0018211622941865493,0.0008817960148200755,0.23932190738196676,-0.006223233556964954,0.0,0.008670323042201111,-0.05479805325733593,0.06199243217053016,-0.0011567766927401408,0.012359963557806048,0.05843068800556373,0.0,0.0,0.2115274522713174,0.0,0.0,0.0,0.0,0.0,0.0
0.3902139443505937,0.2902792351045651,-2.0967328935204215,0.17523223306406016,-0.0012615762048875788,0.029382245013873248,0.3483999096460904,0.13077406884611256,-0.0036556692979841455,0.1430697016472699,0.006511173153914417,0.002352291627429733,0.2638768643928597,-0.00834532376403608,0.0,-0.0013605818266166402,-0.22957049555378667,-0.015038587200615938,-0.0017390851619206726,0.006571555816949403,0.03991872632330524,0.0,0.0,0.07756238275858894,0.0,0.0,0.0,0.0,0.0,0.0
0.3902139443505937,-0.18640481934294942,4.611614870246961,0.22865702113163527,0.010214473203744417,0.01589414782421109,1.3517490459154464,0.3699491248899188,-0.03716675237594969,0.13915534777175204,0.0013107954341951495,0.0007083741538760562,0.25886405606264185,-0.0046450323212052815,0.0,0.00961900319002257,0.1711525232317132,0.051204083942259906,-0.0014571551986645088,0.01683675174561675,0.10537615315944808,0.0,0.0,0.04985996487396964,0.0,0.0,0.0,0.0,0.0,0.0
0.3902139443505937,-0.5740279867982503,-1.6011666315192699,-0.22502894878701143,-0.0010369807648317223,-0.1142804425668597,1.0785964582251695,0.17960018246536108,0.011620641838166286,0.13630402053121382,0.004361345777615601,0.0012830876160289733,0.24293760757086183,-0.009204746322039584,0.0,0.02311213929155995,0.016271381079075043,0.050463310048741036,-0.0018685579618035323,0.0288798977797282,0.1162654520704306,0.0,0.0,0.09942868777845397,0.0,0.0,0.0,0.0,0.0,0.0
0.3902139443505937,0.5006507093247259,-0.3938053262942435,-0.3989240231266484,-0.22482222570634414,0.013033111684234502,0.5984366589270786,0.165735933535523,-0.0024032191539435466,0.142353372633385,0.005708904197683292,0.0016509429553975884,0.26555024162471685,-0.006243383105315751,0.0,0.012471813367721114,-0.08399753034255622,0.01452162495500366,-0.0016343817612485267,0.006753952409869576,0.05439335793246066,0.0,0.0,0.09516604880298518,0.0,0.0,0.0,0.0,0.0,0.0
0.3902139443505937,-0.7922649482884285,-1.2383663274865133,0.2969398596454761,-0.009771886214859804,-0.025127998402329293,-0.42653581020387227,-0.18076855677565454,-0.04041082226460291,-0.013500202845782822,-0.0034907591651000343,0.0003525362553010102,0.22560611889702717,-0.014119330690844808,0.0,0.009060367422798693,-0.09813711001800969,0.015783431974703607,-0.0010853561224936632,0.10393751282823564,-1.5038349193379277,0.0,0.0,0.22720540805032655,0.0,0.0,0.0,0.0,0.0,0.0
0.3902139443505937,-0.2930947278351983,-1.702948865058549,-0.24155744008305768,-0.005717016834824817,-0.0022053419943146063,0.3279487365260958,0.09491742120792827,-0.004089929789558875,0.1755104096196268,0.0035514451015543694,0.0010930470445188174,0.256084539221081,-0.01609511612418519,0.0,0.003952578909334869,0.18733482076793365,0.07762786310902287,-0.0013644242978044074,0.019834592027912476,0.09591670569689001,0.0,0.0,0.004288396634927919,0.0,0.0,0.0,0.0,0.0,0.0
0.3902139443505937,-0.3244560021263371,-2.2709151276305426,0.248834689956853,-0.0034838732494091172,0.042613440385700106,1.0945751979494012,0.18604153615188634,0.023048798720025656,0.1666400622236732,0.0020485442838371537,0.00096035239253841,0.26761149331290507,-0.01463899442123218,0.0,0.01158931311970636,-0.05436654958199425,0.06466536035948926,-0.0013484689216315367,0.015372503538471808,0.11413523035777377,0.0,0.0,0.04320985213477269,0.0,0.0,0.0,0.0,0.0,0.0
0.3902139443505937,0.4080198883521772,3.539532516763295,0.17846707409567908,-0.009780276881394344,-0.001661213862130815,1.0469808211422946,0.46293947310277694,-0.06294155212891936,0.11677199992638496,0.0007477266590979025,0.0009053380420017617,0.25151788317261947,-0.004402582986249967,0.0,0.011720022374633158,0.11217044635351961,0.05372340404405423,-0.001248795907931444,0.019503412440777853,0.1026168411310114,0.0,0.0,0.08615476660604983,0.0,0.0,0.0,0.0,0.0,0.0
0.3902139443505937,0.7864947236762017,-0.4641377487678688,-0.105145683110014,0.0014301948329063319,-0.0016892468327495212,-0.24124509337485933,-0.16472585173861565,0.03175952235690842,-0.2194693822252569,0.010443695887632347,0.006326422801288942,0.2852369907860942,-0.006561135183808639,0.0,0.011280954058804719,-0.008209147820935405,1.2408616590765944,-0.004818173014524394,0.13171865888658255,0.22047520745153268,0.0,0.0,0.17457301118426405,0.0,0.0,0.0,0.0,0.0,0.0
0.3902139443505937,-0.2811051676302291,-1.4506914649691662,-0.13422883504980088,-0.0019957394835913465,0.014897023868386457,0.6646575244806625,0.12767099399170645,0.0006007194993214464,0.12458328053943359,0.0037133807772957374,0.0011160253326508596,0.26033631049947575,-0.021233158106717193,0.0,0.01040015547738055,-0.04507905708274152,0.07510978594234174,-0.001157089981296925,0.017976273086411705,0.09961654904539584,0.0,0.0,0.008761296623444825,0.0,0.0,0.0,0.0,0.0,0.0
0.3902139443505937,-0.41938155440592007,1.3322979042980367,0.1086270948393184,0.01733080250728264,-0.05484453413902937,-3.3178685442362164,-0.6538712605486435,-0.22137586870584897,0.07826499066285293,0.0004200568293684493,0.0001908824595773186,0.2030466523071979,-0.00894644389679187,0.0,0.01261457445959495,-0.084161459008863,0.037112157636332424,-0.0008643266631692982,0.02106952828117475,0.08398693890109382,0.0,0.0,-0.049756771414437746,0.0,0.0,0.0,0.0,0.0,0.0
0.3902139443505937,0.3379030762904713,-1.4373327395014788,0.15807135648952175,0.0036782274237461853,0.009674832584636557,-0.5996959081307718,-0.2021941708259884,-0.048421895615460564,0.0029089742210856094,-0.0025365441411411543,-0.0005277001991146301,0.24066304955755058,-0.008471257128354497,0.0,0.0026538176410388294,-0.020275966269779826,-0.09346679543967504,-0.0023488591718702585,-0.0012814163345899428,-0.08431405302980696,0.0,0.0,0.3823907331910539,0.0,0.0,0.0,0.0,0.0,0.0
0.3902139443505937,-0.374445979210987,3.8649181428395645,-0.11848726990388987,0.013080662906798239,-0.033361628156008474,2.0544101751670034,0.37920104862580223,-0.03693817946568132,0.10090464520817338,0.0014192626526583106,0.0005948331661182578,0.23996506812586912,-0.007857513528251744,0.0,0.018801545883192272,-0.05152345443478791,0.036439417305105797,-0.0017802498797952976,0.02858784188776028,0.10887628367505306,0.0,0.0,0.074751209212335,0.0,0.0,0.0,0.0,0.0,0.0
0.3902139443505937,0.03358703847323537,3.3088951868827103,0.4639943800312073,0.00014752278394834412,0.01937564258403809,2.168709390273641,0.4166646515258775,-0.05720026261458665,0.1294168657212086,0.0007767030986013827,0.0009872070565532494,0.2594306469188742,-0.005136263086118408,0.0,0.020136325385949328,-0.12005520913019906,0.03731137688155404,-0.0015993321928276212,0.023881047131591775,0.10250542414454426,0.0,0.0,0.03877754756999966,0.0,0.0,0.0,0.0,0.0,0.0
0.3902139443505937,-0.2772838330240537,3.9609404492552405,0.5457364652155697,0.015938284342496317,0.07786032311615292,1.5196187848491582,0.4039861583997157,-0.039390349925430175,0.10212579070067564,0.0008645587992872186,0.0009842495110278034,0.26639749113632955,-0.009290183760929138,0.0,0.013266711509488441,-0.03754947345619975,0.037980688842797275,-0.001038346366276586,0.021173428410500104,0.10312541930033509,0.0,0.0,0.04712611833765648,0.0,0.0,0.0,0.0,0.0,0.0
0.3902139443505937,0.4667969408928966,-1.771381397782963,0.4380125998287665,-0.0018870873292754493,0.036284097978474796,0.7602960907920521,0.16816050609474414,0.005035985942328478,0.16027184691937227,0.006225933106165381,0.002404115528634468,0.2836699940913123,-0.006797770056695809,0.0,-0.004151410400254663,0.15787754289344272,0.0025594596684406523,-0.001548389337703023,0.011078368688679481,0.055301657795910245,0.0,0.0,0.09146440088709493,0.0,0.0,0.0,0.0,0.0,0.0
0.3902139443505937,-0.4619831992251341,3.0114126026851107,0.486553478943841,0.032747626240640766,-0.012396982686406046,-0.8494088579879904,-0.5938482018754009,-0.14855334229868095,0.12700458761440467,-0.00046682432567588786,0.0006490357721782438,0.23347267037892852,-0.007235233441764,0.0,0.01407157345889611,-0.19660592439519237,0.0789972371180844,-0.000887107317383359,0.024533515133222456,0.14194652648280745,0.0,0.0,0.2885025782646033,0.0,0.0,0.0,0.0,0.0,0.0
0.3902139443505937,1.1807496056195719,1.4650580088940204,0.6352043772271639,0.08085030229891914,0.07318751952811077,-0.2714041549648137,0.36187697379217365,-0.22468580841399707,0.07176913960142148,0.0015385832390927613,0.0007629005160100932,0.2431402820821297,-0.005300420145462003,0.0,0.015429565802538297,-0.04745728008888909,0.0053501850453143785,-0.0023502864746503377,0.017091133826240116,0.04475013300376067,0.0,0.0,0.03478262131066786,0.0,0.0,0.0,0.0,0.0,0.0
0.3902139443505937,-0.15538484077440773,-1.1026823110251454,-0.3932615454239022,0.000892470142749629,0.00413925555600598,-0.41530878327371284,-0.1611481759388559,0.09021492516307417,-0.0036022709563992886,0.00665271023168994,0.0040678825291770165,0.23757394883804375,-0.014866139487146714,0.0,0.006552607037421195,-0.2888005660559473,-0.8715800920794586,-0.0018178299884924775,-0.0751919787412484,-0.011674216434412509,0.0,0.0,0.12525498405988364,0.0,0.0,0.0,0.0,0.0,0.0
0.3902139443505937,-0.8156553815203588,-0.7333848144329742,-0.2908068454295082,0.004641315187043418,-0.0802854271129728,-0.20511103743440745,-0.19826780543625763,0.07471713046022958,-0.3908647636815841,0.0019411611787748973,0.001861817319036742,0.23516319578615963,-0.015816442436443378,0.0,0.016670499728813924,-0.3134346421401458,0.24729638592483674,-0.004126518053071747,0.2916329943854297,-0.6927126694767198,0.0,0.0,-0.1426214431837631,0.0,0.0,0.0,0.0,0.0,0.0
0.3902139443505937,0.11487095949268324,-1.8292421541337545,-0.05364806401202223,0.005283143453628911,-0.024748881580647787,0.14115620066612403,0.1146269282137701,0.0077148845315907185,0.1159392003253748,0.005783052947684041,0.0020084210657430003,0.2583054870398432,-0.007126185772720721,0.0,0.0038387068007306817,-0.15390848406644916,-0.004858182450718023,-0.001365119690796962,0.025014922953852638,0.05211695410594153,0.0,0.0,0.06349239897767812,0.0,0.0,0.0,0.0,0.0,0.0
0.3902139443505937,1.3572977647079376,-1.7460436772511565,0.22965563254588794,-0.0008253756733138204,0.012636724957930992,-0.6079025226257991,-0.2120144985872456,-0.026023218610905945,-0.10297358293211076,0.0032417132261871313,0.002192931904343608,0.2448335320607237,-0.010512058254493143,0.0,-0.0005016003906963956,0.0700608599699726,-0.012839218846337918,-0.002021157997356206,-0.17077703199619026,-0.32664201434740403,0.0,0.0,0.057019889966615715,0.0,0.0,0.0,0.0,0.0,0.0
0.3902139443505937,-0.49974718860482625,5.0191684006709165,-0.11247344205791379,0.015803599274881765,-0.03237059514375065,2.0724888451078987,0.35914658761128904,-0.034111655693485524,0.10082404281545314,0.00142957766529832,0.0005948331661182578,0.24195287490820375,-0.007672962960547554,0.0,0.018577519531722122,0.010817655962873892,0.03717041061214137,-0.0017802498797952976,0.027341957260140836,0.11583482728981295,0.0,0.0,0.07552441091557972,0.0,0.0,0.0,0.0,0.0,0.0
0.3902139443505937,-0.7129151552408973,-1.2038795176933677,-0.4550516393306505,-0.015104895200975969,-0.10057590448043909,-0.22642552448673564,0.12038975163140049,-0.014214421271028767,0.09040552141054194,0.0035584479192765114,0.0016858650109905008,0.23177174323301253,-0.009608161020254056,0.0,0.012510329809656044,-0.02847962066213659,0.025265679303760974,-0.0013983222094299634,0.024156588881596906,0.1348171428744323,0.0,0.0,0.004483414346011866,0.0,0.0,0.0,0.0,0.0,0.0
0.3902139443505937,0.06993487265226564,-1.084078559125314,-0.10708307615623178,0.003963276106354272,-0.030252024218954326,0.05980982691052348,-0.09260745530547708,-0.004589857107793941,-0.5122214629380663,0.0033560231702510148,0.0013706340765125007,0.2867462953152776,1.119819676452077,0.0,0.019385355669447615,0.11649138282338098,-0.0675022962565342,-0.004298989633266548,-0.012132252191120732,0.21471973223282767,0.0,0.0,0.38599569892649016,0.0,0.0,0.0,0.0,0.0,0.0
0.3902139443505937,-0.0528787280430686,-0.6957720580320998,-0.05223540311704374,0.00343585136124906,-0.04510664269962215,-0.21574590501112212,-0.11947341519679991,0.07397535737251214,0.24643168821980976,0.004939153715711671,0.0014246807113696609,0.2468281929626469,-0.011992369552963008,0.0,0.011713239627175248,0.2674717448725452,-0.08293573409484613,-0.0013158982560223184,0.059253548651065274,0.3421340544249878,0.0,0.0,0.2796263802153841,0.0,0.0,0.0,0.0,0.0,0.0
0.3902139443505937,-0.17958599348774962,-1.346684837551465,0.33986310328783487,0.005297000561841528,0.009111965660786854,-0.4443626464731922,-0.17313402247236162,-0.009091374331873299,-0.05705186189223274,-0.0030432582072582753,-0.00039898756772705,0.23004219179797497,-0.01551277622090822,0.0,0.006320334978780932,-0.08772382148729428,-0.16956814264523076,-0.001126884484563317,-0.10493500221349591,-0.19886171170288644,0.0,0.0,-0.48158425643751995,0.0,0.0,0.0,0.0,0.0,0.0
0.3902139443505937,-0.12285811857359868,-1.5237813861370653,-0.3367531896498307,-0.002129788980420275,-0.17116502006762377,0.6590481348295967,0.14724774296864118,0.01328135506879851,0.15924570673977506,0.0027149424685371563,0.0009380550740133034,0.24734845314627693,-0.015504304335210247,0.0,0.007279484988166722,0.03778644017034041,0.0852015721671546,-0.0015827634721650285,0.07307544504289085,0.11120028567771938,0.0,0.0,0.05301868237038281,0.0,0.0,0.0,0.0,0.0,0.0
0.3902139443505937,0.15480492004744756,3.1992593854929257,0.12342983778261686,0.004447090052975481,0.01607468353811718,1.9815688631434645,0.40502474908114133,-0.06224097850535457,0.11132151095712396,0.0012696060657173785,0.000942120712300611,0.25557066272196544,-0.005955464937332623,0.0,0.013320890124286467,-0.11381982253043914,0.03738213999950297,-0.0012346652227878986,0.017298720645827943,0.10050327968479007,0.0,0.0,0.03303557150940926,0.0,0.0,0.0,0.0,0.0,0.0
0.3902139443505937,-0.045181801034878045,1.3121351620605306,-0.03915516588545984,0.008582504245356054,-0.0657920148135065,-1.5538625098604193,-0.5469795928457563,-0.24381300240221795,0.08949754679925279,0.00047271653608269373,0.0005904713551280686,0.22338175836600063,-0.009595091249978604,0.0,0.012434509657388447,-0.2575675217978459,0.03509768114718472,-0.000864710956641241,0.009015198703880359,0.10906060903554304,0.0,0.0,0.07444003870122344,0.0,0.0,0.0,0.0,0.0,0.0
0.3902139443505937,0.08667648112690449,4.117327806641975,0.35477495858501185,0.004277867289360299,0.09692354835118375,0.992552300574517,0.3871935989606111,-0.0394459116663141,0.13088924070604654,0.0010870874394583736,0.0005557690923510205,0.25500215451741265,-0.005812812301021987,0.0,0.019966361078469646,-0.006443031825764353,0.04387192710060893,-0.002099079507182031,0.03102238582872576,0.12363276600017489,0.0,0.0,0.06976949799669646,0.0,0.0,0.0,0.0,0.0,0.0
0.3902139443505937,0.39809496956354223,-1.9691177327988723,0.34914945401538766,0.0025377760994256954,0.026187019140367366,1.1649359053051744,0.18785760540274837,-0.0004512915559729928,0.15120537471533632,0.006035483278570321,0.0023408595255097896,0.2741334279392023,-0.003544052975479195,0.0,0.010785598518692572,0.10758689408358368,0.0048718932189054966,-0.001927756840095129,0.025743502920222382,0.07057525771952493,0.0,0.0,0.06744699817779103,0.0,0.0,0.0,0.0,0.0,0.0
0.3902139443505937,-0.3798245730348423,-1.4063092205740295,-0.1945653584461285,-0.00600818188754139,-0.04271294958328274,0.46438234310771537,0.11331003346226654,0.0075757917497285875,0.1511965002263562,0.0037359067659200147,0.0010986356854634047,0.25741534279958755,-0.00637799056563427,0.0,0.004636126965536274,0.1977768549878477,0.05247710712269353,-0.0013577352066696034,0.004260671676042486,0.11395504924260562,0.0,0.0,0.028234321597255425,0.0,0.0,0.0,0.0,0.0,0.0
0.3902139443505937,-1.1005253415008949,-1.3927972790156096,-0.13632762598161433,0.0011973241062200233,-0.0037345382523623857,-0.9432434896887799,-0.16084481566153008,-0.15392564345994608,-0.47213107235169993,0.003397207559703031,0.0014035210717992866,0.23656776200246632,-0.010548125089115977,0.0,0.015653729331937666,0.07152109151722845,-0.05318554131694962,-0.004204521455635487,0.013400503952961995,0.3139645617557622,0.0,0.0,-0.5136685619184355,0.0,0.0,0.0,0.0,0.0,0.0
0.3902139443505937,-0.2963287304550095,-1.8482928821199884,-0.37916008316608746,0.0028087952485916293,-0.0815320459371047,0.4925500141888863,0.09019917141410072,-0.01793857100042768,0.10944381366326864,0.0061441006681700015,0.0019210385720190273,0.2514784731665725,-0.007461519347049315,0.0,0.012432131006621792,-0.15543130758653262,0.023427638538833277,-0.0016497582663892864,-0.008603902599886533,0.02794260402597827,0.0,0.0,0.034988350729590494,0.0,0.0,0.0,0.0,0.0,0.0
0.3902139443505937,-0.5922536064189184,-1.4832760599069423,-0.4508105265518011,0.0047448923319403395,-0.007402509367610544,-0.5408290940752654,-0.19564116267818712,-0.0184603171026942,-0.02076904877774307,-0.004096680076986378,-0.0013270116961138678,0.20536880924226458,-0.019114283646068216,0.0,0.004154025592222203,-0.21912848239562968,0.079824384343134,-0.0012855975374951485,0.04049091367095067,0.1828598746062671,0.0,0.0,-1.161778259095534,0.0,0.0,0.0,0.0,0.0,0.0
0.3902139443505937,-0.4169260679708221,-1.4047002116583307,-0.23067979068544112,-0.0027808723704995284,-0.06947631200048372,0.5590575262710381,0.11331239511653543,0.007467540388888809,0.15320873569389323,0.0038923228343240397,0.0010810735625220557,0.2580983070912035,-0.007291066680323196,0.0,0.005686967303136346,0.1254811355218216,0.05311534864039733,-0.0013577352066696034,0.008018435775026164,0.1147761747340526,0.0,0.0,0.03086306941010578,0.0,0.0,0.0,0.0,0.0,0.0
0.3902139443505937,-0.6893946771818454,-0.6766547027068811,-0.38163485927680796,0.00843179185957057,-0.041884560742177286,-0.8641777471325011,-0.20146103463455833,0.2549639943025509,-0.2589389738414116,-7.964542866477483e-05,-0.0003836724759125669,0.21466993321989994,-0.012666229182100761,0.0,-0.006985622401629853,0.17841919472059262,-0.2728568106981347,-0.004778220132651944,0.07386449085930485,-0.001870278823756451,0.0,0.0,-0.7370606997929154,0.0,0.0,0.0,0.0,0.0,0.0
0.3902139443505937,-0.541928337516829,-1.6103115114974953,0.0013446380524787184,0.004925404409900705,-0.0020737055917576467,-0.520927573912732,-0.16706907287318576,0.009071295722185154,-0.007504342085812504,-0.005994800832696391,-0.0020737600889378675,0.2127764608987642,-0.016183474150013755,0.0,0.0016569283134133988,-0.02843770693176499,-0.10206429534267497,-0.0013861293870134237,0.028166608470244298,-0.10029949738320261,0.0,0.0,-1.2036195334620872,0.0,0.0,0.0,0.0,0.0,0.0
0.3902139443505937,1.8837908894646003,0.56402737060049,0.2680791227833081,-0.0001148009280545859,0.001623744970840094,-1.3116098704539727,-0.2792157753596672,-0.02769250087281654,0.09038623493508223,0.00651540413734175,0.0016142000539361683,0.2559168907201558,-0.007358744702356951,0.0,0.015503825905392421,-0.09637659904396431,0.027954722142927567,-0.001537068739440227,0.012637929083092046,0.08344768437699612,0.0,0.0,0.12087025959180334,0.0,0.0,0.0,0.0,0.0,0.0
0.3902139443505937,-1.7051010528363422,0.39440109527263373,-1.0058840903871316,-0.22283584870397488,-0.03388073645434234,-1.2619952003835802,-0.4117863102573176,0.060882774309059785,-0.5732992557042398,-0.0005310763146212755,-0.00011076984234904251,0.2117683224570812,-0.012128162344864657,0.0,0.026743145865012037,0.2832094172891467,0.37533013432924217,-0.0037767861905695812,-0.01982335894861275,0.09182379819350261,0.0,0.0,-0.2799427449893833,0.0,0.0,0.0,0.0,0.0,0.0
0.3902139443505937,-0.4170559425658011,4.04561520274979,-0.1749672996622549,0.013573704110290588,0.04194598794210038,0.84147147834323,0.4157185000957206,-0.048003850427310334,0.10878218105349631,0.001072886861745604,0.0005805225580591919,0.2473305526087606,-0.007739123871789955,0.0,0.014636390535570561,-0.008956989439835687,0.03745884569737157,-0.002067150044674416,0.02436482721473715,0.1070010888463689,0.0,0.0,0.030021439864555643,0.0,0.0,0.0,0.0,0.0,0.0
0.3902139443505937,-0.4496892486204312,-0.9645050063817635,0.16370505789775058,0.005869420448247501,0.014920800056409807,-0.5327826046289228,-0.1784374817337306,0.1555527257423659,-0.02962226297638281,0.0018922134417542877,0.0004535019149597618,0.23040097774277743,-0.014818157359565367,0.0,0.008906305966923864,0.20691979060886215,-0.16775750790434452,-0.001384644498459165,-0.012801075220391736,-0.09242995110210345,0.0,0.0,-0.30367431765093733,0.0,0.0,0.0,0.0,0.0,0.0
0.3902139443505937,-0.015126277917756427,2.9378884457369363,0.19606688178225956,0.030145146522134854,0.20987611997940547,-0.8829323876381576,-0.5359508988608328,-0.12093455001882691,0.08201679861911391,0.0010069507282297451,0.00015385690403949044,0.22651438472991642,-0.008807362437877204,0.0,0.01312914794000051,-0.26966693106160544,0.05103120244478858,-0.0008973624932492876,0.026970850123261624,0.16666160879051609,0.0,0.0,0.2799451314784371,0.0,0.0,0.0,0.0,0.0,0.0
0.3902139443505937,1.2461876943443626,2.2071166633479935,0.2166895696125269,0.004453843206797894,0.1337928029123979,-0.996378290588476,-0.3990120004542141,-0.21096767548668627,0.10825503863657779,0.002149558228672614,0.0008927164017640332,0.2331522134597566,-0.0061381100014245744,0.0,0.007093132729007524,0.4429292135746774,0.07394618174809904,-0.0013526055933839065,0.014887058510697115,0.030950411106467332,0.0,0.0,0.19000557289326264,0.0,0.0,0.0,0.0,0.0,0.0
0.3902139443505937,0.4307851487708278,4.008749444228542,0.40772117345040787,0.00498449570358245,0.09931441761817661,0.9773090080806854,0.4211190861568149,-0.05905886722892458,0.1406097257119597,0.0012743757299696035,0.0006388836821225921,0.25637366608177403,-0.005287337265538534,0.0,0.020587979183904953,-0.04885567200370146,0.050060948875064876,-0.002099079507182031,0.0291177895897348,0.11875559993371693,0.0,0.0,0.05825933081472951,0.0,0.0,0.0,0.0,0.0,0.0
0.3902139443505937,-0.2122668622107996,-0.8647492740859269,0.12929015374877448,0.0040571476954705775,-0.008624613240308221,-0.6177705609794865,-0.16004520033552647,0.201404340995494,-0.27511187916846136,0.0024740328601858077,0.0012946352489043326,0.24995605235837512,-0.006291008555945829,0.0,0.02401996085272456,0.3102916313000888,0.8911920519362082,-0.004478615279739929,0.03806394569702289,0.1345912182739111,0.0,0.0,-0.030609439251347403,0.0,0.0,0.0,0.0,0.0,0.0
0.3902139443505937,0.5186894676941274,4.352012989119394,-0.3022420583917866,0.020587589510112133,0.023327896987908655,2.086551061129737,0.47280743433521294,-0.046603950459689576,0.12114233925813606,0.002037323954394898,0.00080367998353733,0.25160169062507093,-0.005329151753133936,0.0,0.015293238676522262,-0.0038706648940260327,0.028540066051203083,-0.0021931809799450755,0.016866465678715893,0.014587297276664118,0.0,0.0,0.05520619928967565,0.0,0.0,0.0,0.0,0.0,0.0
0.3902139443505937,-0.7731522432973288,4.69776566050475,0.164693249561902,0.0146834196291828,0.0022010913294831596,1.8254003940726002,0.4365177398002178,-0.030241511393445136,0.1274689551018268,0.001078817690041882,0.0005964449289038502,0.2542277552945337,-0.005842309626306408,0.0,0.017182128193364215,0.007603383174263192,0.03968994116653592,-0.0015885777254888672,0.024873551058232662,0.105317705179784,0.0,0.0,0.06489976679046806,0.0,0.0,0.0,0.0,0.0,0.0
0.3902139443505937,-0.6731396283699473,-1.30579653927214,-0.17064248413212152,0.0028838970108691292,-0.02341950236157525,-0.5116151332291563,-0.1780813305809025,0.07164176323690066,-0.03647759215003277,-0.0037098363073622413,-0.0013598133422287853,0.2056276063598285,-0.01550162143930336,0.0,0.0032993637827751715,-0.049377321811884416,-0.03356634553798834,-0.0011626659069797645,0.057296370570765476,0.009500219599803725,0.0,0.0,-1.1341348262568536,0.0,0.0,0.0,0.0,0.0,0.0
0.3902139443505937,0.3753275777136402,0.29704728976480876,-0.08199342171515751,-0.01827712058433703,0.006418823515243512,-0.4920289791293323,-0.14364133020779069,0.02687508898681038,0.15762708360343636,0.0007956147623811154,0.0006406909927973806,0.2549570032851909,-0.014624663337210131,0.0,0.016442206807555003,-0.09152503302662324,0.0941989107922967,-0.0013357429952436499,0.023022382828069895,0.1959907485937833,0.0,0.0,0.36788510936581464,0.0,0.0,0.0,0.0,0.0,0.0
0.3902139443505937,-0.7603797631285133,-0.841795875995369,-0.3535602048865241,0.007695904888898845,-0.06067242168965203,-0.3677133147138952,-0.17957823759779915,0.11760105833941237,-0.009738178189206005,-0.006680510160910535,-0.0011517733369596694,0.21368675213196767,-0.017636151223996796,0.0,0.0022127717038498912,-0.09357863371202274,-0.05431747958642614,-0.0012030486174658362,-0.31550335361791343,-0.20578221644236622,0.0,0.0,-0.042160336062376576,0.0,0.0,0.0,0.0,0.0,0.0
0.3902139443505937,-0.7994820138957274,4.940695462009866,0.11131241729762015,0.018994496590811382,0.011993360102136013,1.916794110607506,0.4519254837548527,-0.03326146783927876,0.1319204505342146,0.0010893925738967073,0.0005930148026417011,0.25832555480871766,-0.005427986682136939,0.0,0.017861645626886583,0.005706991630073695,0.03959105300901878,-0.0015885777254888672,0.026037045704945715,0.10780469400204307,0.0,0.0,0.0630180543768905,0.0,0.0,0.0,0.0,0.0,0.0
0.3902139443505937,0.3725703063244595,1.6104163795531097,-0.27149265411506407,0.0007520439832325347,-0.013881579385011942,-3.737619849809571,-0.6438258426148966,-0.24852265375313784,0.0772906817427688,0.0012364984209704325,0.0005179386431932564,0.2137915332501424,-0.00515339207378887,0.0,0.008825818293311728,-0.07590605281832459,-0.008896314320536907,-0.0011137908642176275,0.013103611419350172,0.020328530272236554,0.0,0.0,-0.05327067999716206,0.0,0.0,0.0,0.0,0.0,0.0
0.3902139443505937,1.152698953183124,1.2916618434515257,0.03662779281226717,0.02464970558585788,-0.015642063725244303,-2.637034503319235,-0.6050209436606868,-0.2623000391720645,0.08176334409924552,0.0011505860517168887,0.000814327811382677,0.21586655409419153,-0.004005265451371083,0.0,0.011565679391568327,-0.24330515137291683,-0.026187493662906534,-0.0011137908642176275,0.02504943677373973,0.027172370745120914,0.0,0.0,-0.06657913609197405,0.0,0.0,0.0,0.0,0.0,0.0
0.3902139443505937,-0.2804504924842581,-0.20827809508105447,0.18272945593581202,-0.0022829837522576214,0.013220894458043569,0.5988127503392612,0.1470302489814222,-0.015536295684064684,-1.2037940013154127,0.002824493012808822,0.0011783998726378076,-5.60706424809863,-0.009922068074023252,0.0,0.001972268925989645,0.05597501519082987,0.0804896226847778,-0.017884830385924148,0.009886754332944007,0.13283202450256915,0.0,0.0,0.048457259758399214,0.0,0.0,0.0,0.0,0.0,0.0
0.3902139443505937,-0.3005286854631682,-1.594478651733656,0.04155557031305958,0.005842335622370967,0.019768581017107562,0.4867227029187055,0.1275856519142551,0.011250652269471941,0.1289505354863904,0.004469202762392494,0.0017340681164111618,0.2609492897967865,-0.013156655338122178,0.0,0.013843575433853122,-0.13136440977986752,0.033082462356784366,-0.001099652533900197,0.01948767202757811,0.169468650575541,0.0,0.0,0.07573032594124436,0.0,0.0,0.0,0.0,0.0,0.0
0.3902139443505937,1.2748509560946362,1.5498592726195355,-0.4402394591483933,-0.08545175859676482,0.05795174880478701,-0.23620036580988157,-0.18104217792667668,0.6622714265379652,-0.313603347160542,0.0030136450950429446,0.001154770554139039,0.30834057823132044,-0.00630073579835458,0.0,0.012917493897760216,0.13571711141871015,-0.08896881398925835,-0.004554051777564221,0.04785115575172292,0.32591755762907404,0.0,0.0,0.8419145716260772,0.0,0.0,0.0,0.0,0.0,0.0
0.3902139443505937,-0.7391953968810586,-1.2888522008870649,-0.3647716180120241,-0.015754070831240353,-0.10025269219679177,-0.4330561513141805,0.12802202205534516,-0.04123158384775862,0.09822561964811512,0.0016992440097747708,0.0009149905684168661,0.23085067291211214,-0.009737599385838977,0.0,-0.1785061305180229,0.1629193658944277,0.010797050814939271,-0.0013854069508054232,0.019151096927821437,0.11955250728320989,0.0,0.0,-0.022893447977548137,0.0,0.0,0.0,0.0,0.0,0.0
0.3902139443505937,-0.2877182865469454,-1.2502739914942471,0.19979667712812244,0.005288986074927104,-0.004710900421475999,-0.412910061620224,-0.1656043270409316,0.006258891767776516,-0.41315921699124475,0.003830007832420867,0.0006455808255248815,0.25500134678995323,-0.016157081064470592,0.0,0.0165137740048126,-0.16088832106474127,-0.4215847444534721,-0.003813375024572557,0.14562474022156516,0.17109144324310838,0.0,0.0,-0.5401171305811223,0.0,0.0,0.0,0.0,0.0,0.0
0.3902139443505937,-0.1254100471424925,3.180510184270978,0.4048017625846009,-0.002184450001627082,0.023925056987724184,2.1484389058311337,0.29439231008604233,-0.05454014955035437,0.1292547040759948,0.0007882241238988209,0.0009872070565532494,0.2572933645005032,-0.0051421840916095925,0.0,0.020164811320021146,-0.1259804876981509,0.03738419881962119,-0.0015993321928276212,0.023881219652497204,0.1032632322204728,0.0,0.0,0.03893438875271164,0.0,0.0,0.0,0.0,0.0,0.0
0.3902139443505937,0.1848276079824041,4.874572213374526,-0.09137605201490104,-0.0053984748662479765,0.004724413163926943,0.6804458503087929,0.5960255561499304,-0.05366218820373207,0.0895455550259226,0.0020852967684765376,0.0007846089096102491,0.24621526721196627,-0.004423368518120413,0.0,0.007297496469243536,0.05126179201358938,0.02397177603728959,-0.001532541530372005,0.008262341209360901,0.012959989296898101,0.0,0.0,0.04233335261375347,0.0,0.0,0.0,0.0,0.0,0.0
0.3902139443505937,1.137789822067529,-2.2596515278339484,0.11512161143140824,-0.004495850050007721,0.037597588829355356,0.9887314115820296,0.17442480909620303,-0.00969004348646676,0.1502732747465852,0.0035428828124149667,0.0014345633741755103,0.2876200836047087,-0.0019804388411760465,0.0,0.00013047251379786083,-0.031241280066899222,-0.0007636551607701046,-0.001469917008759378,0.010790282243597446,0.10378252605154119,0.0,0.0,-0.0005032811236488435,0.0,0.0,0.0,0.0,0.0,0.0
0.3902139443505937,0.5163429369781216,-1.2668199525197794,0.17774679807486438,0.0011951265591623658,-0.009461844467849218,-0.34804357527318375,-0.11220502425680585,-0.0015474602333778369,-0.38791765700085745,0.006169480378414944,0.0032166527698557434,-5.389713641419524,-0.009630701052389131,0.0,0.011538194716543777,-0.09712486965007171,0.10195969968420994,-0.004899438961143517,-0.021937378348211793,-0.20371999464282572,0.0,0.0,0.04044139089930986,0.0,0.0,0.0,0.0,0.0,0.0
0.3902139443505937,1.3174877191015173,0.8556595162839643,0.44424980520498125,0.0030364594154876938,0.039469517469177144,1.1075684366671432,0.2582167006844976,-0.07353072705579225,0.13586086686333504,0.0037267287791739635,0.0015954523679096893,0.3013850988790556,-0.00636306074399217,0.0,0.0017655413494359266,0.13948484020614196,-0.02353218186522534,-0.0015766878609076488,0.00963006656974565,0.04688931423404844,0.0,0.0,0.009119524320936058,0.0,0.0,0.0,0.0,0.0,0.0
0.3902139443505937,0.4146932381313736,1.2875344390935035,0.22529377046984086,0.025112578476888466,-0.0009265166454074722,-3.28725082478177,-0.6508125632060524,-0.26426789041762794,0.07302144941251608,0.0011486880346856377,0.0008435954607548927,0.21740545043649698,-0.006207547943394914,0.0,0.00755596498495817,-0.15520407698033842,-0.021004166808882507,-0.0011045375090995772,0.014929903764667846,0.006737124706480884,0.0,0.0,-0.055312859355831946,0.0,0.0,0.0,0.0,0.0,0.0
0.3902139443505937,-0.21191422600402363,-1.2717057200044126,0.29213151033978935,0.007166325806921564,0.0006874609651023974,-0.9251460662002998,-0.20028762945811943,-0.114997084114087,-0.3549109764901098,-4.093273657813866e-05,0.0002519195551900925,0.23801544073248537,-0.009399194065832926,0.0,0.03299178806446033,0.07227543109272928,-0.1619992777916861,-0.004352353620945874,-0.06452798737856294,0.09183859078104825,0.0,0.0,-0.3713868659340226,0.0,0.0,0.0,0.0,0.0,0.0
0.3902139443505937,0.010198674843623488,-0.7272286301691733,0.015945608364274298,-0.014538968465430464,0.02525697426363072,-0.23549626318739805,-0.15755221045529536,0.006673993778075132,-0.49997867605183954,0.003319948416941877,0.0011270162445807068,0.26204983119144154,-0.013545994763650645,0.0,0.024634282771471613,0.19689597436510142,-0.16696606049135296,-0.004333177613947134,-0.012055783921159963,0.33276877307797786,0.0,0.0,0.030624332694486438,0.0,0.0,0.0,0.0,0.0,0.0
0.3902139443505937,1.6455796287463156,-1.5931461555477653,0.18012097986785836,0.004556670746030259,0.08132615388531876,-0.281440428798591,-0.1525657006582765,0.03236861377441618,0.02815126356619376,0.0035614527376724115,0.004027326919832964,0.2520744720478497,-0.01027437855885128,0.0,0.010004401431176929,0.2904737290706015,0.20674822520353522,-0.001865227187021051,-0.04046750295771214,-0.3579872686284019,0.0,0.0,1.0714231063498094,0.0,0.0,0.0,0.0,0.0,0.0
0.3902139443505937,-0.012191869139947813,2.9115321866003208,-0.17944877562845918,-0.0009550733676828221,0.019156534290256395,1.718865843957093,0.35870719505429977,-0.053868266280889116,0.11829537587961517,0.00149960762671438,0.0009873020590471914,0.24135015463329287,-0.007876603908527633,0.0,0.01728504823134425,-0.17409059681962888,0.04659902119204087,-0.0019310771421621553,0.020844843697427902,0.06129679474660741,0.0,0.0,0.024860967455580085,0.0,0.0,0.0,0.0,0.0,0.0
0.3902139443505937,0.5878393719270475,-1.4345306976544512,0.15657624521301977,0.004066457064605037,-0.003113892631377991,-0.29958337751695363,-0.17595726806951786,-0.0655792918589539,0.036986355936332455,-0.003154791444174557,0.0001069196408529854,0.255834769635472,-0.008881799893140136,0.0,0.011106443802619874,0.08330587247303048,0.0016641943188315214,-0.0023578750486593063,-0.028753783216139823,0.39379929277836123,0.0,0.0,1.0736566636688611,0.0,0.0,0.0,0.0,0.0,0.0
0.3902139443505937,-0.6776453909589072,-0.6992003211699287,-0.404229685064333,0.007461230471857073,-0.055207510743062474,-0.8366428890825311,-0.18417876828064245,0.22763446793513697,-0.4100606661686868,0.0040755913251074045,0.0018365160911998496,0.2202499541964915,-0.01327704996697553,0.0,0.0041387846662650635,0.26103206846242777,-0.38821411342499623,-0.004576823839769195,-0.08265191716653139,0.37251488340742167,0.0,0.0,-0.47646609826630243,0.0,0.0,0.0,0.0,0.0,0.0
0.3902139443505937,0.588711058803177,-0.8889139972418796,-0.7389844015899508,-0.007388709221468293,-0.562434257967975,-1.4739268892100563,0.13415716702905986,-0.5281787309245385,0.07207217467312382,0.0027338448867557934,0.0012777720468276944,0.22561937895613612,-0.007360082240878626,0.0,0.011330116714875663,-0.08808643580044048,-0.3188304315756228,-0.00388552262986453,0.023519709327627175,-0.026020915242459586,0.0,0.0,-0.18019642653135703,0.0,0.0,0.0,0.0,0.0,0.0
0.3902139443505937,-0.7543732272099469,4.720039440732322,0.11131002379718082,0.01971616228431512,-0.008064305438825442,2.0768356284034377,0.5182035154926669,-0.03342920929504603,0.12910320462852215,0.0010720692009567325,0.0005807999176240925,0.25519432429620337,-0.006005915183434645,0.0,0.017700587977911304,-0.014516536970343342,0.04077339573972296,-0.0015885777254888672,0.02726550508953942,0.0998685190136103,0.0,0.0,0.05574678448142078,0.0,0.0,0.0,0.0,0.0,0.0
0.3902139443505937,1.4474883315986922,-2.204837036296446,0.0951717316924172,-0.0032336990624015063,0.031932605010186306,1.1033907138832013,0.2610796345625105,-0.005893316137183046,0.14734364963292118,0.0038104877896713513,0.0019991914891459178,0.2897862602103458,-0.004495485451423887,0.0,0.0014998277903467343,0.2906350053298759,0.024176444263737953,-0.0014921073593938267,0.01479315417605431,0.111254070574413,0.0,0.0,0.02885319197340616,0.0,0.0,0.0,0.0,0.0,0.0
0.3902139443505937,-0.22555795552534938,-1.5550544170191392,0.2733081468588622,-0.0029275834968703904,0.031181813308729434,1.347591075006129,0.19506270660814634,0.0026906204464470776,0.15332197010046303,0.0034104811648395517,0.0012121750809202711,0.2708874128177589,-0.016105372964538928,0.0,0.012144432965363135,-0.057236410398636674,0.0682434226457792,-0.0016493682186584633,0.013879759605510997,0.1701111659931801,0.0,0.0,0.006176741609167045,0.0,0.0,0.0,0.0,0.0,0.0
0.3902139443505937,-0.17126834541846941,-0.8810626789972819,0.3346904750340842,0.002244757043024819,-0.01064374136174337,-0.18886350719594244,-0.1035838360664289,0.04274766602193424,-0.2743389202602008,0.0016594247672025448,0.0020665505851453596,-5.542487839792332,-0.009740041839859742,0.0,0.01645025280540082,0.06567226315034949,-0.278360614311008,-0.004232228999588696,-0.06939605312284718,1.104095690519438,0.0,0.0,0.46036235707743983,0.0,0.0,0.0,0.0,0.0,0.0
0.3902139443505937,-0.02012262644590065,-1.3014762165111682,-0.3454460200170502,-0.027658116673351715,0.03633408268926278,-0.36950093896713454,-0.15532062561008905,0.049601205192115944,-0.4788461497762026,0.0005284350124888284,0.0005829241122578169,0.25123770993921357,-0.013243676686674982,0.0,0.012293317164809426,0.010308549947510582,-0.2577133787696497,-0.0059609766412853414,-0.028004928192888065,0.11047975304641462,0.0,0.0,-0.6344533133992354,0.0,0.0,0.0,0.0,0.0,0.0
0.3902139443505937,-0.03167929090750689,-0.5844612846298489,-0.14344253573778637,0.0035711377606119574,0.005732654115167113,-0.20570429024437767,-0.14711629392816392,0.07190610207634879,-0.28576430075736947,-0.0008232741007421246,0.00010768658968317894,0.2571831672779994,-0.010421897660343894,0.0,0.013591606102129032,0.10840053458553964,-0.0755438287850501,-0.0043724935835988,-0.01629968596753085,-0.16912614201525586,0.0,0.0,0.018133308494806225,0.0,0.0,0.0,0.0,0.0,0.0
0.3902139443505937,1.1098528992259524,-2.5608649059686694,0.1588537123875835,-0.03296813155821328,0.02203820864433531,-0.15482592373649529,0.16912978295815154,-0.009881432817869995,0.10812131944699616,0.0031775775896912602,0.0015224126765784767,0.26387687028368667,-0.0019374471755860992,0.0,0.004030691041798137,-0.1500346849802757,0.0011672093192208615,-0.001469917008759378,0.00933990238628454,0.10002884232056608,0.0,0.0,-0.004244937616748384,0.0,0.0,0.0,0.0,0.0,0.0
0.3902139443505937,0.03633126748632431,-0.6170900388861965,0.1876315488984409,0.001481698871167927,0.00028539845286760845,-0.11092773453972397,-0.12645794709286448,0.04912387175968989,-0.3100279365165877,0.003540451783002593,0.0008708797683283018,0.27061609246896834,-0.011675277592532488,0.0,0.012886283431043302,0.15253834826446672,0.2550803078459092,-0.004163482547528109,0.0419264411167664,0.832587796786006,0.0,0.0,0.5134099338427699,0.0,0.0,0.0,0.0,0.0,0.0
0.3902139443505937,-0.43579316163022475,-0.9373289520186869,-0.40907549762879153,0.004501449308024426,0.020100386313042142,-0.6698601133490649,-0.17917879767047024,0.16568682440417165,-0.17224387991467727,-0.00020284969143560968,-0.0004274818762145351,0.22499022895254375,-0.011264103392304065,0.0,0.01734167477975459,0.12512503119510215,-0.10246368683789676,-0.004799514689122752,-0.05007311544873094,-0.5950390095964505,0.0,0.0,-0.4906582344813138,0.0,0.0,0.0,0.0,0.0,0.0
0.3902139443505937,-0.42218069630197586,-1.4111932404622436,0.1304001339458361,0.004293852431028415,-0.010837477744060329,-0.2779400517381021,-0.13696358642625986,0.11813659538119015,-0.39490317648154843,0.004666861399093488,0.0012801423473614,0.23876935818182743,-0.014250824197071202,0.0,0.011976703751967945,0.16443515821567098,-0.33129103723844855,-0.0043183347810999894,-0.07608645935281061,-0.07137317208132618,0.0,0.0,-0.6972813349799434,0.0,0.0,0.0,0.0,0.0,0.0
0.3902139443505937,-0.30366432039069285,-1.3033153489151097,0.09289769366025037,0.004053867024714887,-0.006592320784440485,-0.677665125179274,-0.18721041111005424,-0.11370370547914509,-0.3615893176363677,0.00687926197169202,0.002028219302212671,0.2432370944348082,-0.010141450043760512,0.0,0.02881787491915585,0.06302580997015549,-0.228871795033307,-0.004249071191187659,-0.17664080578068458,0.16614132597831358,0.0,0.0,-0.29279490300655536,0.0,0.0,0.0,0.0,0.0,0.0
0.3902139443505937,0.6211181573447795,4.051072016105147,0.14793432819882912,0.007384153729179108,0.08688246918116677,0.8198965826577664,0.6423702873572067,-0.10108069716944004,0.10679887952130582,0.0014368306748084132,0.00046809981584074395,0.25735342663115685,-0.00449758477817356,0.0,0.013084339363609105,-0.026805670004531358,-0.008832665617639613,-0.0022596763450087676,0.016523382587927644,0.041858091600494064,0.0,0.0,-0.026395231466890042,0.0,0.0,0.0,0.0,0.0,0.0
0.3902139443505937,-0.03802366229424428,-0.8255730006263745,0.3365800029240149,-0.0023896459370665014,0.05286442443133447,1.1286973355731142,0.2260283562202841,0.0159202084139392,0.2251195307574972,0.0029171644881983766,0.0009272784323386384,0.27133338622709224,-0.012875101680128263,0.0,0.007236975104368292,0.023565071663254163,0.07104044224507462,-0.0015672536759150733,0.0030332395300607423,0.1704240173383953,0.0,0.0,0.10583045583596266,0.0,0.0,0.0,0.0,0.0,0.0
0.3902139443505937,0.2902792351045651,-2.0967328935204215,0.17523223306406016,-0.0012615762048875788,0.029382245013873248,0.3483999096460904,0.13077406884611256,-0.0036556692979841455,0.1430697016472699,0.006511173153914417,0.002352291627429733,0.2638768643928597,-0.00834532376403608,0.0,-0.0013605818266166402,-0.22957049555378667,-0.015038587200615938,-0.0017390851619206726,0.006571555816949403,0.03991872632330524,0.0,0.0,0.07756238275858894,0.0,0.0,0.0,0.0,0.0,0.0
0.3902139443505937,-0.3278433892372132,-1.724954791300569,0.022490524781197938,0.0031912669954827964,0.03661946301355501,0.31923260837357803,0.08722042774301411,-0.014549931074867087,0.12716963915868915,0.004646771257547781,0.0019329248458816713,0.2612322830505982,-0.0037979352661063454,0.0,0.013118399193651044,-0.3430057914547426,0.004229392132451365,-0.001610440843174265,0.005106780152760026,0.04655231814727532,0.0,0.0,0.005011802922511688,0.0,0.0,0.0,0.0,0.0,0.0
0.3902139443505937,-0.254864692426401,4.461076803475853,0.17382751679727929,0.012804696247908748,0.04524993343768748,1.2551454650581528,0.6213887109231381,-0.04638391114502452,0.1257836653744581,0.0011307869432320451,0.00048286462008796216,0.2550515789696691,-0.005783804735770857,0.0,0.0182399139236669,0.04819426359222716,0.041842479590771184,-0.002099079507182031,0.028498066412674036,0.11512104562380884,0.0,0.0,0.04547335507256258,0.0,0.0,0.0,0.0,0.0,0.0
0.3902139443505937,1.5898161188625672,-1.6248297006795644,0.48161712744920265,0.004089281706108814,0.016312076114579584,-0.2592646459897762,-0.09959504774203592,0.044470905558495505,0.04581884720399451,0.0025403170526034666,0.0018246642000892136,0.2686497899634679,-0.009713376682826659,0.0,-0.0006520539684599427,0.036762877608466665,-0.023931526167241545,-0.0019853756079207703,0.043682319951326376,1.3837144544378404,0.0,0.0,0.0744674128348804,0.0,0.0,0.0,0.0,0.0,0.0
0.3902139443505937,-0.1254100471424925,3.180510184270978,0.4048017625846009,-0.002184450001627082,0.023925056987724184,2.1484389058311337,0.29439231008604233,-0.05454014955035437,0.1292547040759948,0.0007882241238988209,0.0009872070565532494,0.2572933645005032,-0.0051421840916095925,0.0,0.020164811320021146,-0.1259804876981509,0.03738419881962119,-0.0015993321928276212,0.023881219652497204,0.1032632322204728,0.0,0.0,0.03893438875271164,0.0,0.0,0.0,0.0,0.0,0.0
0.3902139443505937,-0.2610714574984723,-1.2175183739347806,-0.3539135540118987,0.004154103622782379,-0.05466633967637282,-0.3896319312611432,-0.18027006669537193,0.0007014292359929185,0.02464428949288034,-0.003283160498959866,-0.0007581848634593522,0.22671830179082367,-0.01960665249013023,0.0,0.00371121252930533,-0.02154093836105195,-0.3141617988099727,-0.0011819852688886795,0.005929481894249956,-1.228547376275289,0.0,0.0,0.04273994500705671,0.0,0.0,0.0,0.0,0.0,0.0
0.3902139443505937,1.5565986938164864,3.004230556917669,-0.2569822865621216,0.008516913748020464,-0.26740475782321915,2.462697676402917,0.08501250308902172,-0.061907550282401615,0.09930339909722084,0.0016236864183688693,0.0009522654430240742,0.24610460844596407,-0.005247320985783185,0.0,0.01688360556220845,-0.12234480978532268,0.010261970211401588,-0.0019916579618512943,0.01608212696158041,0.03451488595815353,0.0,0.0,0.023833801735405558,0.0,0.0,0.0,0.0,0.0,0.0
0.3902139443505937,2.5298503432459536,0.4356672856247649,0.5075666652554304,-0.017989534889449967,0.05881785306958243,0.6115637301528485,0.3455776876242552,-0.07831586674298366,0.10208262764330592,0.0022981128989314013,0.001241959317717349,0.30430660911840024,-0.003180253990946418,0.0,0.010430685347330828,0.047826415503970814,-0.01941255791567534,-0.0015319100179127815,0.015560490944813616,0.05721494440875138,0.0,0.0,-0.006675560368652345,0.0,0.0,0.0,0.0,0.0,0.0
0.3902139443505937,-0.663643750815466,-1.4549849128682406,-0.09249780401394218,0.002623788838627948,0.016494805347897858,-0.47568633238165065,-0.17501580701192224,0.049215321706295806,-0.014827557104036347,-0.0034777954666699823,-0.0012517968810239468,0.2088573346258731,-0.014740795842438962,0.0,0.0010981003945618102,0.11266749122157632,-0.041563289594784454,-0.0013869471947451075,0.0446113098081503,-0.042616804484821705,0.0,0.0,-1.2663281538727138,0.0,0.0,0.0,0.0,0.0,0.0
0.3902139443505937,-0.13118313988945474,3.950907099049191,-0.36170360574520005,-0.06669112752178157,0.02164041107314983,2.12910936503623,0.48981638240232583,-0.02954688025731457,0.13106692331961145,0.0014255397697831955,0.0006639880741835202,0.2532001993860781,-0.007425625586509413,0.0,0.018347402609727215,-0.0965434967465837,0.043733210382650975,-0.001585543920719252,0.02091722849169492,0.11437624159888286,0.0,0.0,0.053353713894827376,0.0,0.0,0.0,0.0,0.0,0.0
0.3902139443505937,0.33929404739848,-1.5267412887781764,0.16196575598789537,0.004129476694178467,0.01023863714476137,-0.3102326311464422,-0.13827811802980475,-0.06599473472057321,-0.37019356915118606,0.007473898786056016,0.0023102273493673543,0.2630032769753839,-0.0089189198984426,0.0,0.004762375020395451,0.09085881552398786,0.3671507908357236,-0.005697105450248573,0.030562564133292554,0.04623444445977924,0.0,0.0,0.21895731538560154,0.0,0.0,0.0,0.0,0.0,0.0
0.3902139443505937,0.154810940964045,-1.090140461406573,-0.22870950976243518,0.005772668827383824,-0.0338629661037176,-0.2661544445365428,-0.08315942661578155,0.16893231136580106,-0.22880407270117292,0.009765180733899424,0.0024602917966984406,0.2515721666331468,-0.010395825981913959,0.0,0.03567945437222209,0.10755739761022377,-0.12561010791867794,-0.006038309042088591,-0.041645510966091474,0.41970614817730745,0.0,0.0,0.20142189966770177,0.0,0.0,0.0,0.0,0.0,0.0
0.3902139443505937,-0.29606808920008465,-1.3707480589372862,-0.042465085470375086,0.006088931815335015,-0.008171873027280329,-0.5064928343391984,-0.1700279505088051,0.02601800912618867,0.019072199018728902,0.003226127078497594,0.0006849696479206441,0.2127304048928304,-0.017614585053190683,0.0,0.001047086239966123,-0.14356361774847087,-0.19896834877719127,-0.0012233192827340014,-0.048142434174098636,-0.261489947195275,0.0,0.0,-0.8946971867828536,0.0,0.0,0.0,0.0,0.0,0.0
0.3902139443505937,-0.7424693450403708,-1.2452624010719489,-0.3890699679857965,0.0028361174482538277,0.03444372399559116,0.9117886477496143,0.15337251855715367,0.005288479508068852,0.11568370661550663,0.005121114903851066,0.0018700399013809102,0.24964719967631402,-0.011597449922554053,0.0,0.016678725881327724,-0.04071214624673744,0.035368670282358405,-0.0018618397307360159,0.023833002222285782,0.10998262643684592,0.0,0.0,0.06010518029403284,0.0,0.0,0.0,0.0,0.0,0.0
